date,state,location,fuel_type,price_cpl
2025-12-10,NSW,Newcastle,diesel,163.8
2025-12-10,NSW,Sydney,diesel,163.7
2025-12-10,NSW,Sydney,e10,162.7
2025-12-10,NSW,Sydney,p95,170.5
2025-12-10,NSW,Sydney,p98,184.6
2025-12-10,NSW,Sydney,ulp91,162.3
2025-12-10,NT,Darwin,diesel,169.3
2025-12-10,NT,Darwin,p95,176.1
2025-12-10,NT,Darwin,ulp91,166.8
2025-12-10,QLD,Brisbane,b5,170.8
2025-12-10,QLD,Brisbane,diesel,162.4
2025-12-10,QLD,Brisbane,e10,161.7
2025-12-10,QLD,Brisbane,p95,168.6
2025-12-10,QLD,Brisbane,p98,183.0
2025-12-10,QLD,Brisbane,ulp91,160.5
2025-12-10,QLD,Cairns,diesel,168.0
2025-12-10,QLD,Cairns,p95,181.0
2025-12-10,QLD,Cairns,ulp91,166.9
2025-12-10,QLD,Gladstone,diesel,166.2
2025-12-10,QLD,Gladstone,p95,174.6
2025-12-10,QLD,Gladstone,ulp91,166.4
2025-12-10,QLD,Mackay,diesel,166.4
2025-12-10,QLD,Mackay,ulp91,167.0
2025-12-10,QLD,Townsville,diesel,167.4
2025-12-10,QLD,Townsville,p95,176.2
2025-12-10,QLD,Townsville,p98,193.4
2025-12-10,QLD,Townsville,ulp91,166.2
2025-12-10,QLD,Weipa,diesel,177.2
2025-12-10,QLD,Weipa,ulp91,189.3
2025-12-10,SA,Adelaide,diesel,164.2
2025-12-10,SA,Adelaide,e10,163.4
2025-12-10,SA,Adelaide,p95,171.1
2025-12-10,SA,Adelaide,p98,186.4
2025-12-10,SA,Adelaide,ulp91,161.7
2025-12-10,SA,Port Lincoln,diesel,171.3
2025-12-10,SA,Port Lincoln,p98,195.6
2025-12-10,SA,Port Lincoln,ulp91,168.0
2025-12-10,TAS,Devonport,diesel,169.9
2025-12-10,TAS,Devonport,p95,176.8
2025-12-10,TAS,Devonport,ulp91,166.2
2025-12-10,TAS,Hobart,diesel,169.2
2025-12-10,TAS,Hobart,p95,176.9
2025-12-10,TAS,Hobart,p98,192.9
2025-12-10,TAS,Hobart,ulp91,166.3
2025-12-10,VIC,Geelong,diesel,162.8
2025-12-10,VIC,Geelong,p95,167.7
2025-12-10,VIC,Geelong,p98,182.4
2025-12-10,VIC,Geelong,ulp91,159.7
2025-12-10,VIC,Melbourne,diesel,162.8
2025-12-10,VIC,Melbourne,e10,160.8
2025-12-10,VIC,Melbourne,p95,167.7
2025-12-10,VIC,Melbourne,p98,182.4
2025-12-10,VIC,Melbourne,ulp91,159.7
2025-12-10,WA,Broome,diesel,194.2
2025-12-10,WA,Broome,p95,215.7
2025-12-10,WA,Broome,ulp91,205.8
2025-12-10,WA,Cocos Island,diesel,213.4
2025-12-10,WA,Cocos Island,p95,377.6
2025-12-10,WA,Dampier,diesel,184.0
2025-12-10,WA,Esperance,diesel,166.9
2025-12-10,WA,King Bay,diesel,184.0
2025-12-10,WA,Perth,diesel,163.2
2025-12-10,WA,Perth,p95,173.7
2025-12-10,WA,Perth,p98,188.2
2025-12-10,WA,Perth,ulp91,161.5
2025-12-10,WA,Port Hedland,diesel,191.5
2025-12-10,WA,Port Hedland,ulp91,188.9
2025-12-11,NSW,Newcastle,diesel,163.2
2025-12-11,NSW,Sydney,diesel,163.2
2025-12-11,NSW,Sydney,e10,162.1
2025-12-11,NSW,Sydney,p95,169.7
2025-12-11,NSW,Sydney,p98,183.9
2025-12-11,NSW,Sydney,ulp91,161.7
2025-12-11,NT,Darwin,diesel,168.8
2025-12-11,NT,Darwin,p95,175.4
2025-12-11,NT,Darwin,ulp91,166.2
2025-12-11,QLD,Brisbane,b5,170.3
2025-12-11,QLD,Brisbane,diesel,161.9
2025-12-11,QLD,Brisbane,e10,161.0
2025-12-11,QLD,Brisbane,p95,167.8
2025-12-11,QLD,Brisbane,p98,182.2
2025-12-11,QLD,Brisbane,ulp91,159.9
2025-12-11,QLD,Cairns,diesel,167.4
2025-12-11,QLD,Cairns,p95,180.2
2025-12-11,QLD,Cairns,ulp91,166.2
2025-12-11,QLD,Gladstone,diesel,165.7
2025-12-11,QLD,Gladstone,p95,173.8
2025-12-11,QLD,Gladstone,ulp91,165.7
2025-12-11,QLD,Mackay,diesel,165.9
2025-12-11,QLD,Mackay,ulp91,166.3
2025-12-11,QLD,Townsville,diesel,166.9
2025-12-11,QLD,Townsville,p95,175.4
2025-12-11,QLD,Townsville,p98,192.6
2025-12-11,QLD,Townsville,ulp91,165.6
2025-12-11,QLD,Weipa,diesel,176.8
2025-12-11,QLD,Weipa,ulp91,188.7
2025-12-11,SA,Adelaide,diesel,163.7
2025-12-11,SA,Adelaide,e10,162.8
2025-12-11,SA,Adelaide,p95,170.3
2025-12-11,SA,Adelaide,p98,185.7
2025-12-11,SA,Adelaide,ulp91,161.0
2025-12-11,SA,Port Lincoln,diesel,170.8
2025-12-11,SA,Port Lincoln,p98,194.8
2025-12-11,SA,Port Lincoln,ulp91,167.4
2025-12-11,TAS,Devonport,diesel,169.4
2025-12-11,TAS,Devonport,p95,176.1
2025-12-11,TAS,Devonport,ulp91,165.5
2025-12-11,TAS,Hobart,diesel,168.7
2025-12-11,TAS,Hobart,p95,176.1
2025-12-11,TAS,Hobart,p98,192.2
2025-12-11,TAS,Hobart,ulp91,165.6
2025-12-11,VIC,Geelong,diesel,162.2
2025-12-11,VIC,Geelong,p95,167.0
2025-12-11,VIC,Geelong,p98,181.7
2025-12-11,VIC,Geelong,ulp91,159.0
2025-12-11,VIC,Melbourne,diesel,162.2
2025-12-11,VIC,Melbourne,e10,160.2
2025-12-11,VIC,Melbourne,p95,167.0
2025-12-11,VIC,Melbourne,p98,181.7
2025-12-11,VIC,Melbourne,ulp91,159.0
2025-12-11,WA,Broome,diesel,193.7
2025-12-11,WA,Broome,p95,215.0
2025-12-11,WA,Broome,ulp91,205.1
2025-12-11,WA,Cocos Island,diesel,212.9
2025-12-11,WA,Cocos Island,p95,376.9
2025-12-11,WA,Dampier,diesel,183.5
2025-12-11,WA,Esperance,diesel,166.4
2025-12-11,WA,King Bay,diesel,183.5
2025-12-11,WA,Perth,diesel,162.7
2025-12-11,WA,Perth,p95,172.9
2025-12-11,WA,Perth,p98,187.4
2025-12-11,WA,Perth,ulp91,160.8
2025-12-11,WA,Port Hedland,diesel,191.0
2025-12-11,WA,Port Hedland,ulp91,188.2
2025-12-12,NSW,Newcastle,diesel,162.4
2025-12-12,NSW,Sydney,diesel,162.3
2025-12-12,NSW,Sydney,e10,161.1
2025-12-12,NSW,Sydney,p95,168.7
2025-12-12,NSW,Sydney,p98,182.8
2025-12-12,NSW,Sydney,ulp91,160.7
2025-12-12,NT,Darwin,diesel,168.0
2025-12-12,NT,Darwin,p95,174.4
2025-12-12,NT,Darwin,ulp91,165.2
2025-12-12,QLD,Brisbane,b5,169.5
2025-12-12,QLD,Brisbane,diesel,161.1
2025-12-12,QLD,Brisbane,e10,160.0
2025-12-12,QLD,Brisbane,p95,166.9
2025-12-12,QLD,Brisbane,p98,181.2
2025-12-12,QLD,Brisbane,ulp91,158.9
2025-12-12,QLD,Cairns,diesel,166.6
2025-12-12,QLD,Cairns,p95,179.2
2025-12-12,QLD,Cairns,ulp91,165.2
2025-12-12,QLD,Gladstone,diesel,164.9
2025-12-12,QLD,Gladstone,p95,172.8
2025-12-12,QLD,Gladstone,ulp91,164.7
2025-12-12,QLD,Mackay,diesel,165.0
2025-12-12,QLD,Mackay,ulp91,165.3
2025-12-12,QLD,Townsville,diesel,166.1
2025-12-12,QLD,Townsville,p95,174.4
2025-12-12,QLD,Townsville,p98,191.6
2025-12-12,QLD,Townsville,ulp91,164.6
2025-12-12,QLD,Weipa,diesel,175.8
2025-12-12,QLD,Weipa,ulp91,187.7
2025-12-12,SA,Adelaide,diesel,162.9
2025-12-12,SA,Adelaide,e10,161.8
2025-12-12,SA,Adelaide,p95,169.3
2025-12-12,SA,Adelaide,p98,184.6
2025-12-12,SA,Adelaide,ulp91,160.0
2025-12-12,SA,Port Lincoln,diesel,169.9
2025-12-12,SA,Port Lincoln,p98,193.8
2025-12-12,SA,Port Lincoln,ulp91,166.4
2025-12-12,TAS,Devonport,diesel,168.5
2025-12-12,TAS,Devonport,p95,175.1
2025-12-12,TAS,Devonport,ulp91,164.5
2025-12-12,TAS,Hobart,diesel,167.9
2025-12-12,TAS,Hobart,p95,175.1
2025-12-12,TAS,Hobart,p98,191.1
2025-12-12,TAS,Hobart,ulp91,164.6
2025-12-12,VIC,Geelong,diesel,161.4
2025-12-12,VIC,Geelong,p95,166.0
2025-12-12,VIC,Geelong,p98,180.7
2025-12-12,VIC,Geelong,ulp91,158.0
2025-12-12,VIC,Melbourne,diesel,161.4
2025-12-12,VIC,Melbourne,e10,159.2
2025-12-12,VIC,Melbourne,p95,166.0
2025-12-12,VIC,Melbourne,p98,180.7
2025-12-12,VIC,Melbourne,ulp91,158.0
2025-12-12,WA,Broome,diesel,192.8
2025-12-12,WA,Broome,p95,213.7
2025-12-12,WA,Broome,ulp91,203.8
2025-12-12,WA,Cocos Island,diesel,212.2
2025-12-12,WA,Cocos Island,p95,376.1
2025-12-12,WA,Dampier,diesel,182.7
2025-12-12,WA,Esperance,diesel,165.5
2025-12-12,WA,King Bay,diesel,182.7
2025-12-12,WA,Perth,diesel,161.8
2025-12-12,WA,Perth,p95,172.0
2025-12-12,WA,Perth,p98,186.5
2025-12-12,WA,Perth,ulp91,159.9
2025-12-12,WA,Port Hedland,diesel,190.1
2025-12-12,WA,Port Hedland,ulp91,187.1
2025-12-13,NSW,Newcastle,diesel,161.8
2025-12-13,NSW,Sydney,diesel,161.7
2025-12-13,NSW,Sydney,e10,160.6
2025-12-13,NSW,Sydney,p95,168.3
2025-12-13,NSW,Sydney,p98,182.4
2025-12-13,NSW,Sydney,ulp91,160.2
2025-12-13,NT,Darwin,diesel,167.4
2025-12-13,NT,Darwin,p95,174.0
2025-12-13,NT,Darwin,ulp91,164.8
2025-12-13,QLD,Brisbane,b5,168.9
2025-12-13,QLD,Brisbane,diesel,160.5
2025-12-13,QLD,Brisbane,e10,159.6
2025-12-13,QLD,Brisbane,p95,166.4
2025-12-13,QLD,Brisbane,p98,180.8
2025-12-13,QLD,Brisbane,ulp91,158.4
2025-12-13,QLD,Cairns,diesel,166.0
2025-12-13,QLD,Cairns,p95,178.8
2025-12-13,QLD,Cairns,ulp91,164.8
2025-12-13,QLD,Gladstone,diesel,164.2
2025-12-13,QLD,Gladstone,p95,172.3
2025-12-13,QLD,Gladstone,ulp91,164.2
2025-12-13,QLD,Mackay,diesel,164.4
2025-12-13,QLD,Mackay,ulp91,164.8
2025-12-13,QLD,Townsville,diesel,165.4
2025-12-13,QLD,Townsville,p95,174.0
2025-12-13,QLD,Townsville,p98,191.1
2025-12-13,QLD,Townsville,ulp91,164.1
2025-12-13,QLD,Weipa,diesel,175.2
2025-12-13,QLD,Weipa,ulp91,187.2
2025-12-13,SA,Adelaide,diesel,162.2
2025-12-13,SA,Adelaide,e10,161.3
2025-12-13,SA,Adelaide,p95,168.9
2025-12-13,SA,Adelaide,p98,184.2
2025-12-13,SA,Adelaide,ulp91,159.5
2025-12-13,SA,Port Lincoln,diesel,169.3
2025-12-13,SA,Port Lincoln,p98,193.3
2025-12-13,SA,Port Lincoln,ulp91,165.9
2025-12-13,TAS,Devonport,diesel,167.9
2025-12-13,TAS,Devonport,p95,174.6
2025-12-13,TAS,Devonport,ulp91,164.1
2025-12-13,TAS,Hobart,diesel,167.2
2025-12-13,TAS,Hobart,p95,174.7
2025-12-13,TAS,Hobart,p98,190.7
2025-12-13,TAS,Hobart,ulp91,164.2
2025-12-13,VIC,Geelong,diesel,160.8
2025-12-13,VIC,Geelong,p95,165.6
2025-12-13,VIC,Geelong,p98,180.2
2025-12-13,VIC,Geelong,ulp91,157.6
2025-12-13,VIC,Melbourne,diesel,160.8
2025-12-13,VIC,Melbourne,e10,158.7
2025-12-13,VIC,Melbourne,p95,165.6
2025-12-13,VIC,Melbourne,p98,180.2
2025-12-13,VIC,Melbourne,ulp91,157.6
2025-12-13,WA,Broome,diesel,192.2
2025-12-13,WA,Broome,p95,213.1
2025-12-13,WA,Broome,ulp91,203.3
2025-12-13,WA,Cocos Island,diesel,211.6
2025-12-13,WA,Cocos Island,p95,375.7
2025-12-13,WA,Dampier,diesel,182.1
2025-12-13,WA,Esperance,diesel,164.9
2025-12-13,WA,King Bay,diesel,182.1
2025-12-13,WA,Perth,diesel,161.2
2025-12-13,WA,Perth,p95,171.5
2025-12-13,WA,Perth,p98,186.0
2025-12-13,WA,Perth,ulp91,159.4
2025-12-13,WA,Port Hedland,diesel,189.5
2025-12-13,WA,Port Hedland,ulp91,186.5
2025-12-16,NSW,Newcastle,diesel,161.0
2025-12-16,NSW,Sydney,diesel,161.0
2025-12-16,NSW,Sydney,e10,160.5
2025-12-16,NSW,Sydney,p95,168.1
2025-12-16,NSW,Sydney,p98,182.2
2025-12-16,NSW,Sydney,ulp91,160.0
2025-12-16,NT,Darwin,diesel,166.7
2025-12-16,NT,Darwin,p95,173.8
2025-12-16,NT,Darwin,ulp91,164.6
2025-12-16,QLD,Brisbane,b5,168.2
2025-12-16,QLD,Brisbane,diesel,159.7
2025-12-16,QLD,Brisbane,e10,159.4
2025-12-16,QLD,Brisbane,p95,166.3
2025-12-16,QLD,Brisbane,p98,180.6
2025-12-16,QLD,Brisbane,ulp91,158.3
2025-12-16,QLD,Cairns,diesel,165.2
2025-12-16,QLD,Cairns,p95,178.6
2025-12-16,QLD,Cairns,ulp91,164.6
2025-12-16,QLD,Gladstone,diesel,163.5
2025-12-16,QLD,Gladstone,p95,172.2
2025-12-16,QLD,Gladstone,ulp91,164.0
2025-12-16,QLD,Mackay,diesel,163.7
2025-12-16,QLD,Mackay,ulp91,164.7
2025-12-16,QLD,Townsville,diesel,164.7
2025-12-16,QLD,Townsville,p95,173.8
2025-12-16,QLD,Townsville,p98,190.9
2025-12-16,QLD,Townsville,ulp91,163.9
2025-12-16,QLD,Weipa,diesel,174.5
2025-12-16,QLD,Weipa,ulp91,187.0
2025-12-16,SA,Adelaide,diesel,161.5
2025-12-16,SA,Adelaide,e10,161.1
2025-12-16,SA,Adelaide,p95,168.8
2025-12-16,SA,Adelaide,p98,184.0
2025-12-16,SA,Adelaide,ulp91,159.4
2025-12-16,SA,Port Lincoln,diesel,168.6
2025-12-16,SA,Port Lincoln,p98,193.2
2025-12-16,SA,Port Lincoln,ulp91,165.7
2025-12-16,TAS,Devonport,diesel,167.2
2025-12-16,TAS,Devonport,p95,174.5
2025-12-16,TAS,Devonport,ulp91,163.9
2025-12-16,TAS,Hobart,diesel,166.5
2025-12-16,TAS,Hobart,p95,174.5
2025-12-16,TAS,Hobart,p98,190.5
2025-12-16,TAS,Hobart,ulp91,164.0
2025-12-16,VIC,Geelong,diesel,160.1
2025-12-16,VIC,Geelong,p95,165.4
2025-12-16,VIC,Geelong,p98,180.1
2025-12-16,VIC,Geelong,ulp91,157.4
2025-12-16,VIC,Melbourne,diesel,160.1
2025-12-16,VIC,Melbourne,e10,158.6
2025-12-16,VIC,Melbourne,p95,165.4
2025-12-16,VIC,Melbourne,p98,180.1
2025-12-16,VIC,Melbourne,ulp91,157.4
2025-12-16,WA,Broome,diesel,191.5
2025-12-16,WA,Broome,p95,212.9
2025-12-16,WA,Broome,ulp91,203.0
2025-12-16,WA,Cocos Island,diesel,210.9
2025-12-16,WA,Cocos Island,p95,375.5
2025-12-16,WA,Dampier,diesel,181.3
2025-12-16,WA,Esperance,diesel,164.2
2025-12-16,WA,King Bay,diesel,181.3
2025-12-16,WA,Perth,diesel,160.5
2025-12-16,WA,Perth,p95,171.4
2025-12-16,WA,Perth,p98,185.9
2025-12-16,WA,Perth,ulp91,159.2
2025-12-16,WA,Port Hedland,diesel,188.8
2025-12-16,WA,Port Hedland,ulp91,186.3
2025-12-17,NSW,Newcastle,diesel,160.3
2025-12-17,NSW,Sydney,diesel,160.2
2025-12-17,NSW,Sydney,e10,160.2
2025-12-17,NSW,Sydney,p95,167.9
2025-12-17,NSW,Sydney,p98,182.0
2025-12-17,NSW,Sydney,ulp91,159.8
2025-12-17,NT,Darwin,diesel,165.9
2025-12-17,NT,Darwin,p95,173.6
2025-12-17,NT,Darwin,ulp91,164.3
2025-12-17,QLD,Brisbane,b5,167.5
2025-12-17,QLD,Brisbane,diesel,159.0
2025-12-17,QLD,Brisbane,e10,159.2
2025-12-17,QLD,Brisbane,p95,166.0
2025-12-17,QLD,Brisbane,p98,180.3
2025-12-17,QLD,Brisbane,ulp91,158.0
2025-12-17,QLD,Cairns,diesel,164.5
2025-12-17,QLD,Cairns,p95,178.4
2025-12-17,QLD,Cairns,ulp91,164.3
2025-12-17,QLD,Gladstone,diesel,162.8
2025-12-17,QLD,Gladstone,p95,171.9
2025-12-17,QLD,Gladstone,ulp91,163.8
2025-12-17,QLD,Mackay,diesel,162.9
2025-12-17,QLD,Mackay,ulp91,164.4
2025-12-17,QLD,Townsville,diesel,164.0
2025-12-17,QLD,Townsville,p95,173.6
2025-12-17,QLD,Townsville,p98,190.7
2025-12-17,QLD,Townsville,ulp91,163.7
2025-12-17,QLD,Weipa,diesel,173.7
2025-12-17,QLD,Weipa,ulp91,186.8
2025-12-17,SA,Adelaide,diesel,160.8
2025-12-17,SA,Adelaide,e10,160.9
2025-12-17,SA,Adelaide,p95,168.5
2025-12-17,SA,Adelaide,p98,183.8
2025-12-17,SA,Adelaide,ulp91,159.1
2025-12-17,SA,Port Lincoln,diesel,167.8
2025-12-17,SA,Port Lincoln,p98,192.9
2025-12-17,SA,Port Lincoln,ulp91,165.5
2025-12-17,TAS,Devonport,diesel,166.4
2025-12-17,TAS,Devonport,p95,174.2
2025-12-17,TAS,Devonport,ulp91,163.7
2025-12-17,TAS,Hobart,diesel,165.8
2025-12-17,TAS,Hobart,p95,174.3
2025-12-17,TAS,Hobart,p98,190.2
2025-12-17,TAS,Hobart,ulp91,163.7
2025-12-17,VIC,Geelong,diesel,159.3
2025-12-17,VIC,Geelong,p95,165.2
2025-12-17,VIC,Geelong,p98,179.8
2025-12-17,VIC,Geelong,ulp91,157.2
2025-12-17,VIC,Melbourne,diesel,159.3
2025-12-17,VIC,Melbourne,e10,158.3
2025-12-17,VIC,Melbourne,p95,165.2
2025-12-17,VIC,Melbourne,p98,179.8
2025-12-17,VIC,Melbourne,ulp91,157.2
2025-12-17,WA,Broome,diesel,190.7
2025-12-17,WA,Broome,p95,212.7
2025-12-17,WA,Broome,ulp91,202.8
2025-12-17,WA,Cocos Island,diesel,210.3
2025-12-17,WA,Cocos Island,p95,375.3
2025-12-17,WA,Dampier,diesel,180.6
2025-12-17,WA,Esperance,diesel,163.5
2025-12-17,WA,King Bay,diesel,180.6
2025-12-17,WA,Perth,diesel,159.7
2025-12-17,WA,Perth,p95,171.2
2025-12-17,WA,Perth,p98,185.6
2025-12-17,WA,Perth,ulp91,159.0
2025-12-17,WA,Port Hedland,diesel,188.1
2025-12-17,WA,Port Hedland,ulp91,186.1
2025-12-18,NSW,Newcastle,diesel,159.3
2025-12-18,NSW,Sydney,diesel,159.2
2025-12-18,NSW,Sydney,e10,159.8
2025-12-18,NSW,Sydney,p95,167.6
2025-12-18,NSW,Sydney,p98,181.7
2025-12-18,NSW,Sydney,ulp91,159.4
2025-12-18,NT,Darwin,diesel,164.9
2025-12-18,NT,Darwin,p95,173.3
2025-12-18,NT,Darwin,ulp91,163.9
2025-12-18,QLD,Brisbane,b5,166.6
2025-12-18,QLD,Brisbane,diesel,157.9
2025-12-18,QLD,Brisbane,e10,158.7
2025-12-18,QLD,Brisbane,p95,165.8
2025-12-18,QLD,Brisbane,p98,180.1
2025-12-18,QLD,Brisbane,ulp91,157.6
2025-12-18,QLD,Cairns,diesel,163.5
2025-12-18,QLD,Cairns,p95,178.1
2025-12-18,QLD,Cairns,ulp91,163.9
2025-12-18,QLD,Gladstone,diesel,161.7
2025-12-18,QLD,Gladstone,p95,171.7
2025-12-18,QLD,Gladstone,ulp91,163.4
2025-12-18,QLD,Mackay,diesel,161.9
2025-12-18,QLD,Mackay,ulp91,164.0
2025-12-18,QLD,Townsville,diesel,162.9
2025-12-18,QLD,Townsville,p95,173.3
2025-12-18,QLD,Townsville,p98,190.4
2025-12-18,QLD,Townsville,ulp91,163.2
2025-12-18,QLD,Weipa,diesel,172.7
2025-12-18,QLD,Weipa,ulp91,186.3
2025-12-18,SA,Adelaide,diesel,159.7
2025-12-18,SA,Adelaide,e10,160.5
2025-12-18,SA,Adelaide,p95,168.2
2025-12-18,SA,Adelaide,p98,183.5
2025-12-18,SA,Adelaide,ulp91,158.7
2025-12-18,SA,Port Lincoln,diesel,166.8
2025-12-18,SA,Port Lincoln,p98,192.7
2025-12-18,SA,Port Lincoln,ulp91,165.1
2025-12-18,TAS,Devonport,diesel,165.4
2025-12-18,TAS,Devonport,p95,174.0
2025-12-18,TAS,Devonport,ulp91,163.2
2025-12-18,TAS,Hobart,diesel,164.7
2025-12-18,TAS,Hobart,p95,174.0
2025-12-18,TAS,Hobart,p98,190.0
2025-12-18,TAS,Hobart,ulp91,163.3
2025-12-18,VIC,Geelong,diesel,158.3
2025-12-18,VIC,Geelong,p95,164.9
2025-12-18,VIC,Geelong,p98,179.5
2025-12-18,VIC,Geelong,ulp91,156.8
2025-12-18,VIC,Melbourne,diesel,158.3
2025-12-18,VIC,Melbourne,e10,157.9
2025-12-18,VIC,Melbourne,p95,164.9
2025-12-18,VIC,Melbourne,p98,179.5
2025-12-18,VIC,Melbourne,ulp91,156.8
2025-12-18,WA,Broome,diesel,189.7
2025-12-18,WA,Broome,p95,212.4
2025-12-18,WA,Broome,ulp91,202.4
2025-12-18,WA,Cocos Island,diesel,209.3
2025-12-18,WA,Cocos Island,p95,375.1
2025-12-18,WA,Dampier,diesel,179.5
2025-12-18,WA,Esperance,diesel,162.4
2025-12-18,WA,King Bay,diesel,179.5
2025-12-18,WA,Perth,diesel,158.7
2025-12-18,WA,Perth,p95,170.9
2025-12-18,WA,Perth,p98,185.3
2025-12-18,WA,Perth,ulp91,158.6
2025-12-18,WA,Port Hedland,diesel,187.0
2025-12-18,WA,Port Hedland,ulp91,185.7
2025-12-19,NSW,Newcastle,diesel,157.8
2025-12-19,NSW,Sydney,diesel,157.7
2025-12-19,NSW,Sydney,e10,158.7
2025-12-19,NSW,Sydney,p95,166.7
2025-12-19,NSW,Sydney,p98,180.8
2025-12-19,NSW,Sydney,ulp91,158.2
2025-12-19,NT,Darwin,diesel,164.0
2025-12-19,NT,Darwin,p95,172.4
2025-12-19,NT,Darwin,ulp91,162.8
2025-12-19,QLD,Brisbane,b5,165.1
2025-12-19,QLD,Brisbane,diesel,156.5
2025-12-19,QLD,Brisbane,e10,157.6
2025-12-19,QLD,Brisbane,p95,164.8
2025-12-19,QLD,Brisbane,p98,179.1
2025-12-19,QLD,Brisbane,ulp91,156.5
2025-12-19,QLD,Cairns,diesel,162.0
2025-12-19,QLD,Cairns,p95,177.2
2025-12-19,QLD,Cairns,ulp91,162.8
2025-12-19,QLD,Gladstone,diesel,160.3
2025-12-19,QLD,Gladstone,p95,170.7
2025-12-19,QLD,Gladstone,ulp91,162.3
2025-12-19,QLD,Mackay,diesel,160.4
2025-12-19,QLD,Mackay,ulp91,162.9
2025-12-19,QLD,Townsville,diesel,161.5
2025-12-19,QLD,Townsville,p95,172.4
2025-12-19,QLD,Townsville,p98,189.5
2025-12-19,QLD,Townsville,ulp91,162.2
2025-12-19,QLD,Weipa,diesel,171.2
2025-12-19,QLD,Weipa,ulp91,185.2
2025-12-19,SA,Adelaide,diesel,158.8
2025-12-19,SA,Adelaide,e10,159.4
2025-12-19,SA,Adelaide,p95,167.3
2025-12-19,SA,Adelaide,p98,182.6
2025-12-19,SA,Adelaide,ulp91,157.6
2025-12-19,SA,Port Lincoln,diesel,165.9
2025-12-19,SA,Port Lincoln,p98,191.7
2025-12-19,SA,Port Lincoln,ulp91,164.0
2025-12-19,TAS,Devonport,diesel,164.5
2025-12-19,TAS,Devonport,p95,173.0
2025-12-19,TAS,Devonport,ulp91,162.1
2025-12-19,TAS,Hobart,diesel,163.8
2025-12-19,TAS,Hobart,p95,173.1
2025-12-19,TAS,Hobart,p98,189.0
2025-12-19,TAS,Hobart,ulp91,162.2
2025-12-19,VIC,Geelong,diesel,156.8
2025-12-19,VIC,Geelong,p95,164.0
2025-12-19,VIC,Geelong,p98,178.6
2025-12-19,VIC,Geelong,ulp91,155.6
2025-12-19,VIC,Melbourne,diesel,156.8
2025-12-19,VIC,Melbourne,e10,156.8
2025-12-19,VIC,Melbourne,p95,164.0
2025-12-19,VIC,Melbourne,p98,178.6
2025-12-19,VIC,Melbourne,ulp91,155.6
2025-12-19,WA,Broome,diesel,188.8
2025-12-19,WA,Broome,p95,211.4
2025-12-19,WA,Broome,ulp91,201.3
2025-12-19,WA,Cocos Island,diesel,208.5
2025-12-19,WA,Cocos Island,p95,374.2
2025-12-19,WA,Dampier,diesel,178.6
2025-12-19,WA,Esperance,diesel,161.5
2025-12-19,WA,King Bay,diesel,178.6
2025-12-19,WA,Perth,diesel,157.8
2025-12-19,WA,Perth,p95,169.9
2025-12-19,WA,Perth,p98,184.4
2025-12-19,WA,Perth,ulp91,157.5
2025-12-19,WA,Port Hedland,diesel,186.1
2025-12-19,WA,Port Hedland,ulp91,184.6
2025-12-20,NSW,Newcastle,diesel,156.9
2025-12-20,NSW,Sydney,diesel,156.9
2025-12-20,NSW,Sydney,e10,157.7
2025-12-20,NSW,Sydney,p95,165.8
2025-12-20,NSW,Sydney,p98,179.9
2025-12-20,NSW,Sydney,ulp91,157.2
2025-12-20,NT,Darwin,diesel,163.1
2025-12-20,NT,Darwin,p95,171.5
2025-12-20,NT,Darwin,ulp91,161.8
2025-12-20,QLD,Brisbane,b5,164.3
2025-12-20,QLD,Brisbane,diesel,155.6
2025-12-20,QLD,Brisbane,e10,156.7
2025-12-20,QLD,Brisbane,p95,163.9
2025-12-20,QLD,Brisbane,p98,178.2
2025-12-20,QLD,Brisbane,ulp91,155.5
2025-12-20,QLD,Cairns,diesel,161.1
2025-12-20,QLD,Cairns,p95,176.3
2025-12-20,QLD,Cairns,ulp91,161.8
2025-12-20,QLD,Gladstone,diesel,159.4
2025-12-20,QLD,Gladstone,p95,169.8
2025-12-20,QLD,Gladstone,ulp91,161.3
2025-12-20,QLD,Mackay,diesel,159.6
2025-12-20,QLD,Mackay,ulp91,161.9
2025-12-20,QLD,Townsville,diesel,160.6
2025-12-20,QLD,Townsville,p95,171.5
2025-12-20,QLD,Townsville,p98,188.6
2025-12-20,QLD,Townsville,ulp91,161.2
2025-12-20,QLD,Weipa,diesel,170.4
2025-12-20,QLD,Weipa,ulp91,184.2
2025-12-20,SA,Adelaide,diesel,158.0
2025-12-20,SA,Adelaide,e10,158.4
2025-12-20,SA,Adelaide,p95,166.4
2025-12-20,SA,Adelaide,p98,181.7
2025-12-20,SA,Adelaide,ulp91,156.6
2025-12-20,SA,Port Lincoln,diesel,165.0
2025-12-20,SA,Port Lincoln,p98,190.8
2025-12-20,SA,Port Lincoln,ulp91,162.9
2025-12-20,TAS,Devonport,diesel,163.6
2025-12-20,TAS,Devonport,p95,172.1
2025-12-20,TAS,Devonport,ulp91,161.1
2025-12-20,TAS,Hobart,diesel,162.9
2025-12-20,TAS,Hobart,p95,172.2
2025-12-20,TAS,Hobart,p98,188.1
2025-12-20,TAS,Hobart,ulp91,161.2
2025-12-20,VIC,Geelong,diesel,156.0
2025-12-20,VIC,Geelong,p95,163.1
2025-12-20,VIC,Geelong,p98,177.7
2025-12-20,VIC,Geelong,ulp91,154.7
2025-12-20,VIC,Melbourne,diesel,156.0
2025-12-20,VIC,Melbourne,e10,155.8
2025-12-20,VIC,Melbourne,p95,163.1
2025-12-20,VIC,Melbourne,p98,177.7
2025-12-20,VIC,Melbourne,ulp91,154.7
2025-12-20,WA,Broome,diesel,187.9
2025-12-20,WA,Broome,p95,210.4
2025-12-20,WA,Broome,ulp91,200.1
2025-12-20,WA,Cocos Island,diesel,207.7
2025-12-20,WA,Cocos Island,p95,373.4
2025-12-20,WA,Dampier,diesel,177.8
2025-12-20,WA,Esperance,diesel,160.7
2025-12-20,WA,King Bay,diesel,177.8
2025-12-20,WA,Perth,diesel,156.9
2025-12-20,WA,Perth,p95,169.1
2025-12-20,WA,Perth,p98,183.5
2025-12-20,WA,Perth,ulp91,156.5
2025-12-20,WA,Port Hedland,diesel,185.3
2025-12-20,WA,Port Hedland,ulp91,183.5
2025-12-23,NSW,Newcastle,diesel,156.5
2025-12-23,NSW,Sydney,diesel,156.4
2025-12-23,NSW,Sydney,e10,156.7
2025-12-23,NSW,Sydney,p95,164.8
2025-12-23,NSW,Sydney,p98,179.0
2025-12-23,NSW,Sydney,ulp91,156.3
2025-12-23,NT,Darwin,diesel,162.7
2025-12-23,NT,Darwin,p95,170.6
2025-12-23,NT,Darwin,ulp91,160.9
2025-12-23,QLD,Brisbane,b5,163.9
2025-12-23,QLD,Brisbane,diesel,155.2
2025-12-23,QLD,Brisbane,e10,155.7
2025-12-23,QLD,Brisbane,p95,163.0
2025-12-23,QLD,Brisbane,p98,177.3
2025-12-23,QLD,Brisbane,ulp91,154.5
2025-12-23,QLD,Cairns,diesel,160.7
2025-12-23,QLD,Cairns,p95,175.3
2025-12-23,QLD,Cairns,ulp91,160.9
2025-12-23,QLD,Gladstone,diesel,159.0
2025-12-23,QLD,Gladstone,p95,168.9
2025-12-23,QLD,Gladstone,ulp91,160.3
2025-12-23,QLD,Mackay,diesel,159.1
2025-12-23,QLD,Mackay,ulp91,160.9
2025-12-23,QLD,Townsville,diesel,160.2
2025-12-23,QLD,Townsville,p95,170.5
2025-12-23,QLD,Townsville,p98,187.7
2025-12-23,QLD,Townsville,ulp91,160.2
2025-12-23,QLD,Weipa,diesel,169.9
2025-12-23,QLD,Weipa,ulp91,183.2
2025-12-23,SA,Adelaide,diesel,157.5
2025-12-23,SA,Adelaide,e10,157.4
2025-12-23,SA,Adelaide,p95,165.5
2025-12-23,SA,Adelaide,p98,180.8
2025-12-23,SA,Adelaide,ulp91,155.6
2025-12-23,SA,Port Lincoln,diesel,164.6
2025-12-23,SA,Port Lincoln,p98,189.9
2025-12-23,SA,Port Lincoln,ulp91,161.9
2025-12-23,TAS,Devonport,diesel,163.2
2025-12-23,TAS,Devonport,p95,171.2
2025-12-23,TAS,Devonport,ulp91,160.1
2025-12-23,TAS,Hobart,diesel,162.5
2025-12-23,TAS,Hobart,p95,171.2
2025-12-23,TAS,Hobart,p98,187.2
2025-12-23,TAS,Hobart,ulp91,160.2
2025-12-23,VIC,Geelong,diesel,155.5
2025-12-23,VIC,Geelong,p95,162.2
2025-12-23,VIC,Geelong,p98,176.8
2025-12-23,VIC,Geelong,ulp91,153.7
2025-12-23,VIC,Melbourne,diesel,155.5
2025-12-23,VIC,Melbourne,e10,154.8
2025-12-23,VIC,Melbourne,p95,162.2
2025-12-23,VIC,Melbourne,p98,176.8
2025-12-23,VIC,Melbourne,ulp91,153.7
2025-12-23,WA,Broome,diesel,187.4
2025-12-23,WA,Broome,p95,209.3
2025-12-23,WA,Broome,ulp91,198.9
2025-12-23,WA,Cocos Island,diesel,207.3
2025-12-23,WA,Cocos Island,p95,372.6
2025-12-23,WA,Dampier,diesel,177.4
2025-12-23,WA,Esperance,diesel,160.2
2025-12-23,WA,King Bay,diesel,177.4
2025-12-23,WA,Perth,diesel,156.5
2025-12-23,WA,Perth,p95,168.2
2025-12-23,WA,Perth,p98,182.6
2025-12-23,WA,Perth,ulp91,155.5
2025-12-23,WA,Port Hedland,diesel,184.8
2025-12-23,WA,Port Hedland,ulp91,182.4
2025-12-24,NSW,Newcastle,diesel,155.7
2025-12-24,NSW,Sydney,diesel,155.7
2025-12-24,NSW,Sydney,e10,155.6
2025-12-24,NSW,Sydney,p95,163.8
2025-12-24,NSW,Sydney,p98,177.9
2025-12-24,NSW,Sydney,ulp91,155.1
2025-12-24,NT,Darwin,diesel,161.9
2025-12-24,NT,Darwin,p95,169.5
2025-12-24,NT,Darwin,ulp91,159.8
2025-12-24,QLD,Brisbane,b5,163.2
2025-12-24,QLD,Brisbane,diesel,154.4
2025-12-24,QLD,Brisbane,e10,154.6
2025-12-24,QLD,Brisbane,p95,161.9
2025-12-24,QLD,Brisbane,p98,176.3
2025-12-24,QLD,Brisbane,ulp91,153.4
2025-12-24,QLD,Cairns,diesel,159.9
2025-12-24,QLD,Cairns,p95,174.3
2025-12-24,QLD,Cairns,ulp91,159.7
2025-12-24,QLD,Gladstone,diesel,158.2
2025-12-24,QLD,Gladstone,p95,167.8
2025-12-24,QLD,Gladstone,ulp91,159.1
2025-12-24,QLD,Mackay,diesel,158.4
2025-12-24,QLD,Mackay,ulp91,159.7
2025-12-24,QLD,Townsville,diesel,159.4
2025-12-24,QLD,Townsville,p95,169.5
2025-12-24,QLD,Townsville,p98,186.6
2025-12-24,QLD,Townsville,ulp91,159.1
2025-12-24,QLD,Weipa,diesel,169.1
2025-12-24,QLD,Weipa,ulp91,182.1
2025-12-24,SA,Adelaide,diesel,156.8
2025-12-24,SA,Adelaide,e10,156.3
2025-12-24,SA,Adelaide,p95,164.4
2025-12-24,SA,Adelaide,p98,179.7
2025-12-24,SA,Adelaide,ulp91,154.5
2025-12-24,SA,Port Lincoln,diesel,163.8
2025-12-24,SA,Port Lincoln,p98,188.9
2025-12-24,SA,Port Lincoln,ulp91,160.8
2025-12-24,TAS,Devonport,diesel,162.4
2025-12-24,TAS,Devonport,p95,170.1
2025-12-24,TAS,Devonport,ulp91,159.0
2025-12-24,TAS,Hobart,diesel,161.7
2025-12-24,TAS,Hobart,p95,170.2
2025-12-24,TAS,Hobart,p98,186.2
2025-12-24,TAS,Hobart,ulp91,159.1
2025-12-24,VIC,Geelong,diesel,154.8
2025-12-24,VIC,Geelong,p95,161.1
2025-12-24,VIC,Geelong,p98,175.8
2025-12-24,VIC,Geelong,ulp91,152.5
2025-12-24,VIC,Melbourne,diesel,154.8
2025-12-24,VIC,Melbourne,e10,153.7
2025-12-24,VIC,Melbourne,p95,161.1
2025-12-24,VIC,Melbourne,p98,175.8
2025-12-24,VIC,Melbourne,ulp91,152.5
2025-12-24,WA,Broome,diesel,186.6
2025-12-24,WA,Broome,p95,207.9
2025-12-24,WA,Broome,ulp91,197.5
2025-12-24,WA,Cocos Island,diesel,206.7
2025-12-24,WA,Cocos Island,p95,371.6
2025-12-24,WA,Dampier,diesel,176.7
2025-12-24,WA,Esperance,diesel,159.5
2025-12-24,WA,King Bay,diesel,176.7
2025-12-24,WA,Perth,diesel,155.8
2025-12-24,WA,Perth,p95,167.1
2025-12-24,WA,Perth,p98,181.6
2025-12-24,WA,Perth,ulp91,154.4
2025-12-24,WA,Port Hedland,diesel,184.1
2025-12-24,WA,Port Hedland,ulp91,181.1
2025-12-25,NSW,Newcastle,diesel,155.2
2025-12-25,NSW,Sydney,diesel,155.1
2025-12-25,NSW,Sydney,e10,154.8
2025-12-25,NSW,Sydney,p95,162.9
2025-12-25,NSW,Sydney,p98,177.0
2025-12-25,NSW,Sydney,ulp91,154.3
2025-12-25,NT,Darwin,diesel,161.5
2025-12-25,NT,Darwin,p95,168.7
2025-12-25,NT,Darwin,ulp91,158.9
2025-12-25,QLD,Brisbane,b5,162.7
2025-12-25,QLD,Brisbane,diesel,153.9
2025-12-25,QLD,Brisbane,e10,153.7
2025-12-25,QLD,Brisbane,p95,161.0
2025-12-25,QLD,Brisbane,p98,175.4
2025-12-25,QLD,Brisbane,ulp91,152.6
2025-12-25,QLD,Cairns,diesel,159.4
2025-12-25,QLD,Cairns,p95,173.3
2025-12-25,QLD,Cairns,ulp91,158.9
2025-12-25,QLD,Gladstone,diesel,157.7
2025-12-25,QLD,Gladstone,p95,166.9
2025-12-25,QLD,Gladstone,ulp91,158.3
2025-12-25,QLD,Mackay,diesel,157.9
2025-12-25,QLD,Mackay,ulp91,158.9
2025-12-25,QLD,Townsville,diesel,158.9
2025-12-25,QLD,Townsville,p95,168.5
2025-12-25,QLD,Townsville,p98,185.7
2025-12-25,QLD,Townsville,ulp91,158.2
2025-12-25,QLD,Weipa,diesel,168.5
2025-12-25,QLD,Weipa,ulp91,181.2
2025-12-25,SA,Adelaide,diesel,156.2
2025-12-25,SA,Adelaide,e10,155.4
2025-12-25,SA,Adelaide,p95,163.5
2025-12-25,SA,Adelaide,p98,178.8
2025-12-25,SA,Adelaide,ulp91,153.6
2025-12-25,SA,Port Lincoln,diesel,163.2
2025-12-25,SA,Port Lincoln,p98,188.0
2025-12-25,SA,Port Lincoln,ulp91,159.9
2025-12-25,TAS,Devonport,diesel,161.9
2025-12-25,TAS,Devonport,p95,169.2
2025-12-25,TAS,Devonport,ulp91,158.1
2025-12-25,TAS,Hobart,diesel,161.2
2025-12-25,TAS,Hobart,p95,169.2
2025-12-25,TAS,Hobart,p98,185.2
2025-12-25,TAS,Hobart,ulp91,158.2
2025-12-25,VIC,Geelong,diesel,154.3
2025-12-25,VIC,Geelong,p95,160.2
2025-12-25,VIC,Geelong,p98,174.8
2025-12-25,VIC,Geelong,ulp91,151.7
2025-12-25,VIC,Melbourne,diesel,154.3
2025-12-25,VIC,Melbourne,e10,152.9
2025-12-25,VIC,Melbourne,p95,160.2
2025-12-25,VIC,Melbourne,p98,174.8
2025-12-25,VIC,Melbourne,ulp91,151.7
2025-12-25,WA,Broome,diesel,186.1
2025-12-25,WA,Broome,p95,206.7
2025-12-25,WA,Broome,ulp91,196.3
2025-12-25,WA,Cocos Island,diesel,206.2
2025-12-25,WA,Cocos Island,p95,370.8
2025-12-25,WA,Dampier,diesel,176.2
2025-12-25,WA,Esperance,diesel,159.0
2025-12-25,WA,King Bay,diesel,176.2
2025-12-25,WA,Perth,diesel,155.3
2025-12-25,WA,Perth,p95,166.2
2025-12-25,WA,Perth,p98,180.7
2025-12-25,WA,Perth,ulp91,153.6
2025-12-25,WA,Port Hedland,diesel,183.6
2025-12-25,WA,Port Hedland,ulp91,180.0
2025-12-26,NSW,Newcastle,diesel,155.1
2025-12-26,NSW,Sydney,diesel,154.9
2025-12-26,NSW,Sydney,e10,154.4
2025-12-26,NSW,Sydney,p95,162.4
2025-12-26,NSW,Sydney,p98,176.5
2025-12-26,NSW,Sydney,ulp91,153.9
2025-12-26,NT,Darwin,diesel,161.3
2025-12-26,NT,Darwin,p95,168.2
2025-12-26,NT,Darwin,ulp91,158.6
2025-12-26,QLD,Brisbane,b5,162.5
2025-12-26,QLD,Brisbane,diesel,153.8
2025-12-26,QLD,Brisbane,e10,153.3
2025-12-26,QLD,Brisbane,p95,160.6
2025-12-26,QLD,Brisbane,p98,174.9
2025-12-26,QLD,Brisbane,ulp91,152.2
2025-12-26,QLD,Cairns,diesel,159.2
2025-12-26,QLD,Cairns,p95,172.9
2025-12-26,QLD,Cairns,ulp91,158.5
2025-12-26,QLD,Gladstone,diesel,157.5
2025-12-26,QLD,Gladstone,p95,166.5
2025-12-26,QLD,Gladstone,ulp91,157.9
2025-12-26,QLD,Mackay,diesel,157.7
2025-12-26,QLD,Mackay,ulp91,158.5
2025-12-26,QLD,Townsville,diesel,158.7
2025-12-26,QLD,Townsville,p95,168.1
2025-12-26,QLD,Townsville,p98,185.2
2025-12-26,QLD,Townsville,ulp91,157.8
2025-12-26,QLD,Weipa,diesel,168.3
2025-12-26,QLD,Weipa,ulp91,180.8
2025-12-26,SA,Adelaide,diesel,156.1
2025-12-26,SA,Adelaide,e10,155.1
2025-12-26,SA,Adelaide,p95,163.0
2025-12-26,SA,Adelaide,p98,178.3
2025-12-26,SA,Adelaide,ulp91,153.2
2025-12-26,SA,Port Lincoln,diesel,163.0
2025-12-26,SA,Port Lincoln,p98,187.5
2025-12-26,SA,Port Lincoln,ulp91,159.5
2025-12-26,TAS,Devonport,diesel,161.7
2025-12-26,TAS,Devonport,p95,168.7
2025-12-26,TAS,Devonport,ulp91,157.7
2025-12-26,TAS,Hobart,diesel,161.0
2025-12-26,TAS,Hobart,p95,168.8
2025-12-26,TAS,Hobart,p98,184.8
2025-12-26,TAS,Hobart,ulp91,157.8
2025-12-26,VIC,Geelong,diesel,154.1
2025-12-26,VIC,Geelong,p95,159.7
2025-12-26,VIC,Geelong,p98,174.4
2025-12-26,VIC,Geelong,ulp91,151.3
2025-12-26,VIC,Melbourne,diesel,154.1
2025-12-26,VIC,Melbourne,e10,152.5
2025-12-26,VIC,Melbourne,p95,159.7
2025-12-26,VIC,Melbourne,p98,174.4
2025-12-26,VIC,Melbourne,ulp91,151.3
2025-12-26,WA,Broome,diesel,185.8
2025-12-26,WA,Broome,p95,205.9
2025-12-26,WA,Broome,ulp91,195.6
2025-12-26,WA,Cocos Island,diesel,206.1
2025-12-26,WA,Cocos Island,p95,370.4
2025-12-26,WA,Dampier,diesel,176.0
2025-12-26,WA,Esperance,diesel,158.8
2025-12-26,WA,King Bay,diesel,176.0
2025-12-26,WA,Perth,diesel,155.2
2025-12-26,WA,Perth,p95,165.8
2025-12-26,WA,Perth,p98,180.3
2025-12-26,WA,Perth,ulp91,153.2
2025-12-26,WA,Port Hedland,diesel,183.4
2025-12-26,WA,Port Hedland,ulp91,179.5
2025-12-27,NSW,Newcastle,diesel,155.1
2025-12-27,NSW,Sydney,diesel,155.0
2025-12-27,NSW,Sydney,e10,154.1
2025-12-27,NSW,Sydney,p95,162.1
2025-12-27,NSW,Sydney,p98,176.2
2025-12-27,NSW,Sydney,ulp91,153.6
2025-12-27,NT,Darwin,diesel,161.4
2025-12-27,NT,Darwin,p95,167.9
2025-12-27,NT,Darwin,ulp91,158.3
2025-12-27,QLD,Brisbane,b5,162.6
2025-12-27,QLD,Brisbane,diesel,153.8
2025-12-27,QLD,Brisbane,e10,153.1
2025-12-27,QLD,Brisbane,p95,160.2
2025-12-27,QLD,Brisbane,p98,174.6
2025-12-27,QLD,Brisbane,ulp91,151.9
2025-12-27,QLD,Cairns,diesel,159.3
2025-12-27,QLD,Cairns,p95,172.5
2025-12-27,QLD,Cairns,ulp91,158.2
2025-12-27,QLD,Gladstone,diesel,157.6
2025-12-27,QLD,Gladstone,p95,166.1
2025-12-27,QLD,Gladstone,ulp91,157.6
2025-12-27,QLD,Mackay,diesel,157.8
2025-12-27,QLD,Mackay,ulp91,158.2
2025-12-27,QLD,Townsville,diesel,158.8
2025-12-27,QLD,Townsville,p95,167.7
2025-12-27,QLD,Townsville,p98,184.9
2025-12-27,QLD,Townsville,ulp91,157.5
2025-12-27,QLD,Weipa,diesel,168.3
2025-12-27,QLD,Weipa,ulp91,180.4
2025-12-27,SA,Adelaide,diesel,156.1
2025-12-27,SA,Adelaide,e10,154.8
2025-12-27,SA,Adelaide,p95,162.7
2025-12-27,SA,Adelaide,p98,178.0
2025-12-27,SA,Adelaide,ulp91,153.0
2025-12-27,SA,Port Lincoln,diesel,163.1
2025-12-27,SA,Port Lincoln,p98,187.2
2025-12-27,SA,Port Lincoln,ulp91,159.2
2025-12-27,TAS,Devonport,diesel,161.7
2025-12-27,TAS,Devonport,p95,168.4
2025-12-27,TAS,Devonport,ulp91,157.4
2025-12-27,TAS,Hobart,diesel,161.0
2025-12-27,TAS,Hobart,p95,168.4
2025-12-27,TAS,Hobart,p98,184.4
2025-12-27,TAS,Hobart,ulp91,157.5
2025-12-27,VIC,Geelong,diesel,154.2
2025-12-27,VIC,Geelong,p95,159.4
2025-12-27,VIC,Geelong,p98,174.0
2025-12-27,VIC,Geelong,ulp91,151.0
2025-12-27,VIC,Melbourne,diesel,154.2
2025-12-27,VIC,Melbourne,e10,152.2
2025-12-27,VIC,Melbourne,p95,159.4
2025-12-27,VIC,Melbourne,p98,174.0
2025-12-27,VIC,Melbourne,ulp91,151.0
2025-12-27,WA,Broome,diesel,185.9
2025-12-27,WA,Broome,p95,205.3
2025-12-27,WA,Broome,ulp91,195.1
2025-12-27,WA,Cocos Island,diesel,206.2
2025-12-27,WA,Cocos Island,p95,370.1
2025-12-27,WA,Dampier,diesel,176.1
2025-12-27,WA,Esperance,diesel,158.9
2025-12-27,WA,King Bay,diesel,176.1
2025-12-27,WA,Perth,diesel,155.2
2025-12-27,WA,Perth,p95,165.5
2025-12-27,WA,Perth,p98,179.9
2025-12-27,WA,Perth,ulp91,153.0
2025-12-27,WA,Port Hedland,diesel,183.5
2025-12-27,WA,Port Hedland,ulp91,179.0
2025-12-30,NSW,Newcastle,diesel,155.0
2025-12-30,NSW,Sydney,diesel,154.9
2025-12-30,NSW,Sydney,e10,153.8
2025-12-30,NSW,Sydney,p95,161.7
2025-12-30,NSW,Sydney,p98,175.8
2025-12-30,NSW,Sydney,ulp91,153.3
2025-12-30,NT,Darwin,diesel,161.3
2025-12-30,NT,Darwin,p95,167.6
2025-12-30,NT,Darwin,ulp91,158.0
2025-12-30,QLD,Brisbane,b5,162.5
2025-12-30,QLD,Brisbane,diesel,153.7
2025-12-30,QLD,Brisbane,e10,152.8
2025-12-30,QLD,Brisbane,p95,159.9
2025-12-30,QLD,Brisbane,p98,174.2
2025-12-30,QLD,Brisbane,ulp91,151.6
2025-12-30,QLD,Cairns,diesel,159.2
2025-12-30,QLD,Cairns,p95,172.2
2025-12-30,QLD,Cairns,ulp91,157.9
2025-12-30,QLD,Gladstone,diesel,157.4
2025-12-30,QLD,Gladstone,p95,165.7
2025-12-30,QLD,Gladstone,ulp91,157.3
2025-12-30,QLD,Mackay,diesel,157.6
2025-12-30,QLD,Mackay,ulp91,157.8
2025-12-30,QLD,Townsville,diesel,158.7
2025-12-30,QLD,Townsville,p95,167.3
2025-12-30,QLD,Townsville,p98,184.4
2025-12-30,QLD,Townsville,ulp91,157.2
2025-12-30,QLD,Weipa,diesel,168.2
2025-12-30,QLD,Weipa,ulp91,180.1
2025-12-30,SA,Adelaide,diesel,156.0
2025-12-30,SA,Adelaide,e10,154.4
2025-12-30,SA,Adelaide,p95,162.3
2025-12-30,SA,Adelaide,p98,177.6
2025-12-30,SA,Adelaide,ulp91,152.6
2025-12-30,SA,Port Lincoln,diesel,162.9
2025-12-30,SA,Port Lincoln,p98,186.8
2025-12-30,SA,Port Lincoln,ulp91,158.9
2025-12-30,TAS,Devonport,diesel,161.6
2025-12-30,TAS,Devonport,p95,168.0
2025-12-30,TAS,Devonport,ulp91,157.1
2025-12-30,TAS,Hobart,diesel,160.9
2025-12-30,TAS,Hobart,p95,168.1
2025-12-30,TAS,Hobart,p98,184.0
2025-12-30,TAS,Hobart,ulp91,157.2
2025-12-30,VIC,Geelong,diesel,154.0
2025-12-30,VIC,Geelong,p95,159.0
2025-12-30,VIC,Geelong,p98,173.7
2025-12-30,VIC,Geelong,ulp91,150.7
2025-12-30,VIC,Melbourne,diesel,154.0
2025-12-30,VIC,Melbourne,e10,151.9
2025-12-30,VIC,Melbourne,p95,159.0
2025-12-30,VIC,Melbourne,p98,173.7
2025-12-30,VIC,Melbourne,ulp91,150.7
2025-12-30,WA,Broome,diesel,185.7
2025-12-30,WA,Broome,p95,204.8
2025-12-30,WA,Broome,ulp91,194.6
2025-12-30,WA,Cocos Island,diesel,206.1
2025-12-30,WA,Cocos Island,p95,369.8
2025-12-30,WA,Dampier,diesel,176.0
2025-12-30,WA,Esperance,diesel,158.8
2025-12-30,WA,King Bay,diesel,176.0
2025-12-30,WA,Perth,diesel,155.1
2025-12-30,WA,Perth,p95,165.1
2025-12-30,WA,Perth,p98,179.6
2025-12-30,WA,Perth,ulp91,152.7
2025-12-30,WA,Port Hedland,diesel,183.4
2025-12-30,WA,Port Hedland,ulp91,178.6
2025-12-31,NSW,Newcastle,diesel,155.1
2025-12-31,NSW,Sydney,diesel,154.9
2025-12-31,NSW,Sydney,e10,153.7
2025-12-31,NSW,Sydney,p95,161.7
2025-12-31,NSW,Sydney,p98,175.8
2025-12-31,NSW,Sydney,ulp91,153.2
2025-12-31,NT,Darwin,diesel,161.3
2025-12-31,NT,Darwin,p95,167.6
2025-12-31,NT,Darwin,ulp91,157.9
2025-12-31,QLD,Brisbane,b5,162.6
2025-12-31,QLD,Brisbane,diesel,153.8
2025-12-31,QLD,Brisbane,e10,152.7
2025-12-31,QLD,Brisbane,p95,159.9
2025-12-31,QLD,Brisbane,p98,174.2
2025-12-31,QLD,Brisbane,ulp91,151.5
2025-12-31,QLD,Cairns,diesel,159.2
2025-12-31,QLD,Cairns,p95,172.1
2025-12-31,QLD,Cairns,ulp91,157.8
2025-12-31,QLD,Gladstone,diesel,157.5
2025-12-31,QLD,Gladstone,p95,165.7
2025-12-31,QLD,Gladstone,ulp91,157.2
2025-12-31,QLD,Mackay,diesel,157.7
2025-12-31,QLD,Mackay,ulp91,157.8
2025-12-31,QLD,Townsville,diesel,158.7
2025-12-31,QLD,Townsville,p95,167.3
2025-12-31,QLD,Townsville,p98,184.4
2025-12-31,QLD,Townsville,ulp91,157.1
2025-12-31,QLD,Weipa,diesel,168.2
2025-12-31,QLD,Weipa,ulp91,180.0
2025-12-31,SA,Adelaide,diesel,156.0
2025-12-31,SA,Adelaide,e10,154.4
2025-12-31,SA,Adelaide,p95,162.3
2025-12-31,SA,Adelaide,p98,177.6
2025-12-31,SA,Adelaide,ulp91,152.6
2025-12-31,SA,Port Lincoln,diesel,163.0
2025-12-31,SA,Port Lincoln,p98,186.7
2025-12-31,SA,Port Lincoln,ulp91,158.8
2025-12-31,TAS,Devonport,diesel,161.6
2025-12-31,TAS,Devonport,p95,168.0
2025-12-31,TAS,Devonport,ulp91,157.0
2025-12-31,TAS,Hobart,diesel,160.9
2025-12-31,TAS,Hobart,p95,168.1
2025-12-31,TAS,Hobart,p98,184.0
2025-12-31,TAS,Hobart,ulp91,157.1
2025-12-31,VIC,Geelong,diesel,154.1
2025-12-31,VIC,Geelong,p95,159.0
2025-12-31,VIC,Geelong,p98,173.6
2025-12-31,VIC,Geelong,ulp91,150.6
2025-12-31,VIC,Melbourne,diesel,154.1
2025-12-31,VIC,Melbourne,e10,151.9
2025-12-31,VIC,Melbourne,p95,159.0
2025-12-31,VIC,Melbourne,p98,173.6
2025-12-31,VIC,Melbourne,ulp91,150.6
2025-12-31,WA,Broome,diesel,185.8
2025-12-31,WA,Broome,p95,204.6
2025-12-31,WA,Broome,ulp91,194.4
2025-12-31,WA,Cocos Island,diesel,206.1
2025-12-31,WA,Cocos Island,p95,369.8
2025-12-31,WA,Dampier,diesel,176.1
2025-12-31,WA,Esperance,diesel,158.8
2025-12-31,WA,King Bay,diesel,176.1
2025-12-31,WA,Perth,diesel,155.2
2025-12-31,WA,Perth,p95,165.1
2025-12-31,WA,Perth,p98,179.6
2025-12-31,WA,Perth,ulp91,152.6
2025-12-31,WA,Port Hedland,diesel,183.5
2025-12-31,WA,Port Hedland,ulp91,178.4
2026-01-01,NSW,Newcastle,diesel,155.2
2026-01-01,NSW,Sydney,diesel,155.2
2026-01-01,NSW,Sydney,e10,153.5
2026-01-01,NSW,Sydney,p95,161.5
2026-01-01,NSW,Sydney,p98,175.6
2026-01-01,NSW,Sydney,ulp91,153.0
2026-01-01,NT,Darwin,diesel,160.9
2026-01-01,NT,Darwin,p95,167.3
2026-01-01,NT,Darwin,ulp91,157.6
2026-01-01,QLD,Brisbane,b5,162.7
2026-01-01,QLD,Brisbane,diesel,153.9
2026-01-01,QLD,Brisbane,e10,152.5
2026-01-01,QLD,Brisbane,p95,159.7
2026-01-01,QLD,Brisbane,p98,174.0
2026-01-01,QLD,Brisbane,ulp91,151.3
2026-01-01,QLD,Cairns,diesel,159.4
2026-01-01,QLD,Cairns,p95,171.9
2026-01-01,QLD,Cairns,ulp91,157.6
2026-01-01,QLD,Gladstone,diesel,157.7
2026-01-01,QLD,Gladstone,p95,165.5
2026-01-01,QLD,Gladstone,ulp91,156.9
2026-01-01,QLD,Mackay,diesel,157.8
2026-01-01,QLD,Mackay,ulp91,157.5
2026-01-01,QLD,Townsville,diesel,158.8
2026-01-01,QLD,Townsville,p95,167.1
2026-01-01,QLD,Townsville,p98,184.2
2026-01-01,QLD,Townsville,ulp91,156.9
2026-01-01,QLD,Weipa,diesel,168.3
2026-01-01,QLD,Weipa,ulp91,179.8
2026-01-01,SA,Adelaide,diesel,155.7
2026-01-01,SA,Adelaide,e10,154.2
2026-01-01,SA,Adelaide,p95,162.2
2026-01-01,SA,Adelaide,p98,177.4
2026-01-01,SA,Adelaide,ulp91,152.4
2026-01-01,SA,Port Lincoln,diesel,162.7
2026-01-01,SA,Port Lincoln,p98,186.6
2026-01-01,SA,Port Lincoln,ulp91,158.7
2026-01-01,TAS,Devonport,diesel,161.4
2026-01-01,TAS,Devonport,p95,167.9
2026-01-01,TAS,Devonport,ulp91,156.9
2026-01-01,TAS,Hobart,diesel,160.7
2026-01-01,TAS,Hobart,p95,167.9
2026-01-01,TAS,Hobart,p98,183.8
2026-01-01,TAS,Hobart,ulp91,157.0
2026-01-01,VIC,Geelong,diesel,154.2
2026-01-01,VIC,Geelong,p95,158.8
2026-01-01,VIC,Geelong,p98,173.4
2026-01-01,VIC,Geelong,ulp91,150.4
2026-01-01,VIC,Melbourne,diesel,154.2
2026-01-01,VIC,Melbourne,e10,151.7
2026-01-01,VIC,Melbourne,p95,158.8
2026-01-01,VIC,Melbourne,p98,173.4
2026-01-01,VIC,Melbourne,ulp91,150.4
2026-01-01,WA,Broome,diesel,185.3
2026-01-01,WA,Broome,p95,204.3
2026-01-01,WA,Broome,ulp91,194.1
2026-01-01,WA,Cocos Island,diesel,205.7
2026-01-01,WA,Cocos Island,p95,369.6
2026-01-01,WA,Dampier,diesel,175.6
2026-01-01,WA,Esperance,diesel,158.6
2026-01-01,WA,King Bay,diesel,175.6
2026-01-01,WA,Perth,diesel,154.8
2026-01-01,WA,Perth,p95,164.9
2026-01-01,WA,Perth,p98,179.4
2026-01-01,WA,Perth,ulp91,152.4
2026-01-01,WA,Port Hedland,diesel,183.0
2026-01-01,WA,Port Hedland,ulp91,178.1
2026-01-02,NSW,Newcastle,diesel,155.1
2026-01-02,NSW,Sydney,diesel,155.0
2026-01-02,NSW,Sydney,e10,153.2
2026-01-02,NSW,Sydney,p95,161.3
2026-01-02,NSW,Sydney,p98,175.3
2026-01-02,NSW,Sydney,ulp91,152.8
2026-01-02,NT,Darwin,diesel,160.8
2026-01-02,NT,Darwin,p95,167.0
2026-01-02,NT,Darwin,ulp91,157.4
2026-01-02,QLD,Brisbane,b5,162.6
2026-01-02,QLD,Brisbane,diesel,153.8
2026-01-02,QLD,Brisbane,e10,152.2
2026-01-02,QLD,Brisbane,p95,159.5
2026-01-02,QLD,Brisbane,p98,173.7
2026-01-02,QLD,Brisbane,ulp91,151.0
2026-01-02,QLD,Cairns,diesel,159.2
2026-01-02,QLD,Cairns,p95,171.6
2026-01-02,QLD,Cairns,ulp91,157.3
2026-01-02,QLD,Gladstone,diesel,157.5
2026-01-02,QLD,Gladstone,p95,165.2
2026-01-02,QLD,Gladstone,ulp91,156.7
2026-01-02,QLD,Mackay,diesel,157.7
2026-01-02,QLD,Mackay,ulp91,157.3
2026-01-02,QLD,Townsville,diesel,158.7
2026-01-02,QLD,Townsville,p95,166.8
2026-01-02,QLD,Townsville,p98,183.9
2026-01-02,QLD,Townsville,ulp91,156.6
2026-01-02,QLD,Weipa,diesel,168.2
2026-01-02,QLD,Weipa,ulp91,179.5
2026-01-02,SA,Adelaide,diesel,155.5
2026-01-02,SA,Adelaide,e10,153.9
2026-01-02,SA,Adelaide,p95,161.9
2026-01-02,SA,Adelaide,p98,177.1
2026-01-02,SA,Adelaide,ulp91,152.1
2026-01-02,SA,Port Lincoln,diesel,162.5
2026-01-02,SA,Port Lincoln,p98,186.3
2026-01-02,SA,Port Lincoln,ulp91,158.4
2026-01-02,TAS,Devonport,diesel,161.2
2026-01-02,TAS,Devonport,p95,167.6
2026-01-02,TAS,Devonport,ulp91,156.6
2026-01-02,TAS,Hobart,diesel,160.6
2026-01-02,TAS,Hobart,p95,167.7
2026-01-02,TAS,Hobart,p98,183.6
2026-01-02,TAS,Hobart,ulp91,156.7
2026-01-02,VIC,Geelong,diesel,154.1
2026-01-02,VIC,Geelong,p95,158.6
2026-01-02,VIC,Geelong,p98,173.2
2026-01-02,VIC,Geelong,ulp91,150.2
2026-01-02,VIC,Melbourne,diesel,154.1
2026-01-02,VIC,Melbourne,e10,151.4
2026-01-02,VIC,Melbourne,p95,158.6
2026-01-02,VIC,Melbourne,p98,173.2
2026-01-02,VIC,Melbourne,ulp91,150.2
2026-01-02,WA,Broome,diesel,185.2
2026-01-02,WA,Broome,p95,204.0
2026-01-02,WA,Broome,ulp91,193.7
2026-01-02,WA,Cocos Island,diesel,205.6
2026-01-02,WA,Cocos Island,p95,369.4
2026-01-02,WA,Dampier,diesel,175.4
2026-01-02,WA,Esperance,diesel,158.4
2026-01-02,WA,King Bay,diesel,175.4
2026-01-02,WA,Perth,diesel,154.7
2026-01-02,WA,Perth,p95,164.7
2026-01-02,WA,Perth,p98,179.1
2026-01-02,WA,Perth,ulp91,152.1
2026-01-02,WA,Port Hedland,diesel,182.8
2026-01-02,WA,Port Hedland,ulp91,177.8
2026-01-03,NSW,Newcastle,diesel,155.0
2026-01-03,NSW,Sydney,diesel,154.8
2026-01-03,NSW,Sydney,e10,153.1
2026-01-03,NSW,Sydney,p95,161.2
2026-01-03,NSW,Sydney,p98,175.2
2026-01-03,NSW,Sydney,ulp91,152.6
2026-01-03,NT,Darwin,diesel,160.6
2026-01-03,NT,Darwin,p95,167.0
2026-01-03,NT,Darwin,ulp91,157.3
2026-01-03,QLD,Brisbane,b5,162.4
2026-01-03,QLD,Brisbane,diesel,153.6
2026-01-03,QLD,Brisbane,e10,152.1
2026-01-03,QLD,Brisbane,p95,159.4
2026-01-03,QLD,Brisbane,p98,173.6
2026-01-03,QLD,Brisbane,ulp91,150.9
2026-01-03,QLD,Cairns,diesel,159.1
2026-01-03,QLD,Cairns,p95,171.6
2026-01-03,QLD,Cairns,ulp91,157.2
2026-01-03,QLD,Gladstone,diesel,157.4
2026-01-03,QLD,Gladstone,p95,165.1
2026-01-03,QLD,Gladstone,ulp91,156.5
2026-01-03,QLD,Mackay,diesel,157.5
2026-01-03,QLD,Mackay,ulp91,157.1
2026-01-03,QLD,Townsville,diesel,158.5
2026-01-03,QLD,Townsville,p95,166.7
2026-01-03,QLD,Townsville,p98,183.8
2026-01-03,QLD,Townsville,ulp91,156.5
2026-01-03,QLD,Weipa,diesel,168.0
2026-01-03,QLD,Weipa,ulp91,179.3
2026-01-03,SA,Adelaide,diesel,155.4
2026-01-03,SA,Adelaide,e10,153.8
2026-01-03,SA,Adelaide,p95,161.8
2026-01-03,SA,Adelaide,p98,177.0
2026-01-03,SA,Adelaide,ulp91,152.0
2026-01-03,SA,Port Lincoln,diesel,162.4
2026-01-03,SA,Port Lincoln,p98,186.2
2026-01-03,SA,Port Lincoln,ulp91,158.2
2026-01-03,TAS,Devonport,diesel,161.1
2026-01-03,TAS,Devonport,p95,167.5
2026-01-03,TAS,Devonport,ulp91,156.5
2026-01-03,TAS,Hobart,diesel,160.4
2026-01-03,TAS,Hobart,p95,167.6
2026-01-03,TAS,Hobart,p98,183.5
2026-01-03,TAS,Hobart,ulp91,156.6
2026-01-03,VIC,Geelong,diesel,153.9
2026-01-03,VIC,Geelong,p95,158.5
2026-01-03,VIC,Geelong,p98,173.1
2026-01-03,VIC,Geelong,ulp91,150.0
2026-01-03,VIC,Melbourne,diesel,153.9
2026-01-03,VIC,Melbourne,e10,151.3
2026-01-03,VIC,Melbourne,p95,158.5
2026-01-03,VIC,Melbourne,p98,173.1
2026-01-03,VIC,Melbourne,ulp91,150.0
2026-01-03,WA,Broome,diesel,185.0
2026-01-03,WA,Broome,p95,203.8
2026-01-03,WA,Broome,ulp91,193.5
2026-01-03,WA,Cocos Island,diesel,205.4
2026-01-03,WA,Cocos Island,p95,369.3
2026-01-03,WA,Dampier,diesel,175.3
2026-01-03,WA,Esperance,diesel,158.3
2026-01-03,WA,King Bay,diesel,175.3
2026-01-03,WA,Perth,diesel,154.6
2026-01-03,WA,Perth,p95,164.6
2026-01-03,WA,Perth,p98,179.0
2026-01-03,WA,Perth,ulp91,152.0
2026-01-03,WA,Port Hedland,diesel,182.7
2026-01-03,WA,Port Hedland,ulp91,177.6
2026-01-06,NSW,Newcastle,diesel,154.8
2026-01-06,NSW,Sydney,diesel,154.7
2026-01-06,NSW,Sydney,e10,153.0
2026-01-06,NSW,Sydney,p95,161.1
2026-01-06,NSW,Sydney,p98,175.1
2026-01-06,NSW,Sydney,ulp91,152.5
2026-01-06,NT,Darwin,diesel,160.5
2026-01-06,NT,Darwin,p95,166.9
2026-01-06,NT,Darwin,ulp91,157.2
2026-01-06,QLD,Brisbane,b5,162.3
2026-01-06,QLD,Brisbane,diesel,153.5
2026-01-06,QLD,Brisbane,e10,152.0
2026-01-06,QLD,Brisbane,p95,159.3
2026-01-06,QLD,Brisbane,p98,173.6
2026-01-06,QLD,Brisbane,ulp91,150.8
2026-01-06,QLD,Cairns,diesel,158.9
2026-01-06,QLD,Cairns,p95,171.5
2026-01-06,QLD,Cairns,ulp91,157.1
2026-01-06,QLD,Gladstone,diesel,157.2
2026-01-06,QLD,Gladstone,p95,165.0
2026-01-06,QLD,Gladstone,ulp91,156.4
2026-01-06,QLD,Mackay,diesel,157.4
2026-01-06,QLD,Mackay,ulp91,157.0
2026-01-06,QLD,Townsville,diesel,158.4
2026-01-06,QLD,Townsville,p95,166.6
2026-01-06,QLD,Townsville,p98,183.7
2026-01-06,QLD,Townsville,ulp91,156.4
2026-01-06,QLD,Weipa,diesel,167.8
2026-01-06,QLD,Weipa,ulp91,179.2
2026-01-06,SA,Adelaide,diesel,155.2
2026-01-06,SA,Adelaide,e10,153.7
2026-01-06,SA,Adelaide,p95,161.7
2026-01-06,SA,Adelaide,p98,176.9
2026-01-06,SA,Adelaide,ulp91,151.9
2026-01-06,SA,Port Lincoln,diesel,162.2
2026-01-06,SA,Port Lincoln,p98,186.1
2026-01-06,SA,Port Lincoln,ulp91,158.1
2026-01-06,TAS,Devonport,diesel,160.9
2026-01-06,TAS,Devonport,p95,167.4
2026-01-06,TAS,Devonport,ulp91,156.3
2026-01-06,TAS,Hobart,diesel,160.2
2026-01-06,TAS,Hobart,p95,167.5
2026-01-06,TAS,Hobart,p98,183.4
2026-01-06,TAS,Hobart,ulp91,156.4
2026-01-06,VIC,Geelong,diesel,153.8
2026-01-06,VIC,Geelong,p95,158.4
2026-01-06,VIC,Geelong,p98,173.0
2026-01-06,VIC,Geelong,ulp91,149.9
2026-01-06,VIC,Melbourne,diesel,153.8
2026-01-06,VIC,Melbourne,e10,151.1
2026-01-06,VIC,Melbourne,p95,158.4
2026-01-06,VIC,Melbourne,p98,173.0
2026-01-06,VIC,Melbourne,ulp91,149.9
2026-01-06,WA,Broome,diesel,184.8
2026-01-06,WA,Broome,p95,203.6
2026-01-06,WA,Broome,ulp91,193.3
2026-01-06,WA,Cocos Island,diesel,205.3
2026-01-06,WA,Cocos Island,p95,369.2
2026-01-06,WA,Dampier,diesel,175.2
2026-01-06,WA,Esperance,diesel,158.1
2026-01-06,WA,King Bay,diesel,175.2
2026-01-06,WA,Perth,diesel,154.4
2026-01-06,WA,Perth,p95,164.6
2026-01-06,WA,Perth,p98,178.9
2026-01-06,WA,Perth,ulp91,151.9
2026-01-06,WA,Port Hedland,diesel,182.5
2026-01-06,WA,Port Hedland,ulp91,177.4
2026-01-07,NSW,Newcastle,diesel,154.6
2026-01-07,NSW,Sydney,diesel,154.5
2026-01-07,NSW,Sydney,e10,152.3
2026-01-07,NSW,Sydney,p95,160.4
2026-01-07,NSW,Sydney,p98,174.4
2026-01-07,NSW,Sydney,ulp91,151.8
2026-01-07,NT,Darwin,diesel,160.3
2026-01-07,NT,Darwin,p95,166.1
2026-01-07,NT,Darwin,ulp91,156.4
2026-01-07,QLD,Brisbane,b5,162.1
2026-01-07,QLD,Brisbane,diesel,153.3
2026-01-07,QLD,Brisbane,e10,151.3
2026-01-07,QLD,Brisbane,p95,158.6
2026-01-07,QLD,Brisbane,p98,172.8
2026-01-07,QLD,Brisbane,ulp91,150.1
2026-01-07,QLD,Cairns,diesel,158.8
2026-01-07,QLD,Cairns,p95,170.8
2026-01-07,QLD,Cairns,ulp91,156.4
2026-01-07,QLD,Gladstone,diesel,157.0
2026-01-07,QLD,Gladstone,p95,164.3
2026-01-07,QLD,Gladstone,ulp91,155.7
2026-01-07,QLD,Mackay,diesel,157.2
2026-01-07,QLD,Mackay,ulp91,156.3
2026-01-07,QLD,Townsville,diesel,158.2
2026-01-07,QLD,Townsville,p95,165.9
2026-01-07,QLD,Townsville,p98,183.0
2026-01-07,QLD,Townsville,ulp91,155.7
2026-01-07,QLD,Weipa,diesel,167.7
2026-01-07,QLD,Weipa,ulp91,178.6
2026-01-07,SA,Adelaide,diesel,155.1
2026-01-07,SA,Adelaide,e10,153.0
2026-01-07,SA,Adelaide,p95,161.0
2026-01-07,SA,Adelaide,p98,176.2
2026-01-07,SA,Adelaide,ulp91,151.2
2026-01-07,SA,Port Lincoln,diesel,162.0
2026-01-07,SA,Port Lincoln,p98,185.4
2026-01-07,SA,Port Lincoln,ulp91,157.4
2026-01-07,TAS,Devonport,diesel,160.7
2026-01-07,TAS,Devonport,p95,166.7
2026-01-07,TAS,Devonport,ulp91,155.7
2026-01-07,TAS,Hobart,diesel,160.1
2026-01-07,TAS,Hobart,p95,166.8
2026-01-07,TAS,Hobart,p98,182.7
2026-01-07,TAS,Hobart,ulp91,155.8
2026-01-07,VIC,Geelong,diesel,153.6
2026-01-07,VIC,Geelong,p95,157.7
2026-01-07,VIC,Geelong,p98,172.3
2026-01-07,VIC,Geelong,ulp91,149.2
2026-01-07,VIC,Melbourne,diesel,153.6
2026-01-07,VIC,Melbourne,e10,150.4
2026-01-07,VIC,Melbourne,p95,157.7
2026-01-07,VIC,Melbourne,p98,172.3
2026-01-07,VIC,Melbourne,ulp91,149.2
2026-01-07,WA,Broome,diesel,184.7
2026-01-07,WA,Broome,p95,203.1
2026-01-07,WA,Broome,ulp91,192.8
2026-01-07,WA,Cocos Island,diesel,205.2
2026-01-07,WA,Cocos Island,p95,368.6
2026-01-07,WA,Dampier,diesel,175.0
2026-01-07,WA,Esperance,diesel,157.9
2026-01-07,WA,King Bay,diesel,175.0
2026-01-07,WA,Perth,diesel,154.2
2026-01-07,WA,Perth,p95,163.8
2026-01-07,WA,Perth,p98,178.2
2026-01-07,WA,Perth,ulp91,151.2
2026-01-07,WA,Port Hedland,diesel,182.3
2026-01-07,WA,Port Hedland,ulp91,176.8
2026-01-08,NSW,Newcastle,diesel,154.5
2026-01-08,NSW,Sydney,diesel,154.4
2026-01-08,NSW,Sydney,e10,152.0
2026-01-08,NSW,Sydney,p95,160.1
2026-01-08,NSW,Sydney,p98,174.1
2026-01-08,NSW,Sydney,ulp91,151.5
2026-01-08,NT,Darwin,diesel,160.2
2026-01-08,NT,Darwin,p95,165.8
2026-01-08,NT,Darwin,ulp91,156.2
2026-01-08,QLD,Brisbane,b5,162.0
2026-01-08,QLD,Brisbane,diesel,153.2
2026-01-08,QLD,Brisbane,e10,151.0
2026-01-08,QLD,Brisbane,p95,158.2
2026-01-08,QLD,Brisbane,p98,172.5
2026-01-08,QLD,Brisbane,ulp91,149.8
2026-01-08,QLD,Cairns,diesel,158.7
2026-01-08,QLD,Cairns,p95,170.4
2026-01-08,QLD,Cairns,ulp91,156.1
2026-01-08,QLD,Gladstone,diesel,156.9
2026-01-08,QLD,Gladstone,p95,164.0
2026-01-08,QLD,Gladstone,ulp91,155.4
2026-01-08,QLD,Mackay,diesel,157.1
2026-01-08,QLD,Mackay,ulp91,156.1
2026-01-08,QLD,Townsville,diesel,158.1
2026-01-08,QLD,Townsville,p95,165.6
2026-01-08,QLD,Townsville,p98,182.7
2026-01-08,QLD,Townsville,ulp91,155.4
2026-01-08,QLD,Weipa,diesel,167.6
2026-01-08,QLD,Weipa,ulp91,178.3
2026-01-08,SA,Adelaide,diesel,155.0
2026-01-08,SA,Adelaide,e10,152.7
2026-01-08,SA,Adelaide,p95,160.7
2026-01-08,SA,Adelaide,p98,175.9
2026-01-08,SA,Adelaide,ulp91,150.9
2026-01-08,SA,Port Lincoln,diesel,162.0
2026-01-08,SA,Port Lincoln,p98,185.1
2026-01-08,SA,Port Lincoln,ulp91,157.2
2026-01-08,TAS,Devonport,diesel,160.7
2026-01-08,TAS,Devonport,p95,166.4
2026-01-08,TAS,Devonport,ulp91,155.4
2026-01-08,TAS,Hobart,diesel,160.0
2026-01-08,TAS,Hobart,p95,166.5
2026-01-08,TAS,Hobart,p98,182.4
2026-01-08,TAS,Hobart,ulp91,155.5
2026-01-08,VIC,Geelong,diesel,153.5
2026-01-08,VIC,Geelong,p95,157.4
2026-01-08,VIC,Geelong,p98,172.0
2026-01-08,VIC,Geelong,ulp91,148.9
2026-01-08,VIC,Melbourne,diesel,153.5
2026-01-08,VIC,Melbourne,e10,150.1
2026-01-08,VIC,Melbourne,p95,157.4
2026-01-08,VIC,Melbourne,p98,172.0
2026-01-08,VIC,Melbourne,ulp91,148.9
2026-01-08,WA,Broome,diesel,184.6
2026-01-08,WA,Broome,p95,203.0
2026-01-08,WA,Broome,ulp91,192.7
2026-01-08,WA,Cocos Island,diesel,205.1
2026-01-08,WA,Cocos Island,p95,368.2
2026-01-08,WA,Dampier,diesel,174.9
2026-01-08,WA,Esperance,diesel,157.8
2026-01-08,WA,King Bay,diesel,174.9
2026-01-08,WA,Perth,diesel,154.1
2026-01-08,WA,Perth,p95,163.5
2026-01-08,WA,Perth,p98,177.9
2026-01-08,WA,Perth,ulp91,150.9
2026-01-08,WA,Port Hedland,diesel,182.2
2026-01-08,WA,Port Hedland,ulp91,176.7
2026-01-09,NSW,Newcastle,diesel,154.5
2026-01-09,NSW,Sydney,diesel,154.4
2026-01-09,NSW,Sydney,e10,151.7
2026-01-09,NSW,Sydney,p95,159.6
2026-01-09,NSW,Sydney,p98,173.7
2026-01-09,NSW,Sydney,ulp91,151.3
2026-01-09,NT,Darwin,diesel,160.1
2026-01-09,NT,Darwin,p95,165.3
2026-01-09,NT,Darwin,ulp91,155.9
2026-01-09,QLD,Brisbane,b5,161.9
2026-01-09,QLD,Brisbane,diesel,153.2
2026-01-09,QLD,Brisbane,e10,150.7
2026-01-09,QLD,Brisbane,p95,157.8
2026-01-09,QLD,Brisbane,p98,172.0
2026-01-09,QLD,Brisbane,ulp91,149.5
2026-01-09,QLD,Cairns,diesel,158.6
2026-01-09,QLD,Cairns,p95,170.0
2026-01-09,QLD,Cairns,ulp91,155.8
2026-01-09,QLD,Gladstone,diesel,156.9
2026-01-09,QLD,Gladstone,p95,163.6
2026-01-09,QLD,Gladstone,ulp91,155.2
2026-01-09,QLD,Mackay,diesel,157.1
2026-01-09,QLD,Mackay,ulp91,155.8
2026-01-09,QLD,Townsville,diesel,158.1
2026-01-09,QLD,Townsville,p95,165.2
2026-01-09,QLD,Townsville,p98,182.2
2026-01-09,QLD,Townsville,ulp91,155.1
2026-01-09,QLD,Weipa,diesel,167.6
2026-01-09,QLD,Weipa,ulp91,178.0
2026-01-09,SA,Adelaide,diesel,154.9
2026-01-09,SA,Adelaide,e10,152.4
2026-01-09,SA,Adelaide,p95,160.2
2026-01-09,SA,Adelaide,p98,175.4
2026-01-09,SA,Adelaide,ulp91,150.6
2026-01-09,SA,Port Lincoln,diesel,161.9
2026-01-09,SA,Port Lincoln,p98,184.7
2026-01-09,SA,Port Lincoln,ulp91,156.9
2026-01-09,TAS,Devonport,diesel,160.6
2026-01-09,TAS,Devonport,p95,165.9
2026-01-09,TAS,Devonport,ulp91,155.1
2026-01-09,TAS,Hobart,diesel,159.9
2026-01-09,TAS,Hobart,p95,166.0
2026-01-09,TAS,Hobart,p98,181.9
2026-01-09,TAS,Hobart,ulp91,155.2
2026-01-09,VIC,Geelong,diesel,153.4
2026-01-09,VIC,Geelong,p95,156.9
2026-01-09,VIC,Geelong,p98,171.5
2026-01-09,VIC,Geelong,ulp91,148.7
2026-01-09,VIC,Melbourne,diesel,153.4
2026-01-09,VIC,Melbourne,e10,149.9
2026-01-09,VIC,Melbourne,p95,156.9
2026-01-09,VIC,Melbourne,p98,171.5
2026-01-09,VIC,Melbourne,ulp91,148.7
2026-01-09,WA,Broome,diesel,184.6
2026-01-09,WA,Broome,p95,202.6
2026-01-09,WA,Broome,ulp91,192.5
2026-01-09,WA,Cocos Island,diesel,205.0
2026-01-09,WA,Cocos Island,p95,367.8
2026-01-09,WA,Dampier,diesel,174.8
2026-01-09,WA,Esperance,diesel,157.8
2026-01-09,WA,King Bay,diesel,174.8
2026-01-09,WA,Perth,diesel,154.1
2026-01-09,WA,Perth,p95,163.0
2026-01-09,WA,Perth,p98,177.4
2026-01-09,WA,Perth,ulp91,150.6
2026-01-09,WA,Port Hedland,diesel,182.2
2026-01-09,WA,Port Hedland,ulp91,176.4
2026-01-10,NSW,Newcastle,diesel,153.8
2026-01-10,NSW,Sydney,diesel,153.7
2026-01-10,NSW,Sydney,e10,150.9
2026-01-10,NSW,Sydney,p95,158.6
2026-01-10,NSW,Sydney,p98,172.7
2026-01-10,NSW,Sydney,ulp91,150.5
2026-01-10,NT,Darwin,diesel,159.4
2026-01-10,NT,Darwin,p95,164.3
2026-01-10,NT,Darwin,ulp91,155.1
2026-01-10,QLD,Brisbane,b5,161.2
2026-01-10,QLD,Brisbane,diesel,152.4
2026-01-10,QLD,Brisbane,e10,149.9
2026-01-10,QLD,Brisbane,p95,156.8
2026-01-10,QLD,Brisbane,p98,171.0
2026-01-10,QLD,Brisbane,ulp91,148.7
2026-01-10,QLD,Cairns,diesel,157.9
2026-01-10,QLD,Cairns,p95,169.0
2026-01-10,QLD,Cairns,ulp91,155.0
2026-01-10,QLD,Gladstone,diesel,156.2
2026-01-10,QLD,Gladstone,p95,162.6
2026-01-10,QLD,Gladstone,ulp91,154.4
2026-01-10,QLD,Mackay,diesel,156.3
2026-01-10,QLD,Mackay,ulp91,155.0
2026-01-10,QLD,Townsville,diesel,157.3
2026-01-10,QLD,Townsville,p95,164.2
2026-01-10,QLD,Townsville,p98,181.2
2026-01-10,QLD,Townsville,ulp91,154.3
2026-01-10,QLD,Weipa,diesel,166.9
2026-01-10,QLD,Weipa,ulp91,177.3
2026-01-10,SA,Adelaide,diesel,154.2
2026-01-10,SA,Adelaide,e10,151.6
2026-01-10,SA,Adelaide,p95,159.2
2026-01-10,SA,Adelaide,p98,174.4
2026-01-10,SA,Adelaide,ulp91,149.8
2026-01-10,SA,Port Lincoln,diesel,161.2
2026-01-10,SA,Port Lincoln,p98,183.6
2026-01-10,SA,Port Lincoln,ulp91,156.1
2026-01-10,TAS,Devonport,diesel,159.9
2026-01-10,TAS,Devonport,p95,165.0
2026-01-10,TAS,Devonport,ulp91,154.4
2026-01-10,TAS,Hobart,diesel,159.2
2026-01-10,TAS,Hobart,p95,165.0
2026-01-10,TAS,Hobart,p98,180.9
2026-01-10,TAS,Hobart,ulp91,154.5
2026-01-10,VIC,Geelong,diesel,152.7
2026-01-10,VIC,Geelong,p95,155.9
2026-01-10,VIC,Geelong,p98,170.5
2026-01-10,VIC,Geelong,ulp91,147.9
2026-01-10,VIC,Melbourne,diesel,152.7
2026-01-10,VIC,Melbourne,e10,149.1
2026-01-10,VIC,Melbourne,p95,155.9
2026-01-10,VIC,Melbourne,p98,170.5
2026-01-10,VIC,Melbourne,ulp91,147.9
2026-01-10,WA,Broome,diesel,183.9
2026-01-10,WA,Broome,p95,201.8
2026-01-10,WA,Broome,ulp91,191.9
2026-01-10,WA,Cocos Island,diesel,204.3
2026-01-10,WA,Cocos Island,p95,366.9
2026-01-10,WA,Dampier,diesel,174.0
2026-01-10,WA,Esperance,diesel,157.0
2026-01-10,WA,King Bay,diesel,174.0
2026-01-10,WA,Perth,diesel,153.3
2026-01-10,WA,Perth,p95,162.0
2026-01-10,WA,Perth,p98,176.4
2026-01-10,WA,Perth,ulp91,149.8
2026-01-10,WA,Port Hedland,diesel,181.4
2026-01-10,WA,Port Hedland,ulp91,175.8
2026-01-13,NSW,Newcastle,diesel,153.1
2026-01-13,NSW,Sydney,diesel,153.0
2026-01-13,NSW,Sydney,e10,150.4
2026-01-13,NSW,Sydney,p95,157.9
2026-01-13,NSW,Sydney,p98,171.9
2026-01-13,NSW,Sydney,ulp91,149.9
2026-01-13,NT,Darwin,diesel,158.7
2026-01-13,NT,Darwin,p95,163.6
2026-01-13,NT,Darwin,ulp91,154.5
2026-01-13,QLD,Brisbane,b5,160.6
2026-01-13,QLD,Brisbane,diesel,151.8
2026-01-13,QLD,Brisbane,e10,149.4
2026-01-13,QLD,Brisbane,p95,156.1
2026-01-13,QLD,Brisbane,p98,170.3
2026-01-13,QLD,Brisbane,ulp91,148.2
2026-01-13,QLD,Cairns,diesel,157.3
2026-01-13,QLD,Cairns,p95,168.3
2026-01-13,QLD,Cairns,ulp91,154.5
2026-01-13,QLD,Gladstone,diesel,155.5
2026-01-13,QLD,Gladstone,p95,161.9
2026-01-13,QLD,Gladstone,ulp91,153.9
2026-01-13,QLD,Mackay,diesel,155.7
2026-01-13,QLD,Mackay,ulp91,154.5
2026-01-13,QLD,Townsville,diesel,156.7
2026-01-13,QLD,Townsville,p95,163.5
2026-01-13,QLD,Townsville,p98,180.5
2026-01-13,QLD,Townsville,ulp91,153.8
2026-01-13,QLD,Weipa,diesel,166.3
2026-01-13,QLD,Weipa,ulp91,176.8
2026-01-13,SA,Adelaide,diesel,153.6
2026-01-13,SA,Adelaide,e10,151.1
2026-01-13,SA,Adelaide,p95,158.5
2026-01-13,SA,Adelaide,p98,173.7
2026-01-13,SA,Adelaide,ulp91,149.3
2026-01-13,SA,Port Lincoln,diesel,160.6
2026-01-13,SA,Port Lincoln,p98,182.9
2026-01-13,SA,Port Lincoln,ulp91,155.6
2026-01-13,TAS,Devonport,diesel,159.3
2026-01-13,TAS,Devonport,p95,164.3
2026-01-13,TAS,Devonport,ulp91,153.9
2026-01-13,TAS,Hobart,diesel,158.6
2026-01-13,TAS,Hobart,p95,164.3
2026-01-13,TAS,Hobart,p98,180.2
2026-01-13,TAS,Hobart,ulp91,154.0
2026-01-13,VIC,Geelong,diesel,152.1
2026-01-13,VIC,Geelong,p95,155.2
2026-01-13,VIC,Geelong,p98,169.8
2026-01-13,VIC,Geelong,ulp91,147.4
2026-01-13,VIC,Melbourne,diesel,152.1
2026-01-13,VIC,Melbourne,e10,148.6
2026-01-13,VIC,Melbourne,p95,155.2
2026-01-13,VIC,Melbourne,p98,169.8
2026-01-13,VIC,Melbourne,ulp91,147.4
2026-01-13,WA,Broome,diesel,183.3
2026-01-13,WA,Broome,p95,201.4
2026-01-13,WA,Broome,ulp91,191.7
2026-01-13,WA,Cocos Island,diesel,203.7
2026-01-13,WA,Cocos Island,p95,366.2
2026-01-13,WA,Dampier,diesel,173.4
2026-01-13,WA,Esperance,diesel,156.4
2026-01-13,WA,King Bay,diesel,173.4
2026-01-13,WA,Perth,diesel,152.7
2026-01-13,WA,Perth,p95,161.3
2026-01-13,WA,Perth,p98,175.7
2026-01-13,WA,Perth,ulp91,149.3
2026-01-13,WA,Port Hedland,diesel,180.8
2026-01-13,WA,Port Hedland,ulp91,175.4
2026-01-14,NSW,Newcastle,diesel,153.2
2026-01-14,NSW,Sydney,diesel,153.1
2026-01-14,NSW,Sydney,e10,150.5
2026-01-14,NSW,Sydney,p95,157.9
2026-01-14,NSW,Sydney,p98,171.9
2026-01-14,NSW,Sydney,ulp91,150.1
2026-01-14,NT,Darwin,diesel,158.8
2026-01-14,NT,Darwin,p95,163.6
2026-01-14,NT,Darwin,ulp91,154.6
2026-01-14,QLD,Brisbane,b5,160.7
2026-01-14,QLD,Brisbane,diesel,151.8
2026-01-14,QLD,Brisbane,e10,149.5
2026-01-14,QLD,Brisbane,p95,156.0
2026-01-14,QLD,Brisbane,p98,170.3
2026-01-14,QLD,Brisbane,ulp91,148.3
2026-01-14,QLD,Cairns,diesel,157.3
2026-01-14,QLD,Cairns,p95,168.3
2026-01-14,QLD,Cairns,ulp91,154.6
2026-01-14,QLD,Gladstone,diesel,155.6
2026-01-14,QLD,Gladstone,p95,161.8
2026-01-14,QLD,Gladstone,ulp91,154.0
2026-01-14,QLD,Mackay,diesel,155.8
2026-01-14,QLD,Mackay,ulp91,154.6
2026-01-14,QLD,Townsville,diesel,156.8
2026-01-14,QLD,Townsville,p95,163.4
2026-01-14,QLD,Townsville,p98,180.5
2026-01-14,QLD,Townsville,ulp91,153.9
2026-01-14,QLD,Weipa,diesel,166.4
2026-01-14,QLD,Weipa,ulp91,176.9
2026-01-14,SA,Adelaide,diesel,153.7
2026-01-14,SA,Adelaide,e10,151.2
2026-01-14,SA,Adelaide,p95,158.5
2026-01-14,SA,Adelaide,p98,173.7
2026-01-14,SA,Adelaide,ulp91,149.4
2026-01-14,SA,Port Lincoln,diesel,160.7
2026-01-14,SA,Port Lincoln,p98,182.9
2026-01-14,SA,Port Lincoln,ulp91,155.8
2026-01-14,TAS,Devonport,diesel,159.4
2026-01-14,TAS,Devonport,p95,164.2
2026-01-14,TAS,Devonport,ulp91,154.0
2026-01-14,TAS,Hobart,diesel,158.7
2026-01-14,TAS,Hobart,p95,164.3
2026-01-14,TAS,Hobart,p98,180.2
2026-01-14,TAS,Hobart,ulp91,154.1
2026-01-14,VIC,Geelong,diesel,152.2
2026-01-14,VIC,Geelong,p95,155.2
2026-01-14,VIC,Geelong,p98,169.8
2026-01-14,VIC,Geelong,ulp91,147.5
2026-01-14,VIC,Melbourne,diesel,152.2
2026-01-14,VIC,Melbourne,e10,148.7
2026-01-14,VIC,Melbourne,p95,155.2
2026-01-14,VIC,Melbourne,p98,169.8
2026-01-14,VIC,Melbourne,ulp91,147.5
2026-01-14,WA,Broome,diesel,183.4
2026-01-14,WA,Broome,p95,201.5
2026-01-14,WA,Broome,ulp91,192.0
2026-01-14,WA,Cocos Island,diesel,203.8
2026-01-14,WA,Cocos Island,p95,366.2
2026-01-14,WA,Dampier,diesel,173.5
2026-01-14,WA,Esperance,diesel,156.4
2026-01-14,WA,King Bay,diesel,173.5
2026-01-14,WA,Perth,diesel,152.7
2026-01-14,WA,Perth,p95,161.2
2026-01-14,WA,Perth,p98,175.6
2026-01-14,WA,Perth,ulp91,149.4
2026-01-14,WA,Port Hedland,diesel,180.8
2026-01-14,WA,Port Hedland,ulp91,175.7
2026-01-15,NSW,Newcastle,diesel,153.6
2026-01-15,NSW,Sydney,diesel,153.5
2026-01-15,NSW,Sydney,e10,150.8
2026-01-15,NSW,Sydney,p95,158.0
2026-01-15,NSW,Sydney,p98,172.0
2026-01-15,NSW,Sydney,ulp91,150.4
2026-01-15,NT,Darwin,diesel,159.1
2026-01-15,NT,Darwin,p95,163.7
2026-01-15,NT,Darwin,ulp91,154.9
2026-01-15,QLD,Brisbane,b5,161.0
2026-01-15,QLD,Brisbane,diesel,152.2
2026-01-15,QLD,Brisbane,e10,149.8
2026-01-15,QLD,Brisbane,p95,156.2
2026-01-15,QLD,Brisbane,p98,170.4
2026-01-15,QLD,Brisbane,ulp91,148.6
2026-01-15,QLD,Cairns,diesel,157.7
2026-01-15,QLD,Cairns,p95,168.4
2026-01-15,QLD,Cairns,ulp91,154.9
2026-01-15,QLD,Gladstone,diesel,156.0
2026-01-15,QLD,Gladstone,p95,162.0
2026-01-15,QLD,Gladstone,ulp91,154.3
2026-01-15,QLD,Mackay,diesel,156.1
2026-01-15,QLD,Mackay,ulp91,154.9
2026-01-15,QLD,Townsville,diesel,157.2
2026-01-15,QLD,Townsville,p95,163.6
2026-01-15,QLD,Townsville,p98,180.6
2026-01-15,QLD,Townsville,ulp91,154.2
2026-01-15,QLD,Weipa,diesel,166.8
2026-01-15,QLD,Weipa,ulp91,177.2
2026-01-15,SA,Adelaide,diesel,154.0
2026-01-15,SA,Adelaide,e10,151.5
2026-01-15,SA,Adelaide,p95,158.6
2026-01-15,SA,Adelaide,p98,173.8
2026-01-15,SA,Adelaide,ulp91,149.7
2026-01-15,SA,Port Lincoln,diesel,161.1
2026-01-15,SA,Port Lincoln,p98,183.0
2026-01-15,SA,Port Lincoln,ulp91,156.1
2026-01-15,TAS,Devonport,diesel,159.7
2026-01-15,TAS,Devonport,p95,164.4
2026-01-15,TAS,Devonport,ulp91,154.3
2026-01-15,TAS,Hobart,diesel,159.1
2026-01-15,TAS,Hobart,p95,164.4
2026-01-15,TAS,Hobart,p98,180.3
2026-01-15,TAS,Hobart,ulp91,154.4
2026-01-15,VIC,Geelong,diesel,152.5
2026-01-15,VIC,Geelong,p95,155.3
2026-01-15,VIC,Geelong,p98,169.9
2026-01-15,VIC,Geelong,ulp91,147.8
2026-01-15,VIC,Melbourne,diesel,152.5
2026-01-15,VIC,Melbourne,e10,149.0
2026-01-15,VIC,Melbourne,p95,155.3
2026-01-15,VIC,Melbourne,p98,169.9
2026-01-15,VIC,Melbourne,ulp91,147.8
2026-01-15,WA,Broome,diesel,183.8
2026-01-15,WA,Broome,p95,201.7
2026-01-15,WA,Broome,ulp91,192.4
2026-01-15,WA,Cocos Island,diesel,204.1
2026-01-15,WA,Cocos Island,p95,366.3
2026-01-15,WA,Dampier,diesel,173.8
2026-01-15,WA,Esperance,diesel,156.8
2026-01-15,WA,King Bay,diesel,173.8
2026-01-15,WA,Perth,diesel,153.1
2026-01-15,WA,Perth,p95,161.3
2026-01-15,WA,Perth,p98,175.7
2026-01-15,WA,Perth,ulp91,149.7
2026-01-15,WA,Port Hedland,diesel,181.2
2026-01-15,WA,Port Hedland,ulp91,176.0
2026-01-16,NSW,Newcastle,diesel,154.0
2026-01-16,NSW,Sydney,diesel,153.9
2026-01-16,NSW,Sydney,e10,151.1
2026-01-16,NSW,Sydney,p95,158.3
2026-01-16,NSW,Sydney,p98,172.3
2026-01-16,NSW,Sydney,ulp91,150.7
2026-01-16,NT,Darwin,diesel,159.6
2026-01-16,NT,Darwin,p95,163.9
2026-01-16,NT,Darwin,ulp91,155.1
2026-01-16,QLD,Brisbane,b5,161.5
2026-01-16,QLD,Brisbane,diesel,152.7
2026-01-16,QLD,Brisbane,e10,150.1
2026-01-16,QLD,Brisbane,p95,156.4
2026-01-16,QLD,Brisbane,p98,170.7
2026-01-16,QLD,Brisbane,ulp91,148.9
2026-01-16,QLD,Cairns,diesel,158.2
2026-01-16,QLD,Cairns,p95,168.7
2026-01-16,QLD,Cairns,ulp91,155.2
2026-01-16,QLD,Gladstone,diesel,156.4
2026-01-16,QLD,Gladstone,p95,162.3
2026-01-16,QLD,Gladstone,ulp91,154.6
2026-01-16,QLD,Mackay,diesel,156.6
2026-01-16,QLD,Mackay,ulp91,155.2
2026-01-16,QLD,Townsville,diesel,157.6
2026-01-16,QLD,Townsville,p95,163.9
2026-01-16,QLD,Townsville,p98,180.9
2026-01-16,QLD,Townsville,ulp91,154.5
2026-01-16,QLD,Weipa,diesel,167.3
2026-01-16,QLD,Weipa,ulp91,177.5
2026-01-16,SA,Adelaide,diesel,154.5
2026-01-16,SA,Adelaide,e10,151.8
2026-01-16,SA,Adelaide,p95,158.9
2026-01-16,SA,Adelaide,p98,174.1
2026-01-16,SA,Adelaide,ulp91,150.0
2026-01-16,SA,Port Lincoln,diesel,161.6
2026-01-16,SA,Port Lincoln,p98,183.3
2026-01-16,SA,Port Lincoln,ulp91,156.4
2026-01-16,TAS,Devonport,diesel,160.2
2026-01-16,TAS,Devonport,p95,164.7
2026-01-16,TAS,Devonport,ulp91,154.6
2026-01-16,TAS,Hobart,diesel,159.6
2026-01-16,TAS,Hobart,p95,164.7
2026-01-16,TAS,Hobart,p98,180.6
2026-01-16,TAS,Hobart,ulp91,154.7
2026-01-16,VIC,Geelong,diesel,153.0
2026-01-16,VIC,Geelong,p95,155.6
2026-01-16,VIC,Geelong,p98,170.2
2026-01-16,VIC,Geelong,ulp91,148.1
2026-01-16,VIC,Melbourne,diesel,153.0
2026-01-16,VIC,Melbourne,e10,149.2
2026-01-16,VIC,Melbourne,p95,155.6
2026-01-16,VIC,Melbourne,p98,170.2
2026-01-16,VIC,Melbourne,ulp91,148.1
2026-01-16,WA,Broome,diesel,184.3
2026-01-16,WA,Broome,p95,202.3
2026-01-16,WA,Broome,ulp91,193.0
2026-01-16,WA,Cocos Island,diesel,204.5
2026-01-16,WA,Cocos Island,p95,366.6
2026-01-16,WA,Dampier,diesel,174.2
2026-01-16,WA,Esperance,diesel,157.3
2026-01-16,WA,King Bay,diesel,174.2
2026-01-16,WA,Perth,diesel,153.5
2026-01-16,WA,Perth,p95,161.6
2026-01-16,WA,Perth,p98,176.0
2026-01-16,WA,Perth,ulp91,149.9
2026-01-16,WA,Port Hedland,diesel,181.6
2026-01-16,WA,Port Hedland,ulp91,176.5
2026-01-17,NSW,Newcastle,diesel,155.3
2026-01-17,NSW,Sydney,diesel,155.2
2026-01-17,NSW,Sydney,e10,151.9
2026-01-17,NSW,Sydney,p95,159.1
2026-01-17,NSW,Sydney,p98,173.2
2026-01-17,NSW,Sydney,ulp91,151.5
2026-01-17,NT,Darwin,diesel,160.8
2026-01-17,NT,Darwin,p95,164.7
2026-01-17,NT,Darwin,ulp91,155.9
2026-01-17,QLD,Brisbane,b5,162.7
2026-01-17,QLD,Brisbane,diesel,154.0
2026-01-17,QLD,Brisbane,e10,150.9
2026-01-17,QLD,Brisbane,p95,157.3
2026-01-17,QLD,Brisbane,p98,171.5
2026-01-17,QLD,Brisbane,ulp91,149.7
2026-01-17,QLD,Cairns,diesel,159.5
2026-01-17,QLD,Cairns,p95,169.5
2026-01-17,QLD,Cairns,ulp91,156.0
2026-01-17,QLD,Gladstone,diesel,157.7
2026-01-17,QLD,Gladstone,p95,163.1
2026-01-17,QLD,Gladstone,ulp91,155.4
2026-01-17,QLD,Mackay,diesel,157.9
2026-01-17,QLD,Mackay,ulp91,156.1
2026-01-17,QLD,Townsville,diesel,158.9
2026-01-17,QLD,Townsville,p95,164.7
2026-01-17,QLD,Townsville,p98,181.8
2026-01-17,QLD,Townsville,ulp91,155.3
2026-01-17,QLD,Weipa,diesel,168.6
2026-01-17,QLD,Weipa,ulp91,178.4
2026-01-17,SA,Adelaide,diesel,155.8
2026-01-17,SA,Adelaide,e10,152.6
2026-01-17,SA,Adelaide,p95,159.8
2026-01-17,SA,Adelaide,p98,175.0
2026-01-17,SA,Adelaide,ulp91,150.8
2026-01-17,SA,Port Lincoln,diesel,162.9
2026-01-17,SA,Port Lincoln,p98,184.2
2026-01-17,SA,Port Lincoln,ulp91,157.2
2026-01-17,TAS,Devonport,diesel,161.5
2026-01-17,TAS,Devonport,p95,165.5
2026-01-17,TAS,Devonport,ulp91,155.4
2026-01-17,TAS,Hobart,diesel,160.9
2026-01-17,TAS,Hobart,p95,165.6
2026-01-17,TAS,Hobart,p98,181.5
2026-01-17,TAS,Hobart,ulp91,155.5
2026-01-17,VIC,Geelong,diesel,154.3
2026-01-17,VIC,Geelong,p95,156.4
2026-01-17,VIC,Geelong,p98,171.0
2026-01-17,VIC,Geelong,ulp91,148.9
2026-01-17,VIC,Melbourne,diesel,154.3
2026-01-17,VIC,Melbourne,e10,150.0
2026-01-17,VIC,Melbourne,p95,156.4
2026-01-17,VIC,Melbourne,p98,171.0
2026-01-17,VIC,Melbourne,ulp91,148.9
2026-01-17,WA,Broome,diesel,185.6
2026-01-17,WA,Broome,p95,203.5
2026-01-17,WA,Broome,ulp91,194.1
2026-01-17,WA,Cocos Island,diesel,205.7
2026-01-17,WA,Cocos Island,p95,367.3
2026-01-17,WA,Dampier,diesel,175.5
2026-01-17,WA,Esperance,diesel,158.5
2026-01-17,WA,King Bay,diesel,175.5
2026-01-17,WA,Perth,diesel,154.8
2026-01-17,WA,Perth,p95,162.4
2026-01-17,WA,Perth,p98,176.8
2026-01-17,WA,Perth,ulp91,150.7
2026-01-17,WA,Port Hedland,diesel,182.9
2026-01-17,WA,Port Hedland,ulp91,177.5
2026-01-20,NSW,Newcastle,diesel,156.5
2026-01-20,NSW,Sydney,diesel,156.4
2026-01-20,NSW,Sydney,e10,152.4
2026-01-20,NSW,Sydney,p95,159.6
2026-01-20,NSW,Sydney,p98,173.7
2026-01-20,NSW,Sydney,ulp91,152.0
2026-01-20,NT,Darwin,diesel,162.0
2026-01-20,NT,Darwin,p95,165.2
2026-01-20,NT,Darwin,ulp91,156.4
2026-01-20,QLD,Brisbane,b5,163.8
2026-01-20,QLD,Brisbane,diesel,155.1
2026-01-20,QLD,Brisbane,e10,151.3
2026-01-20,QLD,Brisbane,p95,157.7
2026-01-20,QLD,Brisbane,p98,172.0
2026-01-20,QLD,Brisbane,ulp91,150.2
2026-01-20,QLD,Cairns,diesel,160.6
2026-01-20,QLD,Cairns,p95,170.1
2026-01-20,QLD,Cairns,ulp91,156.5
2026-01-20,QLD,Gladstone,diesel,158.9
2026-01-20,QLD,Gladstone,p95,163.6
2026-01-20,QLD,Gladstone,ulp91,155.9
2026-01-20,QLD,Mackay,diesel,159.1
2026-01-20,QLD,Mackay,ulp91,156.5
2026-01-20,QLD,Townsville,diesel,160.1
2026-01-20,QLD,Townsville,p95,165.2
2026-01-20,QLD,Townsville,p98,182.3
2026-01-20,QLD,Townsville,ulp91,155.8
2026-01-20,QLD,Weipa,diesel,169.9
2026-01-20,QLD,Weipa,ulp91,178.9
2026-01-20,SA,Adelaide,diesel,157.0
2026-01-20,SA,Adelaide,e10,153.1
2026-01-20,SA,Adelaide,p95,160.2
2026-01-20,SA,Adelaide,p98,175.4
2026-01-20,SA,Adelaide,ulp91,151.3
2026-01-20,SA,Port Lincoln,diesel,164.1
2026-01-20,SA,Port Lincoln,p98,184.7
2026-01-20,SA,Port Lincoln,ulp91,157.7
2026-01-20,TAS,Devonport,diesel,162.7
2026-01-20,TAS,Devonport,p95,166.1
2026-01-20,TAS,Devonport,ulp91,155.9
2026-01-20,TAS,Hobart,diesel,162.1
2026-01-20,TAS,Hobart,p95,166.1
2026-01-20,TAS,Hobart,p98,182.0
2026-01-20,TAS,Hobart,ulp91,156.0
2026-01-20,VIC,Geelong,diesel,155.4
2026-01-20,VIC,Geelong,p95,156.9
2026-01-20,VIC,Geelong,p98,171.5
2026-01-20,VIC,Geelong,ulp91,149.3
2026-01-20,VIC,Melbourne,diesel,155.4
2026-01-20,VIC,Melbourne,e10,150.5
2026-01-20,VIC,Melbourne,p95,156.9
2026-01-20,VIC,Melbourne,p98,171.5
2026-01-20,VIC,Melbourne,ulp91,149.3
2026-01-20,WA,Broome,diesel,186.9
2026-01-20,WA,Broome,p95,204.6
2026-01-20,WA,Broome,ulp91,195.2
2026-01-20,WA,Cocos Island,diesel,206.7
2026-01-20,WA,Cocos Island,p95,367.7
2026-01-20,WA,Dampier,diesel,176.6
2026-01-20,WA,Esperance,diesel,159.7
2026-01-20,WA,King Bay,diesel,176.6
2026-01-20,WA,Perth,diesel,155.9
2026-01-20,WA,Perth,p95,162.8
2026-01-20,WA,Perth,p98,177.2
2026-01-20,WA,Perth,ulp91,151.2
2026-01-20,WA,Port Hedland,diesel,184.1
2026-01-20,WA,Port Hedland,ulp91,178.3
2026-01-21,NSW,Newcastle,diesel,157.0
2026-01-21,NSW,Sydney,diesel,156.9
2026-01-21,NSW,Sydney,e10,152.2
2026-01-21,NSW,Sydney,p95,159.5
2026-01-21,NSW,Sydney,p98,173.5
2026-01-21,NSW,Sydney,ulp91,151.8
2026-01-21,NT,Darwin,diesel,162.4
2026-01-21,NT,Darwin,p95,165.0
2026-01-21,NT,Darwin,ulp91,156.2
2026-01-21,QLD,Brisbane,b5,164.3
2026-01-21,QLD,Brisbane,diesel,155.7
2026-01-21,QLD,Brisbane,e10,151.1
2026-01-21,QLD,Brisbane,p95,157.6
2026-01-21,QLD,Brisbane,p98,171.9
2026-01-21,QLD,Brisbane,ulp91,150.0
2026-01-21,QLD,Cairns,diesel,161.2
2026-01-21,QLD,Cairns,p95,169.9
2026-01-21,QLD,Cairns,ulp91,156.3
2026-01-21,QLD,Gladstone,diesel,159.4
2026-01-21,QLD,Gladstone,p95,163.5
2026-01-21,QLD,Gladstone,ulp91,155.8
2026-01-21,QLD,Mackay,diesel,159.6
2026-01-21,QLD,Mackay,ulp91,156.4
2026-01-21,QLD,Townsville,diesel,160.6
2026-01-21,QLD,Townsville,p95,165.1
2026-01-21,QLD,Townsville,p98,182.2
2026-01-21,QLD,Townsville,ulp91,155.6
2026-01-21,QLD,Weipa,diesel,170.5
2026-01-21,QLD,Weipa,ulp91,178.8
2026-01-21,SA,Adelaide,diesel,157.5
2026-01-21,SA,Adelaide,e10,152.9
2026-01-21,SA,Adelaide,p95,160.1
2026-01-21,SA,Adelaide,p98,175.3
2026-01-21,SA,Adelaide,ulp91,151.1
2026-01-21,SA,Port Lincoln,diesel,164.7
2026-01-21,SA,Port Lincoln,p98,184.5
2026-01-21,SA,Port Lincoln,ulp91,157.6
2026-01-21,TAS,Devonport,diesel,163.3
2026-01-21,TAS,Devonport,p95,165.9
2026-01-21,TAS,Devonport,ulp91,155.8
2026-01-21,TAS,Hobart,diesel,162.7
2026-01-21,TAS,Hobart,p95,166.0
2026-01-21,TAS,Hobart,p98,181.9
2026-01-21,TAS,Hobart,ulp91,155.9
2026-01-21,VIC,Geelong,diesel,155.9
2026-01-21,VIC,Geelong,p95,156.7
2026-01-21,VIC,Geelong,p98,171.3
2026-01-21,VIC,Geelong,ulp91,149.2
2026-01-21,VIC,Melbourne,diesel,155.9
2026-01-21,VIC,Melbourne,e10,150.3
2026-01-21,VIC,Melbourne,p95,156.7
2026-01-21,VIC,Melbourne,p98,171.3
2026-01-21,VIC,Melbourne,ulp91,149.2
2026-01-21,WA,Broome,diesel,187.5
2026-01-21,WA,Broome,p95,204.9
2026-01-21,WA,Broome,ulp91,195.5
2026-01-21,WA,Cocos Island,diesel,207.1
2026-01-21,WA,Cocos Island,p95,367.5
2026-01-21,WA,Dampier,diesel,177.1
2026-01-21,WA,Esperance,diesel,160.2
2026-01-21,WA,King Bay,diesel,177.1
2026-01-21,WA,Perth,diesel,156.4
2026-01-21,WA,Perth,p95,162.7
2026-01-21,WA,Perth,p98,177.1
2026-01-21,WA,Perth,ulp91,150.9
2026-01-21,WA,Port Hedland,diesel,184.6
2026-01-21,WA,Port Hedland,ulp91,178.4
2026-01-22,NSW,Newcastle,diesel,157.6
2026-01-22,NSW,Sydney,diesel,157.5
2026-01-22,NSW,Sydney,e10,152.1
2026-01-22,NSW,Sydney,p95,159.3
2026-01-22,NSW,Sydney,p98,173.4
2026-01-22,NSW,Sydney,ulp91,151.7
2026-01-22,NT,Darwin,diesel,163.0
2026-01-22,NT,Darwin,p95,164.8
2026-01-22,NT,Darwin,ulp91,156.1
2026-01-22,QLD,Brisbane,b5,164.8
2026-01-22,QLD,Brisbane,diesel,156.2
2026-01-22,QLD,Brisbane,e10,151.0
2026-01-22,QLD,Brisbane,p95,157.4
2026-01-22,QLD,Brisbane,p98,171.7
2026-01-22,QLD,Brisbane,ulp91,149.9
2026-01-22,QLD,Cairns,diesel,161.7
2026-01-22,QLD,Cairns,p95,169.8
2026-01-22,QLD,Cairns,ulp91,156.2
2026-01-22,QLD,Gladstone,diesel,160.0
2026-01-22,QLD,Gladstone,p95,163.4
2026-01-22,QLD,Gladstone,ulp91,155.7
2026-01-22,QLD,Mackay,diesel,160.1
2026-01-22,QLD,Mackay,ulp91,156.3
2026-01-22,QLD,Townsville,diesel,161.2
2026-01-22,QLD,Townsville,p95,165.0
2026-01-22,QLD,Townsville,p98,182.1
2026-01-22,QLD,Townsville,ulp91,155.5
2026-01-22,QLD,Weipa,diesel,171.1
2026-01-22,QLD,Weipa,ulp91,178.8
2026-01-22,SA,Adelaide,diesel,158.1
2026-01-22,SA,Adelaide,e10,152.8
2026-01-22,SA,Adelaide,p95,159.9
2026-01-22,SA,Adelaide,p98,175.2
2026-01-22,SA,Adelaide,ulp91,151.0
2026-01-22,SA,Port Lincoln,diesel,165.3
2026-01-22,SA,Port Lincoln,p98,184.3
2026-01-22,SA,Port Lincoln,ulp91,157.5
2026-01-22,TAS,Devonport,diesel,163.9
2026-01-22,TAS,Devonport,p95,165.8
2026-01-22,TAS,Devonport,ulp91,155.7
2026-01-22,TAS,Hobart,diesel,163.2
2026-01-22,TAS,Hobart,p95,165.9
2026-01-22,TAS,Hobart,p98,181.8
2026-01-22,TAS,Hobart,ulp91,155.8
2026-01-22,VIC,Geelong,diesel,156.5
2026-01-22,VIC,Geelong,p95,156.6
2026-01-22,VIC,Geelong,p98,171.2
2026-01-22,VIC,Geelong,ulp91,149.1
2026-01-22,VIC,Melbourne,diesel,156.5
2026-01-22,VIC,Melbourne,e10,150.2
2026-01-22,VIC,Melbourne,p95,156.6
2026-01-22,VIC,Melbourne,p98,171.2
2026-01-22,VIC,Melbourne,ulp91,149.1
2026-01-22,WA,Broome,diesel,188.1
2026-01-22,WA,Broome,p95,205.2
2026-01-22,WA,Broome,ulp91,195.9
2026-01-22,WA,Cocos Island,diesel,207.6
2026-01-22,WA,Cocos Island,p95,367.4
2026-01-22,WA,Dampier,diesel,177.6
2026-01-22,WA,Esperance,diesel,160.7
2026-01-22,WA,King Bay,diesel,177.6
2026-01-22,WA,Perth,diesel,156.9
2026-01-22,WA,Perth,p95,162.5
2026-01-22,WA,Perth,p98,176.9
2026-01-22,WA,Perth,ulp91,150.8
2026-01-22,WA,Port Hedland,diesel,185.1
2026-01-22,WA,Port Hedland,ulp91,178.6
2026-01-23,NSW,Newcastle,diesel,157.8
2026-01-23,NSW,Sydney,diesel,157.8
2026-01-23,NSW,Sydney,e10,151.9
2026-01-23,NSW,Sydney,p95,159.1
2026-01-23,NSW,Sydney,p98,173.1
2026-01-23,NSW,Sydney,ulp91,151.5
2026-01-23,NT,Darwin,diesel,163.2
2026-01-23,NT,Darwin,p95,164.5
2026-01-23,NT,Darwin,ulp91,155.8
2026-01-23,QLD,Brisbane,b5,165.1
2026-01-23,QLD,Brisbane,diesel,156.4
2026-01-23,QLD,Brisbane,e10,150.8
2026-01-23,QLD,Brisbane,p95,157.2
2026-01-23,QLD,Brisbane,p98,171.4
2026-01-23,QLD,Brisbane,ulp91,149.7
2026-01-23,QLD,Cairns,diesel,162.0
2026-01-23,QLD,Cairns,p95,169.5
2026-01-23,QLD,Cairns,ulp91,156.0
2026-01-23,QLD,Gladstone,diesel,160.2
2026-01-23,QLD,Gladstone,p95,163.1
2026-01-23,QLD,Gladstone,ulp91,155.5
2026-01-23,QLD,Mackay,diesel,160.4
2026-01-23,QLD,Mackay,ulp91,156.1
2026-01-23,QLD,Townsville,diesel,161.4
2026-01-23,QLD,Townsville,p95,164.7
2026-01-23,QLD,Townsville,p98,181.8
2026-01-23,QLD,Townsville,ulp91,155.3
2026-01-23,QLD,Weipa,diesel,171.4
2026-01-23,QLD,Weipa,ulp91,178.6
2026-01-23,SA,Adelaide,diesel,158.3
2026-01-23,SA,Adelaide,e10,152.6
2026-01-23,SA,Adelaide,p95,159.7
2026-01-23,SA,Adelaide,p98,174.9
2026-01-23,SA,Adelaide,ulp91,150.8
2026-01-23,SA,Port Lincoln,diesel,165.6
2026-01-23,SA,Port Lincoln,p98,184.1
2026-01-23,SA,Port Lincoln,ulp91,157.3
2026-01-23,TAS,Devonport,diesel,164.2
2026-01-23,TAS,Devonport,p95,165.5
2026-01-23,TAS,Devonport,ulp91,155.5
2026-01-23,TAS,Hobart,diesel,163.5
2026-01-23,TAS,Hobart,p95,165.6
2026-01-23,TAS,Hobart,p98,181.5
2026-01-23,TAS,Hobart,ulp91,155.6
2026-01-23,VIC,Geelong,diesel,156.8
2026-01-23,VIC,Geelong,p95,156.3
2026-01-23,VIC,Geelong,p98,170.9
2026-01-23,VIC,Geelong,ulp91,148.8
2026-01-23,VIC,Melbourne,diesel,156.8
2026-01-23,VIC,Melbourne,e10,150.0
2026-01-23,VIC,Melbourne,p95,156.3
2026-01-23,VIC,Melbourne,p98,170.9
2026-01-23,VIC,Melbourne,ulp91,148.8
2026-01-23,WA,Broome,diesel,188.4
2026-01-23,WA,Broome,p95,205.3
2026-01-23,WA,Broome,ulp91,196.0
2026-01-23,WA,Cocos Island,diesel,207.8
2026-01-23,WA,Cocos Island,p95,367.1
2026-01-23,WA,Dampier,diesel,177.9
2026-01-23,WA,Esperance,diesel,160.9
2026-01-23,WA,King Bay,diesel,177.9
2026-01-23,WA,Perth,diesel,157.2
2026-01-23,WA,Perth,p95,162.2
2026-01-23,WA,Perth,p98,176.6
2026-01-23,WA,Perth,ulp91,150.6
2026-01-23,WA,Port Hedland,diesel,185.3
2026-01-23,WA,Port Hedland,ulp91,178.6
2026-01-24,NSW,Newcastle,diesel,158.1
2026-01-24,NSW,Sydney,diesel,158.0
2026-01-24,NSW,Sydney,e10,151.8
2026-01-24,NSW,Sydney,p95,158.9
2026-01-24,NSW,Sydney,p98,172.9
2026-01-24,NSW,Sydney,ulp91,151.4
2026-01-24,NT,Darwin,diesel,163.4
2026-01-24,NT,Darwin,p95,164.3
2026-01-24,NT,Darwin,ulp91,155.7
2026-01-24,QLD,Brisbane,b5,165.3
2026-01-24,QLD,Brisbane,diesel,156.7
2026-01-24,QLD,Brisbane,e10,150.7
2026-01-24,QLD,Brisbane,p95,156.9
2026-01-24,QLD,Brisbane,p98,171.2
2026-01-24,QLD,Brisbane,ulp91,149.6
2026-01-24,QLD,Cairns,diesel,162.2
2026-01-24,QLD,Cairns,p95,169.3
2026-01-24,QLD,Cairns,ulp91,155.9
2026-01-24,QLD,Gladstone,diesel,160.5
2026-01-24,QLD,Gladstone,p95,162.9
2026-01-24,QLD,Gladstone,ulp91,155.4
2026-01-24,QLD,Mackay,diesel,160.6
2026-01-24,QLD,Mackay,ulp91,156.0
2026-01-24,QLD,Townsville,diesel,161.7
2026-01-24,QLD,Townsville,p95,164.5
2026-01-24,QLD,Townsville,p98,181.6
2026-01-24,QLD,Townsville,ulp91,155.2
2026-01-24,QLD,Weipa,diesel,171.7
2026-01-24,QLD,Weipa,ulp91,178.5
2026-01-24,SA,Adelaide,diesel,158.6
2026-01-24,SA,Adelaide,e10,152.5
2026-01-24,SA,Adelaide,p95,159.5
2026-01-24,SA,Adelaide,p98,174.7
2026-01-24,SA,Adelaide,ulp91,150.7
2026-01-24,SA,Port Lincoln,diesel,165.8
2026-01-24,SA,Port Lincoln,p98,183.8
2026-01-24,SA,Port Lincoln,ulp91,157.2
2026-01-24,TAS,Devonport,diesel,164.4
2026-01-24,TAS,Devonport,p95,165.3
2026-01-24,TAS,Devonport,ulp91,155.4
2026-01-24,TAS,Hobart,diesel,163.8
2026-01-24,TAS,Hobart,p95,165.4
2026-01-24,TAS,Hobart,p98,181.3
2026-01-24,TAS,Hobart,ulp91,155.5
2026-01-24,VIC,Geelong,diesel,157.0
2026-01-24,VIC,Geelong,p95,156.1
2026-01-24,VIC,Geelong,p98,170.7
2026-01-24,VIC,Geelong,ulp91,148.7
2026-01-24,VIC,Melbourne,diesel,157.0
2026-01-24,VIC,Melbourne,e10,149.9
2026-01-24,VIC,Melbourne,p95,156.1
2026-01-24,VIC,Melbourne,p98,170.7
2026-01-24,VIC,Melbourne,ulp91,148.7
2026-01-24,WA,Broome,diesel,188.7
2026-01-24,WA,Broome,p95,205.2
2026-01-24,WA,Broome,ulp91,196.0
2026-01-24,WA,Cocos Island,diesel,208.0
2026-01-24,WA,Cocos Island,p95,366.9
2026-01-24,WA,Dampier,diesel,178.1
2026-01-24,WA,Esperance,diesel,161.2
2026-01-24,WA,King Bay,diesel,178.1
2026-01-24,WA,Perth,diesel,157.4
2026-01-24,WA,Perth,p95,162.0
2026-01-24,WA,Perth,p98,176.4
2026-01-24,WA,Perth,ulp91,150.4
2026-01-24,WA,Port Hedland,diesel,185.5
2026-01-24,WA,Port Hedland,ulp91,178.6
2026-01-27,NSW,Newcastle,diesel,158.4
2026-01-27,NSW,Sydney,diesel,158.4
2026-01-27,NSW,Sydney,e10,151.7
2026-01-27,NSW,Sydney,p95,158.6
2026-01-27,NSW,Sydney,p98,172.7
2026-01-27,NSW,Sydney,ulp91,151.3
2026-01-27,NT,Darwin,diesel,163.8
2026-01-27,NT,Darwin,p95,164.1
2026-01-27,NT,Darwin,ulp91,155.6
2026-01-27,QLD,Brisbane,b5,165.7
2026-01-27,QLD,Brisbane,diesel,157.0
2026-01-27,QLD,Brisbane,e10,150.6
2026-01-27,QLD,Brisbane,p95,156.7
2026-01-27,QLD,Brisbane,p98,171.0
2026-01-27,QLD,Brisbane,ulp91,149.4
2026-01-27,QLD,Cairns,diesel,162.6
2026-01-27,QLD,Cairns,p95,169.1
2026-01-27,QLD,Cairns,ulp91,155.7
2026-01-27,QLD,Gladstone,diesel,160.8
2026-01-27,QLD,Gladstone,p95,162.7
2026-01-27,QLD,Gladstone,ulp91,155.2
2026-01-27,QLD,Mackay,diesel,161.0
2026-01-27,QLD,Mackay,ulp91,155.9
2026-01-27,QLD,Townsville,diesel,162.0
2026-01-27,QLD,Townsville,p95,164.2
2026-01-27,QLD,Townsville,p98,181.3
2026-01-27,QLD,Townsville,ulp91,155.1
2026-01-27,QLD,Weipa,diesel,172.0
2026-01-27,QLD,Weipa,ulp91,178.3
2026-01-27,SA,Adelaide,diesel,158.9
2026-01-27,SA,Adelaide,e10,152.3
2026-01-27,SA,Adelaide,p95,159.2
2026-01-27,SA,Adelaide,p98,174.4
2026-01-27,SA,Adelaide,ulp91,150.6
2026-01-27,SA,Port Lincoln,diesel,166.1
2026-01-27,SA,Port Lincoln,p98,183.6
2026-01-27,SA,Port Lincoln,ulp91,157.1
2026-01-27,TAS,Devonport,diesel,164.8
2026-01-27,TAS,Devonport,p95,165.1
2026-01-27,TAS,Devonport,ulp91,155.3
2026-01-27,TAS,Hobart,diesel,164.1
2026-01-27,TAS,Hobart,p95,165.2
2026-01-27,TAS,Hobart,p98,181.0
2026-01-27,TAS,Hobart,ulp91,155.3
2026-01-27,VIC,Geelong,diesel,157.3
2026-01-27,VIC,Geelong,p95,155.9
2026-01-27,VIC,Geelong,p98,170.4
2026-01-27,VIC,Geelong,ulp91,148.6
2026-01-27,VIC,Melbourne,diesel,157.3
2026-01-27,VIC,Melbourne,e10,149.7
2026-01-27,VIC,Melbourne,p95,155.9
2026-01-27,VIC,Melbourne,p98,170.4
2026-01-27,VIC,Melbourne,ulp91,148.6
2026-01-27,WA,Broome,diesel,189.0
2026-01-27,WA,Broome,p95,204.7
2026-01-27,WA,Broome,ulp91,195.6
2026-01-27,WA,Cocos Island,diesel,208.3
2026-01-27,WA,Cocos Island,p95,366.7
2026-01-27,WA,Dampier,diesel,178.4
2026-01-27,WA,Esperance,diesel,161.5
2026-01-27,WA,King Bay,diesel,178.4
2026-01-27,WA,Perth,diesel,157.7
2026-01-27,WA,Perth,p95,161.7
2026-01-27,WA,Perth,p98,176.1
2026-01-27,WA,Perth,ulp91,150.3
2026-01-27,WA,Port Hedland,diesel,185.9
2026-01-27,WA,Port Hedland,ulp91,178.3
2026-01-28,NSW,Newcastle,diesel,158.5
2026-01-28,NSW,Sydney,diesel,158.4
2026-01-28,NSW,Sydney,e10,151.6
2026-01-28,NSW,Sydney,p95,158.5
2026-01-28,NSW,Sydney,p98,172.5
2026-01-28,NSW,Sydney,ulp91,151.2
2026-01-28,NT,Darwin,diesel,163.9
2026-01-28,NT,Darwin,p95,164.0
2026-01-28,NT,Darwin,ulp91,155.5
2026-01-28,QLD,Brisbane,b5,165.7
2026-01-28,QLD,Brisbane,diesel,157.1
2026-01-28,QLD,Brisbane,e10,150.5
2026-01-28,QLD,Brisbane,p95,156.6
2026-01-28,QLD,Brisbane,p98,170.8
2026-01-28,QLD,Brisbane,ulp91,149.4
2026-01-28,QLD,Cairns,diesel,162.7
2026-01-28,QLD,Cairns,p95,168.9
2026-01-28,QLD,Cairns,ulp91,155.7
2026-01-28,QLD,Gladstone,diesel,160.9
2026-01-28,QLD,Gladstone,p95,162.5
2026-01-28,QLD,Gladstone,ulp91,155.2
2026-01-28,QLD,Mackay,diesel,161.1
2026-01-28,QLD,Mackay,ulp91,155.8
2026-01-28,QLD,Townsville,diesel,162.1
2026-01-28,QLD,Townsville,p95,164.1
2026-01-28,QLD,Townsville,p98,181.1
2026-01-28,QLD,Townsville,ulp91,155.0
2026-01-28,QLD,Weipa,diesel,172.0
2026-01-28,QLD,Weipa,ulp91,178.3
2026-01-28,SA,Adelaide,diesel,159.0
2026-01-28,SA,Adelaide,e10,152.3
2026-01-28,SA,Adelaide,p95,159.1
2026-01-28,SA,Adelaide,p98,174.2
2026-01-28,SA,Adelaide,ulp91,150.6
2026-01-28,SA,Port Lincoln,diesel,166.2
2026-01-28,SA,Port Lincoln,p98,183.4
2026-01-28,SA,Port Lincoln,ulp91,157.0
2026-01-28,TAS,Devonport,diesel,164.8
2026-01-28,TAS,Devonport,p95,165.0
2026-01-28,TAS,Devonport,ulp91,155.2
2026-01-28,TAS,Hobart,diesel,164.2
2026-01-28,TAS,Hobart,p95,165.0
2026-01-28,TAS,Hobart,p98,180.9
2026-01-28,TAS,Hobart,ulp91,155.3
2026-01-28,VIC,Geelong,diesel,157.4
2026-01-28,VIC,Geelong,p95,155.8
2026-01-28,VIC,Geelong,p98,170.3
2026-01-28,VIC,Geelong,ulp91,148.6
2026-01-28,VIC,Melbourne,diesel,157.4
2026-01-28,VIC,Melbourne,e10,149.7
2026-01-28,VIC,Melbourne,p95,155.8
2026-01-28,VIC,Melbourne,p98,170.3
2026-01-28,VIC,Melbourne,ulp91,148.6
2026-01-28,WA,Broome,diesel,189.0
2026-01-28,WA,Broome,p95,204.3
2026-01-28,WA,Broome,ulp91,195.2
2026-01-28,WA,Cocos Island,diesel,208.4
2026-01-28,WA,Cocos Island,p95,366.6
2026-01-28,WA,Dampier,diesel,178.5
2026-01-28,WA,Esperance,diesel,161.6
2026-01-28,WA,King Bay,diesel,178.5
2026-01-28,WA,Perth,diesel,157.8
2026-01-28,WA,Perth,p95,161.7
2026-01-28,WA,Perth,p98,176.0
2026-01-28,WA,Perth,ulp91,150.3
2026-01-28,WA,Port Hedland,diesel,186.0
2026-01-28,WA,Port Hedland,ulp91,178.0
2026-01-29,NSW,Newcastle,diesel,158.8
2026-01-29,NSW,Sydney,diesel,158.7
2026-01-29,NSW,Sydney,e10,151.6
2026-01-29,NSW,Sydney,p95,158.5
2026-01-29,NSW,Sydney,p98,172.4
2026-01-29,NSW,Sydney,ulp91,151.2
2026-01-29,NT,Darwin,diesel,164.2
2026-01-29,NT,Darwin,p95,164.0
2026-01-29,NT,Darwin,ulp91,155.5
2026-01-29,QLD,Brisbane,b5,166.0
2026-01-29,QLD,Brisbane,diesel,157.4
2026-01-29,QLD,Brisbane,e10,150.5
2026-01-29,QLD,Brisbane,p95,156.6
2026-01-29,QLD,Brisbane,p98,170.8
2026-01-29,QLD,Brisbane,ulp91,149.3
2026-01-29,QLD,Cairns,diesel,162.9
2026-01-29,QLD,Cairns,p95,168.9
2026-01-29,QLD,Cairns,ulp91,155.6
2026-01-29,QLD,Gladstone,diesel,161.2
2026-01-29,QLD,Gladstone,p95,162.4
2026-01-29,QLD,Gladstone,ulp91,155.1
2026-01-29,QLD,Mackay,diesel,161.3
2026-01-29,QLD,Mackay,ulp91,155.7
2026-01-29,QLD,Townsville,diesel,162.4
2026-01-29,QLD,Townsville,p95,164.1
2026-01-29,QLD,Townsville,p98,181.0
2026-01-29,QLD,Townsville,ulp91,154.9
2026-01-29,QLD,Weipa,diesel,172.2
2026-01-29,QLD,Weipa,ulp91,178.2
2026-01-29,SA,Adelaide,diesel,159.2
2026-01-29,SA,Adelaide,e10,152.3
2026-01-29,SA,Adelaide,p95,159.0
2026-01-29,SA,Adelaide,p98,174.2
2026-01-29,SA,Adelaide,ulp91,150.5
2026-01-29,SA,Port Lincoln,diesel,166.4
2026-01-29,SA,Port Lincoln,p98,183.4
2026-01-29,SA,Port Lincoln,ulp91,156.9
2026-01-29,TAS,Devonport,diesel,165.0
2026-01-29,TAS,Devonport,p95,164.9
2026-01-29,TAS,Devonport,ulp91,155.1
2026-01-29,TAS,Hobart,diesel,164.4
2026-01-29,TAS,Hobart,p95,165.0
2026-01-29,TAS,Hobart,p98,180.8
2026-01-29,TAS,Hobart,ulp91,155.2
2026-01-29,VIC,Geelong,diesel,157.7
2026-01-29,VIC,Geelong,p95,155.7
2026-01-29,VIC,Geelong,p98,170.2
2026-01-29,VIC,Geelong,ulp91,148.5
2026-01-29,VIC,Melbourne,diesel,157.7
2026-01-29,VIC,Melbourne,e10,149.7
2026-01-29,VIC,Melbourne,p95,155.7
2026-01-29,VIC,Melbourne,p98,170.2
2026-01-29,VIC,Melbourne,ulp91,148.5
2026-01-29,WA,Broome,diesel,189.2
2026-01-29,WA,Broome,p95,203.8
2026-01-29,WA,Broome,ulp91,194.8
2026-01-29,WA,Cocos Island,diesel,208.7
2026-01-29,WA,Cocos Island,p95,366.6
2026-01-29,WA,Dampier,diesel,178.8
2026-01-29,WA,Esperance,diesel,161.9
2026-01-29,WA,King Bay,diesel,178.8
2026-01-29,WA,Perth,diesel,158.1
2026-01-29,WA,Perth,p95,161.6
2026-01-29,WA,Perth,p98,176.0
2026-01-29,WA,Perth,ulp91,150.3
2026-01-29,WA,Port Hedland,diesel,186.3
2026-01-29,WA,Port Hedland,ulp91,177.7
2026-01-30,NSW,Newcastle,diesel,158.5
2026-01-30,NSW,Sydney,diesel,158.5
2026-01-30,NSW,Sydney,e10,151.1
2026-01-30,NSW,Sydney,p95,158.0
2026-01-30,NSW,Sydney,p98,171.9
2026-01-30,NSW,Sydney,ulp91,150.7
2026-01-30,NT,Darwin,diesel,164.0
2026-01-30,NT,Darwin,p95,163.5
2026-01-30,NT,Darwin,ulp91,155.1
2026-01-30,QLD,Brisbane,b5,165.8
2026-01-30,QLD,Brisbane,diesel,157.2
2026-01-30,QLD,Brisbane,e10,150.0
2026-01-30,QLD,Brisbane,p95,156.1
2026-01-30,QLD,Brisbane,p98,170.3
2026-01-30,QLD,Brisbane,ulp91,148.9
2026-01-30,QLD,Cairns,diesel,162.7
2026-01-30,QLD,Cairns,p95,168.4
2026-01-30,QLD,Cairns,ulp91,155.1
2026-01-30,QLD,Gladstone,diesel,160.9
2026-01-30,QLD,Gladstone,p95,161.9
2026-01-30,QLD,Gladstone,ulp91,154.6
2026-01-30,QLD,Mackay,diesel,161.1
2026-01-30,QLD,Mackay,ulp91,155.2
2026-01-30,QLD,Townsville,diesel,162.2
2026-01-30,QLD,Townsville,p95,163.6
2026-01-30,QLD,Townsville,p98,180.5
2026-01-30,QLD,Townsville,ulp91,154.4
2026-01-30,QLD,Weipa,diesel,171.9
2026-01-30,QLD,Weipa,ulp91,177.6
2026-01-30,SA,Adelaide,diesel,159.0
2026-01-30,SA,Adelaide,e10,151.8
2026-01-30,SA,Adelaide,p95,158.6
2026-01-30,SA,Adelaide,p98,173.7
2026-01-30,SA,Adelaide,ulp91,150.0
2026-01-30,SA,Port Lincoln,diesel,166.2
2026-01-30,SA,Port Lincoln,p98,182.9
2026-01-30,SA,Port Lincoln,ulp91,156.4
2026-01-30,TAS,Devonport,diesel,164.8
2026-01-30,TAS,Devonport,p95,164.4
2026-01-30,TAS,Devonport,ulp91,154.6
2026-01-30,TAS,Hobart,diesel,164.2
2026-01-30,TAS,Hobart,p95,164.5
2026-01-30,TAS,Hobart,p98,180.3
2026-01-30,TAS,Hobart,ulp91,154.7
2026-01-30,VIC,Geelong,diesel,157.5
2026-01-30,VIC,Geelong,p95,155.3
2026-01-30,VIC,Geelong,p98,169.7
2026-01-30,VIC,Geelong,ulp91,148.0
2026-01-30,VIC,Melbourne,diesel,157.5
2026-01-30,VIC,Melbourne,e10,149.2
2026-01-30,VIC,Melbourne,p95,155.3
2026-01-30,VIC,Melbourne,p98,169.7
2026-01-30,VIC,Melbourne,ulp91,148.0
2026-01-30,WA,Broome,diesel,189.0
2026-01-30,WA,Broome,p95,203.0
2026-01-30,WA,Broome,ulp91,193.9
2026-01-30,WA,Cocos Island,diesel,208.5
2026-01-30,WA,Cocos Island,p95,366.2
2026-01-30,WA,Dampier,diesel,178.7
2026-01-30,WA,Esperance,diesel,161.7
2026-01-30,WA,King Bay,diesel,178.7
2026-01-30,WA,Perth,diesel,157.9
2026-01-30,WA,Perth,p95,161.2
2026-01-30,WA,Perth,p98,175.5
2026-01-30,WA,Perth,ulp91,149.8
2026-01-30,WA,Port Hedland,diesel,186.1
2026-01-30,WA,Port Hedland,ulp91,177.0
2026-02-02,NSW,Newcastle,diesel,159.5
2026-02-02,NSW,Sydney,diesel,159.4
2026-02-02,NSW,Sydney,e10,151.8
2026-02-02,NSW,Sydney,p95,158.7
2026-02-02,NSW,Sydney,p98,172.6
2026-02-02,NSW,Sydney,ulp91,151.4
2026-02-02,NT,Darwin,diesel,165.0
2026-02-02,NT,Darwin,p95,164.3
2026-02-02,NT,Darwin,ulp91,155.8
2026-02-02,QLD,Brisbane,b5,166.7
2026-02-02,QLD,Brisbane,diesel,158.1
2026-02-02,QLD,Brisbane,e10,150.7
2026-02-02,QLD,Brisbane,p95,156.8
2026-02-02,QLD,Brisbane,p98,170.9
2026-02-02,QLD,Brisbane,ulp91,149.6
2026-02-02,QLD,Cairns,diesel,163.6
2026-02-02,QLD,Cairns,p95,169.1
2026-02-02,QLD,Cairns,ulp91,155.8
2026-02-02,QLD,Gladstone,diesel,161.9
2026-02-02,QLD,Gladstone,p95,162.6
2026-02-02,QLD,Gladstone,ulp91,155.3
2026-02-02,QLD,Mackay,diesel,162.1
2026-02-02,QLD,Mackay,ulp91,155.9
2026-02-02,QLD,Townsville,diesel,163.1
2026-02-02,QLD,Townsville,p95,164.2
2026-02-02,QLD,Townsville,p98,181.1
2026-02-02,QLD,Townsville,ulp91,155.1
2026-02-02,QLD,Weipa,diesel,172.8
2026-02-02,QLD,Weipa,ulp91,178.3
2026-02-02,SA,Adelaide,diesel,160.0
2026-02-02,SA,Adelaide,e10,152.5
2026-02-02,SA,Adelaide,p95,159.3
2026-02-02,SA,Adelaide,p98,174.3
2026-02-02,SA,Adelaide,ulp91,150.7
2026-02-02,SA,Port Lincoln,diesel,167.1
2026-02-02,SA,Port Lincoln,p98,183.5
2026-02-02,SA,Port Lincoln,ulp91,157.1
2026-02-02,TAS,Devonport,diesel,165.7
2026-02-02,TAS,Devonport,p95,165.1
2026-02-02,TAS,Devonport,ulp91,155.3
2026-02-02,TAS,Hobart,diesel,165.1
2026-02-02,TAS,Hobart,p95,165.2
2026-02-02,TAS,Hobart,p98,180.9
2026-02-02,TAS,Hobart,ulp91,155.4
2026-02-02,VIC,Geelong,diesel,158.4
2026-02-02,VIC,Geelong,p95,156.0
2026-02-02,VIC,Geelong,p98,170.4
2026-02-02,VIC,Geelong,ulp91,148.8
2026-02-02,VIC,Melbourne,diesel,158.4
2026-02-02,VIC,Melbourne,e10,149.9
2026-02-02,VIC,Melbourne,p95,156.0
2026-02-02,VIC,Melbourne,p98,170.4
2026-02-02,VIC,Melbourne,ulp91,148.8
2026-02-02,WA,Broome,diesel,189.8
2026-02-02,WA,Broome,p95,203.3
2026-02-02,WA,Broome,ulp91,194.3
2026-02-02,WA,Cocos Island,diesel,209.4
2026-02-02,WA,Cocos Island,p95,366.9
2026-02-02,WA,Dampier,diesel,179.6
2026-02-02,WA,Esperance,diesel,162.7
2026-02-02,WA,King Bay,diesel,179.6
2026-02-02,WA,Perth,diesel,158.9
2026-02-02,WA,Perth,p95,161.9
2026-02-02,WA,Perth,p98,176.2
2026-02-02,WA,Perth,ulp91,150.6
2026-02-02,WA,Port Hedland,diesel,187.0
2026-02-02,WA,Port Hedland,ulp91,177.5
2026-02-03,NSW,Newcastle,diesel,159.6
2026-02-03,NSW,Sydney,diesel,159.5
2026-02-03,NSW,Sydney,e10,150.5
2026-02-03,NSW,Sydney,p95,158.1
2026-02-03,NSW,Sydney,p98,171.9
2026-02-03,NSW,Sydney,ulp91,150.0
2026-02-03,NT,Darwin,diesel,165.2
2026-02-03,NT,Darwin,p95,164.4
2026-02-03,NT,Darwin,ulp91,154.2
2026-02-03,QLD,Brisbane,b5,166.8
2026-02-03,QLD,Brisbane,diesel,158.2
2026-02-03,QLD,Brisbane,e10,149.6
2026-02-03,QLD,Brisbane,p95,156.3
2026-02-03,QLD,Brisbane,p98,170.3
2026-02-03,QLD,Brisbane,ulp91,148.3
2026-02-03,QLD,Cairns,diesel,163.8
2026-02-03,QLD,Cairns,p95,167.4
2026-02-03,QLD,Cairns,ulp91,155.2
2026-02-03,QLD,Gladstone,diesel,162.2
2026-02-03,QLD,Gladstone,p95,161.3
2026-02-03,QLD,Gladstone,ulp91,154.9
2026-02-03,QLD,Mackay,diesel,162.2
2026-02-03,QLD,Mackay,ulp91,155.4
2026-02-03,QLD,Townsville,diesel,163.4
2026-02-03,QLD,Townsville,p95,162.9
2026-02-03,QLD,Townsville,p98,179.2
2026-02-03,QLD,Townsville,ulp91,154.9
2026-02-03,QLD,Weipa,diesel,173.4
2026-02-03,QLD,Weipa,ulp91,177.9
2026-02-03,SA,Adelaide,diesel,160.0
2026-02-03,SA,Adelaide,e10,151.6
2026-02-03,SA,Adelaide,p95,157.1
2026-02-03,SA,Adelaide,p98,172.1
2026-02-03,SA,Adelaide,ulp91,149.7
2026-02-03,SA,Port Lincoln,diesel,167.8
2026-02-03,SA,Port Lincoln,p98,182.0
2026-02-03,SA,Port Lincoln,ulp91,157.5
2026-02-03,TAS,Devonport,diesel,165.7
2026-02-03,TAS,Devonport,p95,164.8
2026-02-03,TAS,Devonport,ulp91,154.3
2026-02-03,TAS,Hobart,diesel,165.0
2026-02-03,TAS,Hobart,p95,164.9
2026-02-03,TAS,Hobart,p98,180.6
2026-02-03,TAS,Hobart,ulp91,154.3
2026-02-03,VIC,Geelong,diesel,158.6
2026-02-03,VIC,Geelong,p95,155.5
2026-02-03,VIC,Geelong,p98,169.9
2026-02-03,VIC,Geelong,ulp91,147.5
2026-02-03,VIC,Melbourne,diesel,158.6
2026-02-03,VIC,Melbourne,e10,148.8
2026-02-03,VIC,Melbourne,p95,155.5
2026-02-03,VIC,Melbourne,p98,169.9
2026-02-03,VIC,Melbourne,ulp91,147.5
2026-02-03,WA,Broome,diesel,189.8
2026-02-03,WA,Broome,p95,201.4
2026-02-03,WA,Broome,ulp91,192.4
2026-02-03,WA,Cocos Island,diesel,210.0
2026-02-03,WA,Cocos Island,p95,372.1
2026-02-03,WA,Dampier,diesel,180.3
2026-02-03,WA,Esperance,diesel,162.9
2026-02-03,WA,King Bay,diesel,180.3
2026-02-03,WA,Perth,diesel,158.9
2026-02-03,WA,Perth,p95,161.7
2026-02-03,WA,Perth,p98,175.8
2026-02-03,WA,Perth,ulp91,149.6
2026-02-03,WA,Port Hedland,diesel,187.1
2026-02-04,NSW,Newcastle,diesel,160.1
2026-02-04,NSW,Sydney,diesel,160.0
2026-02-04,NSW,Sydney,e10,150.5
2026-02-04,NSW,Sydney,p95,158.0
2026-02-04,NSW,Sydney,p98,171.8
2026-02-04,NSW,Sydney,ulp91,150.0
2026-02-04,NT,Darwin,diesel,165.8
2026-02-04,NT,Darwin,p95,164.4
2026-02-04,NT,Darwin,ulp91,154.2
2026-02-04,QLD,Brisbane,b5,167.3
2026-02-04,QLD,Brisbane,diesel,158.7
2026-02-04,QLD,Brisbane,e10,149.6
2026-02-04,QLD,Brisbane,p95,156.2
2026-02-04,QLD,Brisbane,p98,170.2
2026-02-04,QLD,Brisbane,ulp91,148.3
2026-02-04,QLD,Cairns,diesel,164.3
2026-02-04,QLD,Cairns,p95,167.3
2026-02-04,QLD,Cairns,ulp91,155.2
2026-02-04,QLD,Gladstone,diesel,162.7
2026-02-04,QLD,Gladstone,p95,161.2
2026-02-04,QLD,Gladstone,ulp91,154.9
2026-02-04,QLD,Mackay,diesel,162.7
2026-02-04,QLD,Mackay,ulp91,155.4
2026-02-04,QLD,Townsville,diesel,163.9
2026-02-04,QLD,Townsville,p95,162.9
2026-02-04,QLD,Townsville,p98,179.1
2026-02-04,QLD,Townsville,ulp91,154.9
2026-02-04,QLD,Weipa,diesel,173.8
2026-02-04,QLD,Weipa,ulp91,177.8
2026-02-04,SA,Adelaide,diesel,160.5
2026-02-04,SA,Adelaide,e10,151.5
2026-02-04,SA,Adelaide,p95,157.1
2026-02-04,SA,Adelaide,p98,172.0
2026-02-04,SA,Adelaide,ulp91,149.7
2026-02-04,SA,Port Lincoln,diesel,168.2
2026-02-04,SA,Port Lincoln,p98,181.9
2026-02-04,SA,Port Lincoln,ulp91,157.5
2026-02-04,TAS,Devonport,diesel,166.2
2026-02-04,TAS,Devonport,p95,164.7
2026-02-04,TAS,Devonport,ulp91,154.2
2026-02-04,TAS,Hobart,diesel,165.5
2026-02-04,TAS,Hobart,p95,164.8
2026-02-04,TAS,Hobart,p98,180.5
2026-02-04,TAS,Hobart,ulp91,154.3
2026-02-04,VIC,Geelong,diesel,159.1
2026-02-04,VIC,Geelong,p95,155.4
2026-02-04,VIC,Geelong,p98,169.8
2026-02-04,VIC,Geelong,ulp91,147.5
2026-02-04,VIC,Melbourne,diesel,159.1
2026-02-04,VIC,Melbourne,e10,148.8
2026-02-04,VIC,Melbourne,p95,155.4
2026-02-04,VIC,Melbourne,p98,169.8
2026-02-04,VIC,Melbourne,ulp91,147.5
2026-02-04,WA,Broome,diesel,190.3
2026-02-04,WA,Broome,p95,201.1
2026-02-04,WA,Broome,ulp91,192.2
2026-02-04,WA,Cocos Island,diesel,210.4
2026-02-04,WA,Cocos Island,p95,372.1
2026-02-04,WA,Dampier,diesel,180.8
2026-02-04,WA,Esperance,diesel,163.3
2026-02-04,WA,King Bay,diesel,180.8
2026-02-04,WA,Perth,diesel,159.4
2026-02-04,WA,Perth,p95,161.6
2026-02-04,WA,Perth,p98,175.8
2026-02-04,WA,Perth,ulp91,149.6
2026-02-04,WA,Port Hedland,diesel,187.6
2026-02-05,NSW,Newcastle,diesel,160.2
2026-02-05,NSW,Sydney,diesel,160.0
2026-02-05,NSW,Sydney,e10,149.9
2026-02-05,NSW,Sydney,p95,157.5
2026-02-05,NSW,Sydney,p98,171.3
2026-02-05,NSW,Sydney,ulp91,149.5
2026-02-05,NT,Darwin,diesel,165.8
2026-02-05,NT,Darwin,p95,163.9
2026-02-05,NT,Darwin,ulp91,153.7
2026-02-05,QLD,Brisbane,b5,167.3
2026-02-05,QLD,Brisbane,diesel,158.8
2026-02-05,QLD,Brisbane,e10,149.1
2026-02-05,QLD,Brisbane,p95,155.7
2026-02-05,QLD,Brisbane,p98,169.7
2026-02-05,QLD,Brisbane,ulp91,147.8
2026-02-05,QLD,Cairns,diesel,164.3
2026-02-05,QLD,Cairns,p95,166.8
2026-02-05,QLD,Cairns,ulp91,154.7
2026-02-05,QLD,Gladstone,diesel,162.8
2026-02-05,QLD,Gladstone,p95,160.7
2026-02-05,QLD,Gladstone,ulp91,154.3
2026-02-05,QLD,Mackay,diesel,162.7
2026-02-05,QLD,Mackay,ulp91,154.7
2026-02-05,QLD,Townsville,diesel,163.9
2026-02-05,QLD,Townsville,p95,162.3
2026-02-05,QLD,Townsville,p98,178.5
2026-02-05,QLD,Townsville,ulp91,154.4
2026-02-05,QLD,Weipa,diesel,173.8
2026-02-05,QLD,Weipa,ulp91,177.3
2026-02-05,SA,Adelaide,diesel,160.5
2026-02-05,SA,Adelaide,e10,151.0
2026-02-05,SA,Adelaide,p95,156.5
2026-02-05,SA,Adelaide,p98,171.5
2026-02-05,SA,Adelaide,ulp91,149.2
2026-02-05,SA,Port Lincoln,diesel,168.3
2026-02-05,SA,Port Lincoln,p98,181.3
2026-02-05,SA,Port Lincoln,ulp91,157.0
2026-02-05,TAS,Devonport,diesel,166.2
2026-02-05,TAS,Devonport,p95,164.2
2026-02-05,TAS,Devonport,ulp91,153.7
2026-02-05,TAS,Hobart,diesel,165.5
2026-02-05,TAS,Hobart,p95,164.2
2026-02-05,TAS,Hobart,p98,179.9
2026-02-05,TAS,Hobart,ulp91,153.8
2026-02-05,VIC,Geelong,diesel,159.2
2026-02-05,VIC,Geelong,p95,154.9
2026-02-05,VIC,Geelong,p98,169.2
2026-02-05,VIC,Geelong,ulp91,147.0
2026-02-05,VIC,Melbourne,diesel,159.2
2026-02-05,VIC,Melbourne,e10,148.3
2026-02-05,VIC,Melbourne,p95,154.9
2026-02-05,VIC,Melbourne,p98,169.2
2026-02-05,VIC,Melbourne,ulp91,147.0
2026-02-05,WA,Broome,diesel,190.3
2026-02-05,WA,Broome,p95,200.4
2026-02-05,WA,Broome,ulp91,191.5
2026-02-05,WA,Cocos Island,diesel,210.5
2026-02-05,WA,Cocos Island,p95,371.6
2026-02-05,WA,Dampier,diesel,180.9
2026-02-05,WA,Esperance,diesel,163.4
2026-02-05,WA,King Bay,diesel,180.9
2026-02-05,WA,Perth,diesel,159.5
2026-02-05,WA,Perth,p95,161.1
2026-02-05,WA,Perth,p98,175.2
2026-02-05,WA,Perth,ulp91,149.1
2026-02-05,WA,Port Hedland,diesel,187.6
2026-02-06,NSW,Newcastle,diesel,160.4
2026-02-06,NSW,Sydney,diesel,160.2
2026-02-06,NSW,Sydney,e10,149.8
2026-02-06,NSW,Sydney,p95,157.3
2026-02-06,NSW,Sydney,p98,171.0
2026-02-06,NSW,Sydney,ulp91,149.3
2026-02-06,NT,Darwin,diesel,166.1
2026-02-06,NT,Darwin,p95,163.7
2026-02-06,NT,Darwin,ulp91,153.5
2026-02-06,QLD,Brisbane,b5,167.5
2026-02-06,QLD,Brisbane,diesel,159.0
2026-02-06,QLD,Brisbane,e10,148.9
2026-02-06,QLD,Brisbane,p95,155.4
2026-02-06,QLD,Brisbane,p98,169.5
2026-02-06,QLD,Brisbane,ulp91,147.6
2026-02-06,QLD,Cairns,diesel,164.5
2026-02-06,QLD,Cairns,p95,166.6
2026-02-06,QLD,Cairns,ulp91,154.5
2026-02-06,QLD,Gladstone,diesel,163.0
2026-02-06,QLD,Gladstone,p95,160.4
2026-02-06,QLD,Gladstone,ulp91,154.1
2026-02-06,QLD,Mackay,diesel,162.9
2026-02-06,QLD,Mackay,ulp91,154.5
2026-02-06,QLD,Townsville,diesel,164.2
2026-02-06,QLD,Townsville,p95,162.1
2026-02-06,QLD,Townsville,p98,178.2
2026-02-06,QLD,Townsville,ulp91,154.2
2026-02-06,QLD,Weipa,diesel,174.0
2026-02-06,QLD,Weipa,ulp91,177.1
2026-02-06,SA,Adelaide,diesel,160.7
2026-02-06,SA,Adelaide,e10,150.9
2026-02-06,SA,Adelaide,p95,156.3
2026-02-06,SA,Adelaide,p98,171.2
2026-02-06,SA,Adelaide,ulp91,149.0
2026-02-06,SA,Port Lincoln,diesel,168.5
2026-02-06,SA,Port Lincoln,p98,181.1
2026-02-06,SA,Port Lincoln,ulp91,156.8
2026-02-06,TAS,Devonport,diesel,166.4
2026-02-06,TAS,Devonport,p95,164.0
2026-02-06,TAS,Devonport,ulp91,153.5
2026-02-06,TAS,Hobart,diesel,165.8
2026-02-06,TAS,Hobart,p95,164.0
2026-02-06,TAS,Hobart,p98,179.7
2026-02-06,TAS,Hobart,ulp91,153.6
2026-02-06,VIC,Geelong,diesel,159.4
2026-02-06,VIC,Geelong,p95,154.7
2026-02-06,VIC,Geelong,p98,169.0
2026-02-06,VIC,Geelong,ulp91,146.8
2026-02-06,VIC,Melbourne,diesel,159.4
2026-02-06,VIC,Melbourne,e10,148.2
2026-02-06,VIC,Melbourne,p95,154.7
2026-02-06,VIC,Melbourne,p98,169.0
2026-02-06,VIC,Melbourne,ulp91,146.8
2026-02-06,WA,Broome,diesel,190.5
2026-02-06,WA,Broome,p95,199.9
2026-02-06,WA,Broome,ulp91,191.0
2026-02-06,WA,Cocos Island,diesel,210.7
2026-02-06,WA,Cocos Island,p95,371.4
2026-02-06,WA,Dampier,diesel,181.1
2026-02-06,WA,Esperance,diesel,163.7
2026-02-06,WA,King Bay,diesel,181.1
2026-02-06,WA,Perth,diesel,159.7
2026-02-06,WA,Perth,p95,160.9
2026-02-06,WA,Perth,p98,175.0
2026-02-06,WA,Perth,ulp91,148.9
2026-02-06,WA,Port Hedland,diesel,187.9
2026-02-07,NSW,Newcastle,diesel,160.6
2026-02-07,NSW,Sydney,diesel,160.4
2026-02-07,NSW,Sydney,e10,149.7
2026-02-07,NSW,Sydney,p95,157.2
2026-02-07,NSW,Sydney,p98,171.0
2026-02-07,NSW,Sydney,ulp91,149.2
2026-02-07,NT,Darwin,diesel,166.3
2026-02-07,NT,Darwin,p95,163.6
2026-02-07,NT,Darwin,ulp91,153.5
2026-02-07,QLD,Brisbane,b5,167.7
2026-02-07,QLD,Brisbane,diesel,159.2
2026-02-07,QLD,Brisbane,e10,148.9
2026-02-07,QLD,Brisbane,p95,155.4
2026-02-07,QLD,Brisbane,p98,169.4
2026-02-07,QLD,Brisbane,ulp91,147.5
2026-02-07,QLD,Cairns,diesel,164.7
2026-02-07,QLD,Cairns,p95,166.5
2026-02-07,QLD,Cairns,ulp91,154.4
2026-02-07,QLD,Gladstone,diesel,163.2
2026-02-07,QLD,Gladstone,p95,160.4
2026-02-07,QLD,Gladstone,ulp91,154.1
2026-02-07,QLD,Mackay,diesel,163.1
2026-02-07,QLD,Mackay,ulp91,154.5
2026-02-07,QLD,Townsville,diesel,164.4
2026-02-07,QLD,Townsville,p95,162.0
2026-02-07,QLD,Townsville,p98,178.2
2026-02-07,QLD,Townsville,ulp91,154.1
2026-02-07,QLD,Weipa,diesel,174.2
2026-02-07,QLD,Weipa,ulp91,177.0
2026-02-07,SA,Adelaide,diesel,160.9
2026-02-07,SA,Adelaide,e10,150.8
2026-02-07,SA,Adelaide,p95,156.2
2026-02-07,SA,Adelaide,p98,171.2
2026-02-07,SA,Adelaide,ulp91,148.9
2026-02-07,SA,Port Lincoln,diesel,168.7
2026-02-07,SA,Port Lincoln,p98,181.0
2026-02-07,SA,Port Lincoln,ulp91,156.7
2026-02-07,TAS,Devonport,diesel,166.6
2026-02-07,TAS,Devonport,p95,163.9
2026-02-07,TAS,Devonport,ulp91,153.4
2026-02-07,TAS,Hobart,diesel,165.9
2026-02-07,TAS,Hobart,p95,163.9
2026-02-07,TAS,Hobart,p98,179.6
2026-02-07,TAS,Hobart,ulp91,153.5
2026-02-07,VIC,Geelong,diesel,159.6
2026-02-07,VIC,Geelong,p95,154.6
2026-02-07,VIC,Geelong,p98,168.9
2026-02-07,VIC,Geelong,ulp91,146.8
2026-02-07,VIC,Melbourne,diesel,159.6
2026-02-07,VIC,Melbourne,e10,148.1
2026-02-07,VIC,Melbourne,p95,154.6
2026-02-07,VIC,Melbourne,p98,168.9
2026-02-07,VIC,Melbourne,ulp91,146.8
2026-02-07,WA,Broome,diesel,190.7
2026-02-07,WA,Broome,p95,199.6
2026-02-07,WA,Broome,ulp91,190.8
2026-02-07,WA,Cocos Island,diesel,210.9
2026-02-07,WA,Cocos Island,p95,371.4
2026-02-07,WA,Dampier,diesel,181.3
2026-02-07,WA,Esperance,diesel,163.9
2026-02-07,WA,King Bay,diesel,181.3
2026-02-07,WA,Perth,diesel,160.0
2026-02-07,WA,Perth,p95,160.8
2026-02-07,WA,Perth,p98,174.9
2026-02-07,WA,Perth,ulp91,148.8
2026-02-07,WA,Port Hedland,diesel,188.1
2026-02-10,NSW,Newcastle,diesel,160.8
2026-02-10,NSW,Sydney,diesel,160.7
2026-02-10,NSW,Sydney,e10,149.8
2026-02-10,NSW,Sydney,p95,157.3
2026-02-10,NSW,Sydney,p98,171.1
2026-02-10,NSW,Sydney,ulp91,149.3
2026-02-10,NT,Darwin,diesel,166.6
2026-02-10,NT,Darwin,p95,163.8
2026-02-10,NT,Darwin,ulp91,153.6
2026-02-10,QLD,Brisbane,b5,168.0
2026-02-10,QLD,Brisbane,diesel,159.5
2026-02-10,QLD,Brisbane,e10,149.0
2026-02-10,QLD,Brisbane,p95,155.5
2026-02-10,QLD,Brisbane,p98,169.6
2026-02-10,QLD,Brisbane,ulp91,147.6
2026-02-10,QLD,Cairns,diesel,165.0
2026-02-10,QLD,Cairns,p95,166.6
2026-02-10,QLD,Cairns,ulp91,154.5
2026-02-10,QLD,Gladstone,diesel,163.4
2026-02-10,QLD,Gladstone,p95,160.5
2026-02-10,QLD,Gladstone,ulp91,154.2
2026-02-10,QLD,Mackay,diesel,163.3
2026-02-10,QLD,Mackay,ulp91,154.6
2026-02-10,QLD,Townsville,diesel,164.6
2026-02-10,QLD,Townsville,p95,162.2
2026-02-10,QLD,Townsville,p98,178.3
2026-02-10,QLD,Townsville,ulp91,154.2
2026-02-10,QLD,Weipa,diesel,174.4
2026-02-10,QLD,Weipa,ulp91,177.1
2026-02-10,SA,Adelaide,diesel,161.2
2026-02-10,SA,Adelaide,e10,150.9
2026-02-10,SA,Adelaide,p95,156.4
2026-02-10,SA,Adelaide,p98,171.3
2026-02-10,SA,Adelaide,ulp91,149.0
2026-02-10,SA,Port Lincoln,diesel,168.9
2026-02-10,SA,Port Lincoln,p98,181.2
2026-02-10,SA,Port Lincoln,ulp91,156.8
2026-02-10,TAS,Devonport,diesel,166.9
2026-02-10,TAS,Devonport,p95,164.0
2026-02-10,TAS,Devonport,ulp91,153.6
2026-02-10,TAS,Hobart,diesel,166.2
2026-02-10,TAS,Hobart,p95,164.1
2026-02-10,TAS,Hobart,p98,179.7
2026-02-10,TAS,Hobart,ulp91,153.6
2026-02-10,VIC,Geelong,diesel,159.8
2026-02-10,VIC,Geelong,p95,154.8
2026-02-10,VIC,Geelong,p98,169.1
2026-02-10,VIC,Geelong,ulp91,146.9
2026-02-10,VIC,Melbourne,diesel,159.8
2026-02-10,VIC,Melbourne,e10,148.2
2026-02-10,VIC,Melbourne,p95,154.8
2026-02-10,VIC,Melbourne,p98,169.1
2026-02-10,VIC,Melbourne,ulp91,146.9
2026-02-10,WA,Broome,diesel,190.9
2026-02-10,WA,Broome,p95,199.7
2026-02-10,WA,Broome,ulp91,190.8
2026-02-10,WA,Cocos Island,diesel,211.2
2026-02-10,WA,Cocos Island,p95,371.5
2026-02-10,WA,Dampier,diesel,181.6
2026-02-10,WA,Esperance,diesel,164.2
2026-02-10,WA,King Bay,diesel,181.6
2026-02-10,WA,Perth,diesel,160.2
2026-02-10,WA,Perth,p95,161.0
2026-02-10,WA,Perth,p98,175.1
2026-02-10,WA,Perth,ulp91,148.9
2026-02-10,WA,Port Hedland,diesel,188.4
2026-02-11,NSW,Newcastle,diesel,161.1
2026-02-11,NSW,Sydney,diesel,161.0
2026-02-11,NSW,Sydney,e10,149.9
2026-02-11,NSW,Sydney,p95,157.4
2026-02-11,NSW,Sydney,p98,171.2
2026-02-11,NSW,Sydney,ulp91,149.4
2026-02-11,NT,Darwin,diesel,166.8
2026-02-11,NT,Darwin,p95,163.9
2026-02-11,NT,Darwin,ulp91,153.7
2026-02-11,QLD,Brisbane,b5,168.2
2026-02-11,QLD,Brisbane,diesel,159.8
2026-02-11,QLD,Brisbane,e10,149.1
2026-02-11,QLD,Brisbane,p95,155.6
2026-02-11,QLD,Brisbane,p98,169.7
2026-02-11,QLD,Brisbane,ulp91,147.7
2026-02-11,QLD,Cairns,diesel,165.3
2026-02-11,QLD,Cairns,p95,166.7
2026-02-11,QLD,Cairns,ulp91,154.6
2026-02-11,QLD,Gladstone,diesel,163.7
2026-02-11,QLD,Gladstone,p95,160.6
2026-02-11,QLD,Gladstone,ulp91,154.2
2026-02-11,QLD,Mackay,diesel,163.6
2026-02-11,QLD,Mackay,ulp91,154.6
2026-02-11,QLD,Townsville,diesel,164.9
2026-02-11,QLD,Townsville,p95,162.2
2026-02-11,QLD,Townsville,p98,178.4
2026-02-11,QLD,Townsville,ulp91,154.3
2026-02-11,QLD,Weipa,diesel,174.7
2026-02-11,QLD,Weipa,ulp91,177.1
2026-02-11,SA,Adelaide,diesel,161.5
2026-02-11,SA,Adelaide,e10,151.0
2026-02-11,SA,Adelaide,p95,156.5
2026-02-11,SA,Adelaide,p98,171.4
2026-02-11,SA,Adelaide,ulp91,149.1
2026-02-11,SA,Port Lincoln,diesel,169.2
2026-02-11,SA,Port Lincoln,p98,181.3
2026-02-11,SA,Port Lincoln,ulp91,156.8
2026-02-11,TAS,Devonport,diesel,167.1
2026-02-11,TAS,Devonport,p95,164.1
2026-02-11,TAS,Devonport,ulp91,153.6
2026-02-11,TAS,Hobart,diesel,166.4
2026-02-11,TAS,Hobart,p95,164.2
2026-02-11,TAS,Hobart,p98,179.8
2026-02-11,TAS,Hobart,ulp91,153.7
2026-02-11,VIC,Geelong,diesel,160.1
2026-02-11,VIC,Geelong,p95,154.9
2026-02-11,VIC,Geelong,p98,169.2
2026-02-11,VIC,Geelong,ulp91,146.9
2026-02-11,VIC,Melbourne,diesel,160.1
2026-02-11,VIC,Melbourne,e10,148.3
2026-02-11,VIC,Melbourne,p95,154.9
2026-02-11,VIC,Melbourne,p98,169.2
2026-02-11,VIC,Melbourne,ulp91,146.9
2026-02-11,WA,Broome,diesel,191.2
2026-02-11,WA,Broome,p95,199.7
2026-02-11,WA,Broome,ulp91,190.7
2026-02-11,WA,Cocos Island,diesel,211.4
2026-02-11,WA,Cocos Island,p95,371.6
2026-02-11,WA,Dampier,diesel,181.9
2026-02-11,WA,Esperance,diesel,164.4
2026-02-11,WA,King Bay,diesel,181.9
2026-02-11,WA,Perth,diesel,160.5
2026-02-11,WA,Perth,p95,161.1
2026-02-11,WA,Perth,p98,175.2
2026-02-11,WA,Perth,ulp91,149.0
2026-02-11,WA,Port Hedland,diesel,188.6
2026-02-12,NSW,Newcastle,diesel,161.0
2026-02-12,NSW,Sydney,diesel,160.8
2026-02-12,NSW,Sydney,e10,150.4
2026-02-12,NSW,Sydney,p95,158.0
2026-02-12,NSW,Sydney,p98,171.8
2026-02-12,NSW,Sydney,ulp91,149.9
2026-02-12,NT,Darwin,diesel,166.7
2026-02-12,NT,Darwin,p95,164.5
2026-02-12,NT,Darwin,ulp91,154.2
2026-02-12,QLD,Brisbane,b5,168.1
2026-02-12,QLD,Brisbane,diesel,159.6
2026-02-12,QLD,Brisbane,e10,149.6
2026-02-12,QLD,Brisbane,p95,156.2
2026-02-12,QLD,Brisbane,p98,170.2
2026-02-12,QLD,Brisbane,ulp91,148.2
2026-02-12,QLD,Cairns,diesel,165.1
2026-02-12,QLD,Cairns,p95,167.3
2026-02-12,QLD,Cairns,ulp91,155.1
2026-02-12,QLD,Gladstone,diesel,163.6
2026-02-12,QLD,Gladstone,p95,161.2
2026-02-12,QLD,Gladstone,ulp91,154.8
2026-02-12,QLD,Mackay,diesel,163.5
2026-02-12,QLD,Mackay,ulp91,155.2
2026-02-12,QLD,Townsville,diesel,164.8
2026-02-12,QLD,Townsville,p95,162.8
2026-02-12,QLD,Townsville,p98,179.0
2026-02-12,QLD,Townsville,ulp91,154.8
2026-02-12,QLD,Weipa,diesel,174.5
2026-02-12,QLD,Weipa,ulp91,177.6
2026-02-12,SA,Adelaide,diesel,161.3
2026-02-12,SA,Adelaide,e10,151.5
2026-02-12,SA,Adelaide,p95,157.0
2026-02-12,SA,Adelaide,p98,172.0
2026-02-12,SA,Adelaide,ulp91,149.6
2026-02-12,SA,Port Lincoln,diesel,169.0
2026-02-12,SA,Port Lincoln,p98,181.8
2026-02-12,SA,Port Lincoln,ulp91,157.4
2026-02-12,TAS,Devonport,diesel,167.0
2026-02-12,TAS,Devonport,p95,164.7
2026-02-12,TAS,Devonport,ulp91,154.1
2026-02-12,TAS,Hobart,diesel,166.3
2026-02-12,TAS,Hobart,p95,164.7
2026-02-12,TAS,Hobart,p98,180.4
2026-02-12,TAS,Hobart,ulp91,154.2
2026-02-12,VIC,Geelong,diesel,160.0
2026-02-12,VIC,Geelong,p95,155.4
2026-02-12,VIC,Geelong,p98,169.8
2026-02-12,VIC,Geelong,ulp91,147.5
2026-02-12,VIC,Melbourne,diesel,160.0
2026-02-12,VIC,Melbourne,e10,148.8
2026-02-12,VIC,Melbourne,p95,155.4
2026-02-12,VIC,Melbourne,p98,169.8
2026-02-12,VIC,Melbourne,ulp91,147.5
2026-02-12,WA,Broome,diesel,191.0
2026-02-12,WA,Broome,p95,199.9
2026-02-12,WA,Broome,ulp91,190.9
2026-02-12,WA,Cocos Island,diesel,211.3
2026-02-12,WA,Cocos Island,p95,372.1
2026-02-12,WA,Dampier,diesel,181.8
2026-02-12,WA,Esperance,diesel,164.3
2026-02-12,WA,King Bay,diesel,181.8
2026-02-12,WA,Perth,diesel,160.4
2026-02-12,WA,Perth,p95,161.7
2026-02-12,WA,Perth,p98,175.8
2026-02-12,WA,Perth,ulp91,149.6
2026-02-12,WA,Port Hedland,diesel,188.5
2026-02-13,NSW,Newcastle,diesel,161.2
2026-02-13,NSW,Sydney,diesel,161.0
2026-02-13,NSW,Sydney,e10,151.3
2026-02-13,NSW,Sydney,p95,158.9
2026-02-13,NSW,Sydney,p98,172.7
2026-02-13,NSW,Sydney,ulp91,150.8
2026-02-13,NT,Darwin,diesel,167.0
2026-02-13,NT,Darwin,p95,165.4
2026-02-13,NT,Darwin,ulp91,155.2
2026-02-13,QLD,Brisbane,b5,168.3
2026-02-13,QLD,Brisbane,diesel,159.8
2026-02-13,QLD,Brisbane,e10,150.5
2026-02-13,QLD,Brisbane,p95,157.2
2026-02-13,QLD,Brisbane,p98,171.2
2026-02-13,QLD,Brisbane,ulp91,149.2
2026-02-13,QLD,Cairns,diesel,165.3
2026-02-13,QLD,Cairns,p95,168.2
2026-02-13,QLD,Cairns,ulp91,156.1
2026-02-13,QLD,Gladstone,diesel,163.8
2026-02-13,QLD,Gladstone,p95,162.1
2026-02-13,QLD,Gladstone,ulp91,155.7
2026-02-13,QLD,Mackay,diesel,163.7
2026-02-13,QLD,Mackay,ulp91,156.1
2026-02-13,QLD,Townsville,diesel,165.0
2026-02-13,QLD,Townsville,p95,163.7
2026-02-13,QLD,Townsville,p98,179.9
2026-02-13,QLD,Townsville,ulp91,155.7
2026-02-13,QLD,Weipa,diesel,174.7
2026-02-13,QLD,Weipa,ulp91,178.5
2026-02-13,SA,Adelaide,diesel,161.5
2026-02-13,SA,Adelaide,e10,152.4
2026-02-13,SA,Adelaide,p95,158.0
2026-02-13,SA,Adelaide,p98,172.9
2026-02-13,SA,Adelaide,ulp91,150.5
2026-02-13,SA,Port Lincoln,diesel,169.2
2026-02-13,SA,Port Lincoln,p98,182.8
2026-02-13,SA,Port Lincoln,ulp91,158.3
2026-02-13,TAS,Devonport,diesel,167.2
2026-02-13,TAS,Devonport,p95,165.6
2026-02-13,TAS,Devonport,ulp91,155.1
2026-02-13,TAS,Hobart,diesel,166.5
2026-02-13,TAS,Hobart,p95,165.7
2026-02-13,TAS,Hobart,p98,181.3
2026-02-13,TAS,Hobart,ulp91,155.1
2026-02-13,VIC,Geelong,diesel,160.2
2026-02-13,VIC,Geelong,p95,156.4
2026-02-13,VIC,Geelong,p98,170.7
2026-02-13,VIC,Geelong,ulp91,148.4
2026-02-13,VIC,Melbourne,diesel,160.2
2026-02-13,VIC,Melbourne,e10,149.8
2026-02-13,VIC,Melbourne,p95,156.4
2026-02-13,VIC,Melbourne,p98,170.7
2026-02-13,VIC,Melbourne,ulp91,148.4
2026-02-13,WA,Broome,diesel,191.2
2026-02-13,WA,Broome,p95,200.6
2026-02-13,WA,Broome,ulp91,191.6
2026-02-13,WA,Cocos Island,diesel,211.5
2026-02-13,WA,Cocos Island,p95,373.0
2026-02-13,WA,Dampier,diesel,182.0
2026-02-13,WA,Esperance,diesel,164.5
2026-02-13,WA,King Bay,diesel,182.0
2026-02-13,WA,Perth,diesel,160.6
2026-02-13,WA,Perth,p95,162.7
2026-02-13,WA,Perth,p98,176.8
2026-02-13,WA,Perth,ulp91,150.5
2026-02-13,WA,Port Hedland,diesel,188.8
2026-02-14,NSW,Newcastle,diesel,161.2
2026-02-14,NSW,Sydney,diesel,161.0
2026-02-14,NSW,Sydney,e10,151.7
2026-02-14,NSW,Sydney,p95,159.2
2026-02-14,NSW,Sydney,p98,173.0
2026-02-14,NSW,Sydney,ulp91,151.2
2026-02-14,NT,Darwin,diesel,167.0
2026-02-14,NT,Darwin,p95,165.8
2026-02-14,NT,Darwin,ulp91,155.5
2026-02-14,QLD,Brisbane,b5,168.3
2026-02-14,QLD,Brisbane,diesel,159.8
2026-02-14,QLD,Brisbane,e10,150.8
2026-02-14,QLD,Brisbane,p95,157.5
2026-02-14,QLD,Brisbane,p98,171.5
2026-02-14,QLD,Brisbane,ulp91,149.5
2026-02-14,QLD,Cairns,diesel,165.3
2026-02-14,QLD,Cairns,p95,168.5
2026-02-14,QLD,Cairns,ulp91,156.3
2026-02-14,QLD,Gladstone,diesel,163.8
2026-02-14,QLD,Gladstone,p95,162.4
2026-02-14,QLD,Gladstone,ulp91,156.0
2026-02-14,QLD,Mackay,diesel,163.7
2026-02-14,QLD,Mackay,ulp91,156.4
2026-02-14,QLD,Townsville,diesel,165.0
2026-02-14,QLD,Townsville,p95,164.0
2026-02-14,QLD,Townsville,p98,180.2
2026-02-14,QLD,Townsville,ulp91,156.0
2026-02-14,QLD,Weipa,diesel,174.6
2026-02-14,QLD,Weipa,ulp91,178.8
2026-02-14,SA,Adelaide,diesel,161.5
2026-02-14,SA,Adelaide,e10,152.8
2026-02-14,SA,Adelaide,p95,158.3
2026-02-14,SA,Adelaide,p98,173.2
2026-02-14,SA,Adelaide,ulp91,150.8
2026-02-14,SA,Port Lincoln,diesel,169.2
2026-02-14,SA,Port Lincoln,p98,183.1
2026-02-14,SA,Port Lincoln,ulp91,158.5
2026-02-14,TAS,Devonport,diesel,167.1
2026-02-14,TAS,Devonport,p95,165.9
2026-02-14,TAS,Devonport,ulp91,155.3
2026-02-14,TAS,Hobart,diesel,166.5
2026-02-14,TAS,Hobart,p95,166.0
2026-02-14,TAS,Hobart,p98,181.6
2026-02-14,TAS,Hobart,ulp91,155.4
2026-02-14,VIC,Geelong,diesel,160.2
2026-02-14,VIC,Geelong,p95,156.7
2026-02-14,VIC,Geelong,p98,171.0
2026-02-14,VIC,Geelong,ulp91,148.7
2026-02-14,VIC,Melbourne,diesel,160.2
2026-02-14,VIC,Melbourne,e10,150.1
2026-02-14,VIC,Melbourne,p95,156.7
2026-02-14,VIC,Melbourne,p98,171.0
2026-02-14,VIC,Melbourne,ulp91,148.7
2026-02-14,WA,Broome,diesel,191.1
2026-02-14,WA,Broome,p95,200.6
2026-02-14,WA,Broome,ulp91,191.6
2026-02-14,WA,Cocos Island,diesel,211.6
2026-02-14,WA,Cocos Island,p95,373.3
2026-02-14,WA,Dampier,diesel,182.0
2026-02-14,WA,Esperance,diesel,164.5
2026-02-14,WA,King Bay,diesel,182.0
2026-02-14,WA,Perth,diesel,160.7
2026-02-14,WA,Perth,p95,163.0
2026-02-14,WA,Perth,p98,177.1
2026-02-14,WA,Perth,ulp91,150.9
2026-02-14,WA,Port Hedland,diesel,188.8
2026-02-17,NSW,Newcastle,diesel,160.9
2026-02-17,NSW,Sydney,diesel,160.8
2026-02-17,NSW,Sydney,e10,151.7
2026-02-17,NSW,Sydney,p95,159.3
2026-02-17,NSW,Sydney,p98,173.0
2026-02-17,NSW,Sydney,ulp91,151.2
2026-02-17,NT,Darwin,diesel,166.8
2026-02-17,NT,Darwin,p95,165.8
2026-02-17,NT,Darwin,ulp91,155.6
2026-02-17,QLD,Brisbane,b5,168.1
2026-02-17,QLD,Brisbane,diesel,159.6
2026-02-17,QLD,Brisbane,e10,150.9
2026-02-17,QLD,Brisbane,p95,157.5
2026-02-17,QLD,Brisbane,p98,171.5
2026-02-17,QLD,Brisbane,ulp91,149.5
2026-02-17,QLD,Cairns,diesel,165.1
2026-02-17,QLD,Cairns,p95,168.6
2026-02-17,QLD,Cairns,ulp91,156.3
2026-02-17,QLD,Gladstone,diesel,163.5
2026-02-17,QLD,Gladstone,p95,162.4
2026-02-17,QLD,Gladstone,ulp91,156.0
2026-02-17,QLD,Mackay,diesel,163.4
2026-02-17,QLD,Mackay,ulp91,156.3
2026-02-17,QLD,Townsville,diesel,164.7
2026-02-17,QLD,Townsville,p95,164.0
2026-02-17,QLD,Townsville,p98,180.2
2026-02-17,QLD,Townsville,ulp91,156.1
2026-02-17,QLD,Weipa,diesel,174.3
2026-02-17,QLD,Weipa,ulp91,178.8
2026-02-17,SA,Adelaide,diesel,161.3
2026-02-17,SA,Adelaide,e10,152.8
2026-02-17,SA,Adelaide,p95,158.3
2026-02-17,SA,Adelaide,p98,173.2
2026-02-17,SA,Adelaide,ulp91,150.8
2026-02-17,SA,Port Lincoln,diesel,168.9
2026-02-17,SA,Port Lincoln,p98,183.1
2026-02-17,SA,Port Lincoln,ulp91,158.5
2026-02-17,TAS,Devonport,diesel,166.9
2026-02-17,TAS,Devonport,p95,165.9
2026-02-17,TAS,Devonport,ulp91,155.3
2026-02-17,TAS,Hobart,diesel,166.2
2026-02-17,TAS,Hobart,p95,166.0
2026-02-17,TAS,Hobart,p98,181.6
2026-02-17,TAS,Hobart,ulp91,155.4
2026-02-17,VIC,Geelong,diesel,160.0
2026-02-17,VIC,Geelong,p95,156.8
2026-02-17,VIC,Geelong,p98,171.0
2026-02-17,VIC,Geelong,ulp91,148.7
2026-02-17,VIC,Melbourne,diesel,160.0
2026-02-17,VIC,Melbourne,e10,150.1
2026-02-17,VIC,Melbourne,p95,156.8
2026-02-17,VIC,Melbourne,p98,171.0
2026-02-17,VIC,Melbourne,ulp91,148.7
2026-02-17,WA,Broome,diesel,190.8
2026-02-17,WA,Broome,p95,200.2
2026-02-17,WA,Broome,ulp91,191.2
2026-02-17,WA,Cocos Island,diesel,211.4
2026-02-17,WA,Cocos Island,p95,373.4
2026-02-17,WA,Dampier,diesel,181.8
2026-02-17,WA,Esperance,diesel,164.3
2026-02-17,WA,King Bay,diesel,181.8
2026-02-17,WA,Perth,diesel,160.4
2026-02-17,WA,Perth,p95,163.3
2026-02-17,WA,Perth,p98,177.4
2026-02-17,WA,Perth,ulp91,151.2
2026-02-17,WA,Port Hedland,diesel,188.6
2026-02-18,NSW,Newcastle,diesel,160.1
2026-02-18,NSW,Sydney,diesel,159.9
2026-02-18,NSW,Sydney,e10,151.0
2026-02-18,NSW,Sydney,p95,158.6
2026-02-18,NSW,Sydney,p98,172.3
2026-02-18,NSW,Sydney,ulp91,150.5
2026-02-18,NT,Darwin,diesel,166.0
2026-02-18,NT,Darwin,p95,165.2
2026-02-18,NT,Darwin,ulp91,154.9
2026-02-18,QLD,Brisbane,b5,167.3
2026-02-18,QLD,Brisbane,diesel,158.8
2026-02-18,QLD,Brisbane,e10,150.2
2026-02-18,QLD,Brisbane,p95,156.9
2026-02-18,QLD,Brisbane,p98,170.8
2026-02-18,QLD,Brisbane,ulp91,148.8
2026-02-18,QLD,Cairns,diesel,164.3
2026-02-18,QLD,Cairns,p95,167.9
2026-02-18,QLD,Cairns,ulp91,155.7
2026-02-18,QLD,Gladstone,diesel,162.7
2026-02-18,QLD,Gladstone,p95,161.7
2026-02-18,QLD,Gladstone,ulp91,155.2
2026-02-18,QLD,Mackay,diesel,162.6
2026-02-18,QLD,Mackay,ulp91,155.7
2026-02-18,QLD,Townsville,diesel,163.9
2026-02-18,QLD,Townsville,p95,163.4
2026-02-18,QLD,Townsville,p98,179.4
2026-02-18,QLD,Townsville,ulp91,155.4
2026-02-18,QLD,Weipa,diesel,173.5
2026-02-18,QLD,Weipa,ulp91,178.0
2026-02-18,SA,Adelaide,diesel,160.4
2026-02-18,SA,Adelaide,e10,152.1
2026-02-18,SA,Adelaide,p95,157.7
2026-02-18,SA,Adelaide,p98,172.6
2026-02-18,SA,Adelaide,ulp91,150.2
2026-02-18,SA,Port Lincoln,diesel,168.1
2026-02-18,SA,Port Lincoln,p98,182.4
2026-02-18,SA,Port Lincoln,ulp91,157.8
2026-02-18,TAS,Devonport,diesel,166.0
2026-02-18,TAS,Devonport,p95,165.2
2026-02-18,TAS,Devonport,ulp91,154.7
2026-02-18,TAS,Hobart,diesel,165.3
2026-02-18,TAS,Hobart,p95,165.3
2026-02-18,TAS,Hobart,p98,180.9
2026-02-18,TAS,Hobart,ulp91,154.7
2026-02-18,VIC,Geelong,diesel,159.1
2026-02-18,VIC,Geelong,p95,156.1
2026-02-18,VIC,Geelong,p98,170.3
2026-02-18,VIC,Geelong,ulp91,148.1
2026-02-18,VIC,Melbourne,diesel,159.1
2026-02-18,VIC,Melbourne,e10,149.4
2026-02-18,VIC,Melbourne,p95,156.1
2026-02-18,VIC,Melbourne,p98,170.3
2026-02-18,VIC,Melbourne,ulp91,148.1
2026-02-18,WA,Broome,diesel,189.9
2026-02-18,WA,Broome,p95,199.2
2026-02-18,WA,Broome,ulp91,190.2
2026-02-18,WA,Cocos Island,diesel,210.6
2026-02-18,WA,Cocos Island,p95,372.8
2026-02-18,WA,Dampier,diesel,181.0
2026-02-18,WA,Esperance,diesel,163.5
2026-02-18,WA,King Bay,diesel,181.0
2026-02-18,WA,Perth,diesel,159.7
2026-02-18,WA,Perth,p95,162.7
2026-02-18,WA,Perth,p98,176.8
2026-02-18,WA,Perth,ulp91,150.6
2026-02-18,WA,Port Hedland,diesel,187.7
2026-02-19,NSW,Newcastle,diesel,159.7
2026-02-19,NSW,Sydney,diesel,159.5
2026-02-19,NSW,Sydney,e10,150.3
2026-02-19,NSW,Sydney,p95,157.9
2026-02-19,NSW,Sydney,p98,171.6
2026-02-19,NSW,Sydney,ulp91,149.8
2026-02-19,NT,Darwin,diesel,165.5
2026-02-19,NT,Darwin,p95,164.5
2026-02-19,NT,Darwin,ulp91,154.2
2026-02-19,QLD,Brisbane,b5,166.9
2026-02-19,QLD,Brisbane,diesel,158.3
2026-02-19,QLD,Brisbane,e10,149.5
2026-02-19,QLD,Brisbane,p95,156.2
2026-02-19,QLD,Brisbane,p98,170.1
2026-02-19,QLD,Brisbane,ulp91,148.1
2026-02-19,QLD,Cairns,diesel,163.8
2026-02-19,QLD,Cairns,p95,167.1
2026-02-19,QLD,Cairns,ulp91,154.9
2026-02-19,QLD,Gladstone,diesel,162.3
2026-02-19,QLD,Gladstone,p95,161.0
2026-02-19,QLD,Gladstone,ulp91,154.5
2026-02-19,QLD,Mackay,diesel,162.2
2026-02-19,QLD,Mackay,ulp91,154.9
2026-02-19,QLD,Townsville,diesel,163.4
2026-02-19,QLD,Townsville,p95,162.6
2026-02-19,QLD,Townsville,p98,178.7
2026-02-19,QLD,Townsville,ulp91,154.6
2026-02-19,QLD,Weipa,diesel,173.0
2026-02-19,QLD,Weipa,ulp91,177.3
2026-02-19,SA,Adelaide,diesel,160.0
2026-02-19,SA,Adelaide,e10,151.4
2026-02-19,SA,Adelaide,p95,156.9
2026-02-19,SA,Adelaide,p98,171.8
2026-02-19,SA,Adelaide,ulp91,149.4
2026-02-19,SA,Port Lincoln,diesel,167.6
2026-02-19,SA,Port Lincoln,p98,181.7
2026-02-19,SA,Port Lincoln,ulp91,157.1
2026-02-19,TAS,Devonport,diesel,165.6
2026-02-19,TAS,Devonport,p95,164.5
2026-02-19,TAS,Devonport,ulp91,153.9
2026-02-19,TAS,Hobart,diesel,164.9
2026-02-19,TAS,Hobart,p95,164.6
2026-02-19,TAS,Hobart,p98,180.1
2026-02-19,TAS,Hobart,ulp91,154.0
2026-02-19,VIC,Geelong,diesel,158.7
2026-02-19,VIC,Geelong,p95,155.4
2026-02-19,VIC,Geelong,p98,169.6
2026-02-19,VIC,Geelong,ulp91,147.3
2026-02-19,VIC,Melbourne,diesel,158.7
2026-02-19,VIC,Melbourne,e10,148.7
2026-02-19,VIC,Melbourne,p95,155.4
2026-02-19,VIC,Melbourne,p98,169.6
2026-02-19,VIC,Melbourne,ulp91,147.3
2026-02-19,WA,Broome,diesel,189.5
2026-02-19,WA,Broome,p95,198.2
2026-02-19,WA,Broome,ulp91,189.1
2026-02-19,WA,Cocos Island,diesel,210.2
2026-02-19,WA,Cocos Island,p95,372.2
2026-02-19,WA,Dampier,diesel,180.6
2026-02-19,WA,Esperance,diesel,163.1
2026-02-19,WA,King Bay,diesel,180.6
2026-02-19,WA,Perth,diesel,159.2
2026-02-19,WA,Perth,p95,162.0
2026-02-19,WA,Perth,p98,176.0
2026-02-19,WA,Perth,ulp91,149.8
2026-02-19,WA,Port Hedland,diesel,187.3
2026-02-20,NSW,Newcastle,diesel,159.3
2026-02-20,NSW,Sydney,diesel,159.1
2026-02-20,NSW,Sydney,e10,149.4
2026-02-20,NSW,Sydney,p95,157.0
2026-02-20,NSW,Sydney,p98,170.7
2026-02-20,NSW,Sydney,ulp91,148.8
2026-02-20,NT,Darwin,diesel,165.2
2026-02-20,NT,Darwin,p95,163.6
2026-02-20,NT,Darwin,ulp91,153.3
2026-02-20,QLD,Brisbane,b5,166.5
2026-02-20,QLD,Brisbane,diesel,158.0
2026-02-20,QLD,Brisbane,e10,148.6
2026-02-20,QLD,Brisbane,p95,155.2
2026-02-20,QLD,Brisbane,p98,169.2
2026-02-20,QLD,Brisbane,ulp91,147.2
2026-02-20,QLD,Cairns,diesel,163.4
2026-02-20,QLD,Cairns,p95,166.2
2026-02-20,QLD,Cairns,ulp91,154.0
2026-02-20,QLD,Gladstone,diesel,161.9
2026-02-20,QLD,Gladstone,p95,160.1
2026-02-20,QLD,Gladstone,ulp91,153.6
2026-02-20,QLD,Mackay,diesel,161.8
2026-02-20,QLD,Mackay,ulp91,154.0
2026-02-20,QLD,Townsville,diesel,163.1
2026-02-20,QLD,Townsville,p95,161.7
2026-02-20,QLD,Townsville,p98,177.8
2026-02-20,QLD,Townsville,ulp91,153.7
2026-02-20,QLD,Weipa,diesel,172.6
2026-02-20,QLD,Weipa,ulp91,176.3
2026-02-20,SA,Adelaide,diesel,159.6
2026-02-20,SA,Adelaide,e10,150.5
2026-02-20,SA,Adelaide,p95,156.0
2026-02-20,SA,Adelaide,p98,170.9
2026-02-20,SA,Adelaide,ulp91,148.5
2026-02-20,SA,Port Lincoln,diesel,167.2
2026-02-20,SA,Port Lincoln,p98,180.7
2026-02-20,SA,Port Lincoln,ulp91,156.1
2026-02-20,TAS,Devonport,diesel,165.2
2026-02-20,TAS,Devonport,p95,163.6
2026-02-20,TAS,Devonport,ulp91,153.0
2026-02-20,TAS,Hobart,diesel,164.5
2026-02-20,TAS,Hobart,p95,163.7
2026-02-20,TAS,Hobart,p98,179.2
2026-02-20,TAS,Hobart,ulp91,153.1
2026-02-20,VIC,Geelong,diesel,158.3
2026-02-20,VIC,Geelong,p95,154.5
2026-02-20,VIC,Geelong,p98,168.7
2026-02-20,VIC,Geelong,ulp91,146.4
2026-02-20,VIC,Melbourne,diesel,158.3
2026-02-20,VIC,Melbourne,e10,147.8
2026-02-20,VIC,Melbourne,p95,154.5
2026-02-20,VIC,Melbourne,p98,168.7
2026-02-20,VIC,Melbourne,ulp91,146.4
2026-02-20,WA,Broome,diesel,189.1
2026-02-20,WA,Broome,p95,197.0
2026-02-20,WA,Broome,ulp91,188.0
2026-02-20,WA,Cocos Island,diesel,209.9
2026-02-20,WA,Cocos Island,p95,371.4
2026-02-20,WA,Dampier,diesel,180.2
2026-02-20,WA,Esperance,diesel,162.7
2026-02-20,WA,King Bay,diesel,180.2
2026-02-20,WA,Perth,diesel,158.9
2026-02-20,WA,Perth,p95,161.1
2026-02-20,WA,Perth,p98,175.1
2026-02-20,WA,Perth,ulp91,148.9
2026-02-20,WA,Port Hedland,diesel,186.9
2026-02-21,NSW,Newcastle,diesel,158.8
2026-02-21,NSW,Sydney,diesel,158.7
2026-02-21,NSW,Sydney,e10,148.7
2026-02-21,NSW,Sydney,p95,156.3
2026-02-21,NSW,Sydney,p98,170.0
2026-02-21,NSW,Sydney,ulp91,148.2
2026-02-21,NT,Darwin,diesel,164.7
2026-02-21,NT,Darwin,p95,162.9
2026-02-21,NT,Darwin,ulp91,152.6
2026-02-21,QLD,Brisbane,b5,166.1
2026-02-21,QLD,Brisbane,diesel,157.5
2026-02-21,QLD,Brisbane,e10,147.9
2026-02-21,QLD,Brisbane,p95,154.6
2026-02-21,QLD,Brisbane,p98,168.5
2026-02-21,QLD,Brisbane,ulp91,146.5
2026-02-21,QLD,Cairns,diesel,163.0
2026-02-21,QLD,Cairns,p95,165.6
2026-02-21,QLD,Cairns,ulp91,153.3
2026-02-21,QLD,Gladstone,diesel,161.4
2026-02-21,QLD,Gladstone,p95,159.4
2026-02-21,QLD,Gladstone,ulp91,152.9
2026-02-21,QLD,Mackay,diesel,161.4
2026-02-21,QLD,Mackay,ulp91,153.3
2026-02-21,QLD,Townsville,diesel,162.6
2026-02-21,QLD,Townsville,p95,161.0
2026-02-21,QLD,Townsville,p98,177.1
2026-02-21,QLD,Townsville,ulp91,153.0
2026-02-21,QLD,Weipa,diesel,172.1
2026-02-21,QLD,Weipa,ulp91,175.7
2026-02-21,SA,Adelaide,diesel,159.2
2026-02-21,SA,Adelaide,e10,149.8
2026-02-21,SA,Adelaide,p95,155.3
2026-02-21,SA,Adelaide,p98,170.2
2026-02-21,SA,Adelaide,ulp91,147.8
2026-02-21,SA,Port Lincoln,diesel,166.7
2026-02-21,SA,Port Lincoln,p98,180.1
2026-02-21,SA,Port Lincoln,ulp91,155.5
2026-02-21,TAS,Devonport,diesel,164.7
2026-02-21,TAS,Devonport,p95,162.9
2026-02-21,TAS,Devonport,ulp91,152.3
2026-02-21,TAS,Hobart,diesel,164.1
2026-02-21,TAS,Hobart,p95,163.0
2026-02-21,TAS,Hobart,p98,178.6
2026-02-21,TAS,Hobart,ulp91,152.4
2026-02-21,VIC,Geelong,diesel,157.9
2026-02-21,VIC,Geelong,p95,153.8
2026-02-21,VIC,Geelong,p98,168.0
2026-02-21,VIC,Geelong,ulp91,145.8
2026-02-21,VIC,Melbourne,diesel,157.9
2026-02-21,VIC,Melbourne,e10,147.1
2026-02-21,VIC,Melbourne,p95,153.8
2026-02-21,VIC,Melbourne,p98,168.0
2026-02-21,VIC,Melbourne,ulp91,145.8
2026-02-21,WA,Broome,diesel,188.6
2026-02-21,WA,Broome,p95,196.3
2026-02-21,WA,Broome,ulp91,187.3
2026-02-21,WA,Cocos Island,diesel,209.5
2026-02-21,WA,Cocos Island,p95,370.8
2026-02-21,WA,Dampier,diesel,179.8
2026-02-21,WA,Esperance,diesel,162.3
2026-02-21,WA,King Bay,diesel,179.8
2026-02-21,WA,Perth,diesel,158.4
2026-02-21,WA,Perth,p95,160.4
2026-02-21,WA,Perth,p98,174.5
2026-02-21,WA,Perth,ulp91,148.2
2026-02-21,WA,Port Hedland,diesel,186.5
2026-02-24,NSW,Newcastle,diesel,159.4
2026-02-24,NSW,Sydney,diesel,159.3
2026-02-24,NSW,Sydney,e10,149.0
2026-02-24,NSW,Sydney,p95,156.6
2026-02-24,NSW,Sydney,p98,170.3
2026-02-24,NSW,Sydney,ulp91,148.5
2026-02-24,NT,Darwin,diesel,165.3
2026-02-24,NT,Darwin,p95,163.2
2026-02-24,NT,Darwin,ulp91,152.9
2026-02-24,QLD,Brisbane,b5,166.7
2026-02-24,QLD,Brisbane,diesel,158.1
2026-02-24,QLD,Brisbane,e10,148.2
2026-02-24,QLD,Brisbane,p95,154.9
2026-02-24,QLD,Brisbane,p98,168.8
2026-02-24,QLD,Brisbane,ulp91,146.8
2026-02-24,QLD,Cairns,diesel,163.6
2026-02-24,QLD,Cairns,p95,165.9
2026-02-24,QLD,Cairns,ulp91,153.7
2026-02-24,QLD,Gladstone,diesel,162.0
2026-02-24,QLD,Gladstone,p95,159.7
2026-02-24,QLD,Gladstone,ulp91,153.2
2026-02-24,QLD,Mackay,diesel,161.9
2026-02-24,QLD,Mackay,ulp91,153.6
2026-02-24,QLD,Townsville,diesel,163.2
2026-02-24,QLD,Townsville,p95,161.3
2026-02-24,QLD,Townsville,p98,177.4
2026-02-24,QLD,Townsville,ulp91,153.4
2026-02-24,QLD,Weipa,diesel,172.7
2026-02-24,QLD,Weipa,ulp91,176.0
2026-02-24,SA,Adelaide,diesel,159.7
2026-02-24,SA,Adelaide,e10,150.1
2026-02-24,SA,Adelaide,p95,155.7
2026-02-24,SA,Adelaide,p98,170.6
2026-02-24,SA,Adelaide,ulp91,148.2
2026-02-24,SA,Port Lincoln,diesel,167.3
2026-02-24,SA,Port Lincoln,p98,180.4
2026-02-24,SA,Port Lincoln,ulp91,155.8
2026-02-24,TAS,Devonport,diesel,165.3
2026-02-24,TAS,Devonport,p95,163.2
2026-02-24,TAS,Devonport,ulp91,152.6
2026-02-24,TAS,Hobart,diesel,164.6
2026-02-24,TAS,Hobart,p95,163.3
2026-02-24,TAS,Hobart,p98,178.9
2026-02-24,TAS,Hobart,ulp91,152.7
2026-02-24,VIC,Geelong,diesel,158.5
2026-02-24,VIC,Geelong,p95,154.1
2026-02-24,VIC,Geelong,p98,168.4
2026-02-24,VIC,Geelong,ulp91,146.1
2026-02-24,VIC,Melbourne,diesel,158.5
2026-02-24,VIC,Melbourne,e10,147.4
2026-02-24,VIC,Melbourne,p95,154.1
2026-02-24,VIC,Melbourne,p98,168.4
2026-02-24,VIC,Melbourne,ulp91,146.1
2026-02-24,WA,Broome,diesel,189.2
2026-02-24,WA,Broome,p95,196.6
2026-02-24,WA,Broome,ulp91,187.5
2026-02-24,WA,Cocos Island,diesel,210.0
2026-02-24,WA,Cocos Island,p95,371.1
2026-02-24,WA,Dampier,diesel,180.4
2026-02-24,WA,Esperance,diesel,162.9
2026-02-24,WA,King Bay,diesel,180.4
2026-02-24,WA,Perth,diesel,159.0
2026-02-24,WA,Perth,p95,160.7
2026-02-24,WA,Perth,p98,174.8
2026-02-24,WA,Perth,ulp91,148.6
2026-02-24,WA,Port Hedland,diesel,187.1
2026-02-25,NSW,Newcastle,diesel,160.9
2026-02-25,NSW,Sydney,diesel,160.8
2026-02-25,NSW,Sydney,e10,150.9
2026-02-25,NSW,Sydney,p95,157.9
2026-02-25,NSW,Sydney,p98,171.7
2026-02-25,NSW,Sydney,ulp91,150.3
2026-02-25,NT,Darwin,diesel,166.8
2026-02-25,NT,Darwin,p95,164.6
2026-02-25,NT,Darwin,ulp91,154.8
2026-02-25,QLD,Brisbane,b5,168.1
2026-02-25,QLD,Brisbane,diesel,159.6
2026-02-25,QLD,Brisbane,e10,150.1
2026-02-25,QLD,Brisbane,p95,156.2
2026-02-25,QLD,Brisbane,p98,170.2
2026-02-25,QLD,Brisbane,ulp91,148.7
2026-02-25,QLD,Cairns,diesel,165.1
2026-02-25,QLD,Cairns,p95,167.2
2026-02-25,QLD,Cairns,ulp91,155.5
2026-02-25,QLD,Gladstone,diesel,163.5
2026-02-25,QLD,Gladstone,p95,161.0
2026-02-25,QLD,Gladstone,ulp91,155.1
2026-02-25,QLD,Mackay,diesel,163.4
2026-02-25,QLD,Mackay,ulp91,155.5
2026-02-25,QLD,Townsville,diesel,164.7
2026-02-25,QLD,Townsville,p95,162.7
2026-02-25,QLD,Townsville,p98,178.8
2026-02-25,QLD,Townsville,ulp91,155.2
2026-02-25,QLD,Weipa,diesel,174.2
2026-02-25,QLD,Weipa,ulp91,177.8
2026-02-25,SA,Adelaide,diesel,161.3
2026-02-25,SA,Adelaide,e10,152.0
2026-02-25,SA,Adelaide,p95,157.0
2026-02-25,SA,Adelaide,p98,171.9
2026-02-25,SA,Adelaide,ulp91,150.0
2026-02-25,SA,Port Lincoln,diesel,168.8
2026-02-25,SA,Port Lincoln,p98,181.7
2026-02-25,SA,Port Lincoln,ulp91,157.6
2026-02-25,TAS,Devonport,diesel,166.8
2026-02-25,TAS,Devonport,p95,164.6
2026-02-25,TAS,Devonport,ulp91,154.4
2026-02-25,TAS,Hobart,diesel,166.1
2026-02-25,TAS,Hobart,p95,164.6
2026-02-25,TAS,Hobart,p98,180.2
2026-02-25,TAS,Hobart,ulp91,154.5
2026-02-25,VIC,Geelong,diesel,160.0
2026-02-25,VIC,Geelong,p95,155.4
2026-02-25,VIC,Geelong,p98,169.7
2026-02-25,VIC,Geelong,ulp91,147.9
2026-02-25,VIC,Melbourne,diesel,160.0
2026-02-25,VIC,Melbourne,e10,149.3
2026-02-25,VIC,Melbourne,p95,155.4
2026-02-25,VIC,Melbourne,p98,169.7
2026-02-25,VIC,Melbourne,ulp91,147.9
2026-02-25,WA,Broome,diesel,190.7
2026-02-25,WA,Broome,p95,197.9
2026-02-25,WA,Broome,ulp91,189.3
2026-02-25,WA,Cocos Island,diesel,211.4
2026-02-25,WA,Cocos Island,p95,372.2
2026-02-25,WA,Dampier,diesel,181.9
2026-02-25,WA,Esperance,diesel,164.4
2026-02-25,WA,King Bay,diesel,181.9
2026-02-25,WA,Perth,diesel,160.5
2026-02-25,WA,Perth,p95,162.1
2026-02-25,WA,Perth,p98,176.1
2026-02-25,WA,Perth,ulp91,150.4
2026-02-25,WA,Port Hedland,diesel,188.6
2026-02-26,NSW,Newcastle,diesel,162.2
2026-02-26,NSW,Sydney,diesel,162.1
2026-02-26,NSW,Sydney,e10,152.4
2026-02-26,NSW,Sydney,p95,159.2
2026-02-26,NSW,Sydney,p98,172.9
2026-02-26,NSW,Sydney,ulp91,151.8
2026-02-26,NT,Darwin,diesel,168.1
2026-02-26,NT,Darwin,p95,165.8
2026-02-26,NT,Darwin,ulp91,156.3
2026-02-26,QLD,Brisbane,b5,169.4
2026-02-26,QLD,Brisbane,diesel,160.9
2026-02-26,QLD,Brisbane,e10,151.6
2026-02-26,QLD,Brisbane,p95,157.4
2026-02-26,QLD,Brisbane,p98,171.4
2026-02-26,QLD,Brisbane,ulp91,150.2
2026-02-26,QLD,Cairns,diesel,166.4
2026-02-26,QLD,Cairns,p95,168.4
2026-02-26,QLD,Cairns,ulp91,157.0
2026-02-26,QLD,Gladstone,diesel,164.8
2026-02-26,QLD,Gladstone,p95,162.3
2026-02-26,QLD,Gladstone,ulp91,156.6
2026-02-26,QLD,Mackay,diesel,164.7
2026-02-26,QLD,Mackay,ulp91,157.0
2026-02-26,QLD,Townsville,diesel,166.0
2026-02-26,QLD,Townsville,p95,163.9
2026-02-26,QLD,Townsville,p98,180.0
2026-02-26,QLD,Townsville,ulp91,156.7
2026-02-26,QLD,Weipa,diesel,175.5
2026-02-26,QLD,Weipa,ulp91,179.3
2026-02-26,SA,Adelaide,diesel,162.5
2026-02-26,SA,Adelaide,e10,153.5
2026-02-26,SA,Adelaide,p95,158.2
2026-02-26,SA,Adelaide,p98,173.1
2026-02-26,SA,Adelaide,ulp91,151.5
2026-02-26,SA,Port Lincoln,diesel,170.1
2026-02-26,SA,Port Lincoln,p98,183.0
2026-02-26,SA,Port Lincoln,ulp91,159.1
2026-02-26,TAS,Devonport,diesel,168.1
2026-02-26,TAS,Devonport,p95,165.8
2026-02-26,TAS,Devonport,ulp91,156.0
2026-02-26,TAS,Hobart,diesel,167.4
2026-02-26,TAS,Hobart,p95,165.8
2026-02-26,TAS,Hobart,p98,181.4
2026-02-26,TAS,Hobart,ulp91,156.1
2026-02-26,VIC,Geelong,diesel,161.2
2026-02-26,VIC,Geelong,p95,156.7
2026-02-26,VIC,Geelong,p98,170.9
2026-02-26,VIC,Geelong,ulp91,149.4
2026-02-26,VIC,Melbourne,diesel,161.2
2026-02-26,VIC,Melbourne,e10,150.8
2026-02-26,VIC,Melbourne,p95,156.7
2026-02-26,VIC,Melbourne,p98,170.9
2026-02-26,VIC,Melbourne,ulp91,149.4
2026-02-26,WA,Broome,diesel,192.0
2026-02-26,WA,Broome,p95,199.2
2026-02-26,WA,Broome,ulp91,190.9
2026-02-26,WA,Cocos Island,diesel,212.6
2026-02-26,WA,Cocos Island,p95,373.4
2026-02-26,WA,Dampier,diesel,183.2
2026-02-26,WA,Esperance,diesel,165.7
2026-02-26,WA,King Bay,diesel,183.2
2026-02-26,WA,Perth,diesel,161.8
2026-02-26,WA,Perth,p95,163.3
2026-02-26,WA,Perth,p98,177.4
2026-02-26,WA,Perth,ulp91,151.9
2026-02-26,WA,Port Hedland,diesel,189.9
2026-02-27,NSW,Newcastle,diesel,163.4
2026-02-27,NSW,Sydney,diesel,163.2
2026-02-27,NSW,Sydney,e10,153.1
2026-02-27,NSW,Sydney,p95,160.7
2026-02-27,NSW,Sydney,p98,174.5
2026-02-27,NSW,Sydney,ulp91,152.5
2026-02-27,NT,Darwin,diesel,169.2
2026-02-27,NT,Darwin,p95,167.3
2026-02-27,NT,Darwin,ulp91,157.0
2026-02-27,QLD,Brisbane,b5,170.5
2026-02-27,QLD,Brisbane,diesel,162.0
2026-02-27,QLD,Brisbane,e10,152.3
2026-02-27,QLD,Brisbane,p95,159.0
2026-02-27,QLD,Brisbane,p98,172.9
2026-02-27,QLD,Brisbane,ulp91,150.9
2026-02-27,QLD,Cairns,diesel,167.5
2026-02-27,QLD,Cairns,p95,170.0
2026-02-27,QLD,Cairns,ulp91,157.7
2026-02-27,QLD,Gladstone,diesel,166.0
2026-02-27,QLD,Gladstone,p95,163.9
2026-02-27,QLD,Gladstone,ulp91,157.3
2026-02-27,QLD,Mackay,diesel,165.9
2026-02-27,QLD,Mackay,ulp91,157.7
2026-02-27,QLD,Townsville,diesel,167.2
2026-02-27,QLD,Townsville,p95,165.5
2026-02-27,QLD,Townsville,p98,181.6
2026-02-27,QLD,Townsville,ulp91,157.4
2026-02-27,QLD,Weipa,diesel,176.7
2026-02-27,QLD,Weipa,ulp91,180.0
2026-02-27,SA,Adelaide,diesel,163.7
2026-02-27,SA,Adelaide,e10,154.2
2026-02-27,SA,Adelaide,p95,159.8
2026-02-27,SA,Adelaide,p98,174.7
2026-02-27,SA,Adelaide,ulp91,152.2
2026-02-27,SA,Port Lincoln,diesel,171.3
2026-02-27,SA,Port Lincoln,p98,184.6
2026-02-27,SA,Port Lincoln,ulp91,159.8
2026-02-27,TAS,Devonport,diesel,169.2
2026-02-27,TAS,Devonport,p95,167.3
2026-02-27,TAS,Devonport,ulp91,157.5
2026-02-27,TAS,Hobart,diesel,168.6
2026-02-27,TAS,Hobart,p95,167.4
2026-02-27,TAS,Hobart,p98,183.0
2026-02-27,TAS,Hobart,ulp91,157.6
2026-02-27,VIC,Geelong,diesel,162.4
2026-02-27,VIC,Geelong,p95,158.2
2026-02-27,VIC,Geelong,p98,172.5
2026-02-27,VIC,Geelong,ulp91,150.1
2026-02-27,VIC,Melbourne,diesel,162.4
2026-02-27,VIC,Melbourne,e10,151.5
2026-02-27,VIC,Melbourne,p95,158.2
2026-02-27,VIC,Melbourne,p98,172.5
2026-02-27,VIC,Melbourne,ulp91,150.1
2026-02-27,WA,Broome,diesel,193.2
2026-02-27,WA,Broome,p95,200.9
2026-02-27,WA,Broome,ulp91,191.8
2026-02-27,WA,Cocos Island,diesel,213.6
2026-02-27,WA,Cocos Island,p95,374.8
2026-02-27,WA,Dampier,diesel,184.3
2026-02-27,WA,Esperance,diesel,166.8
2026-02-27,WA,King Bay,diesel,184.3
2026-02-27,WA,Perth,diesel,162.9
2026-02-27,WA,Perth,p95,164.8
2026-02-27,WA,Perth,p98,178.9
2026-02-27,WA,Perth,ulp91,152.6
2026-02-27,WA,Port Hedland,diesel,191.0
2026-02-28,NSW,Newcastle,diesel,163.8
2026-02-28,NSW,Sydney,diesel,163.7
2026-02-28,NSW,Sydney,e10,154.5
2026-02-28,NSW,Sydney,p95,162.2
2026-02-28,NSW,Sydney,p98,175.9
2026-02-28,NSW,Sydney,ulp91,154.0
2026-02-28,NT,Darwin,diesel,169.7
2026-02-28,NT,Darwin,p95,168.8
2026-02-28,NT,Darwin,ulp91,158.4
2026-02-28,QLD,Brisbane,b5,170.8
2026-02-28,QLD,Brisbane,diesel,162.5
2026-02-28,QLD,Brisbane,e10,153.7
2026-02-28,QLD,Brisbane,p95,160.5
2026-02-28,QLD,Brisbane,p98,174.4
2026-02-28,QLD,Brisbane,ulp91,152.3
2026-02-28,QLD,Cairns,diesel,168.0
2026-02-28,QLD,Cairns,p95,171.5
2026-02-28,QLD,Cairns,ulp91,159.2
2026-02-28,QLD,Gladstone,diesel,166.4
2026-02-28,QLD,Gladstone,p95,165.3
2026-02-28,QLD,Gladstone,ulp91,158.8
2026-02-28,QLD,Mackay,diesel,166.3
2026-02-28,QLD,Mackay,ulp91,159.2
2026-02-28,QLD,Townsville,diesel,167.6
2026-02-28,QLD,Townsville,p95,166.9
2026-02-28,QLD,Townsville,p98,183.1
2026-02-28,QLD,Townsville,ulp91,158.9
2026-02-28,QLD,Weipa,diesel,177.1
2026-02-28,QLD,Weipa,ulp91,181.5
2026-02-28,SA,Adelaide,diesel,164.1
2026-02-28,SA,Adelaide,e10,155.6
2026-02-28,SA,Adelaide,p95,161.2
2026-02-28,SA,Adelaide,p98,176.1
2026-02-28,SA,Adelaide,ulp91,153.7
2026-02-28,SA,Port Lincoln,diesel,171.7
2026-02-28,SA,Port Lincoln,p98,186.0
2026-02-28,SA,Port Lincoln,ulp91,161.3
2026-02-28,TAS,Devonport,diesel,169.7
2026-02-28,TAS,Devonport,p95,168.8
2026-02-28,TAS,Devonport,ulp91,158.1
2026-02-28,TAS,Hobart,diesel,169.0
2026-02-28,TAS,Hobart,p95,168.9
2026-02-28,TAS,Hobart,p98,184.5
2026-02-28,TAS,Hobart,ulp91,158.2
2026-02-28,VIC,Geelong,diesel,162.8
2026-02-28,VIC,Geelong,p95,159.7
2026-02-28,VIC,Geelong,p98,173.9
2026-02-28,VIC,Geelong,ulp91,151.6
2026-02-28,VIC,Melbourne,diesel,162.8
2026-02-28,VIC,Melbourne,e10,152.9
2026-02-28,VIC,Melbourne,p95,159.7
2026-02-28,VIC,Melbourne,p98,173.9
2026-02-28,VIC,Melbourne,ulp91,151.6
2026-02-28,WA,Broome,diesel,193.6
2026-02-28,WA,Broome,p95,202.5
2026-02-28,WA,Broome,ulp91,193.4
2026-02-28,WA,Cocos Island,diesel,214.0
2026-02-28,WA,Cocos Island,p95,376.1
2026-02-28,WA,Dampier,diesel,184.8
2026-02-28,WA,Esperance,diesel,167.2
2026-02-28,WA,King Bay,diesel,184.8
2026-02-28,WA,Perth,diesel,163.4
2026-02-28,WA,Perth,p95,166.3
2026-02-28,WA,Perth,p98,180.4
2026-02-28,WA,Perth,ulp91,154.1
2026-02-28,WA,Port Hedland,diesel,191.5
2026-03-03,NSW,Newcastle,diesel,165.0
2026-03-03,NSW,Sydney,diesel,164.8
2026-03-03,NSW,Sydney,e10,156.1
2026-03-03,NSW,Sydney,p95,162.8
2026-03-03,NSW,Sydney,p98,176.5
2026-03-03,NSW,Sydney,ulp91,155.6
2026-03-03,NT,Darwin,diesel,170.8
2026-03-03,NT,Darwin,p95,169.4
2026-03-03,NT,Darwin,ulp91,159.0
2026-03-03,QLD,Brisbane,b5,172.0
2026-03-03,QLD,Brisbane,diesel,163.6
2026-03-03,QLD,Brisbane,e10,155.3
2026-03-03,QLD,Brisbane,p95,161.1
2026-03-03,QLD,Brisbane,p98,175.0
2026-03-03,QLD,Brisbane,ulp91,154.0
2026-03-03,QLD,Cairns,diesel,169.1
2026-03-03,QLD,Cairns,p95,172.1
2026-03-03,QLD,Cairns,ulp91,159.8
2026-03-03,QLD,Gladstone,diesel,167.6
2026-03-03,QLD,Gladstone,p95,166.0
2026-03-03,QLD,Gladstone,ulp91,160.4
2026-03-03,QLD,Mackay,diesel,167.5
2026-03-03,QLD,Mackay,ulp91,159.8
2026-03-03,QLD,Townsville,diesel,168.8
2026-03-03,QLD,Townsville,p95,167.6
2026-03-03,QLD,Townsville,p98,183.7
2026-03-03,QLD,Townsville,ulp91,159.5
2026-03-03,QLD,Weipa,diesel,178.3
2026-03-03,QLD,Weipa,ulp91,182.2
2026-03-03,SA,Adelaide,diesel,165.3
2026-03-03,SA,Adelaide,e10,157.2
2026-03-03,SA,Adelaide,p95,161.9
2026-03-03,SA,Adelaide,p98,176.8
2026-03-03,SA,Adelaide,ulp91,155.3
2026-03-03,SA,Port Lincoln,diesel,172.9
2026-03-03,SA,Port Lincoln,p98,186.6
2026-03-03,SA,Port Lincoln,ulp91,162.9
2026-03-03,TAS,Devonport,diesel,170.8
2026-03-03,TAS,Devonport,p95,169.5
2026-03-03,TAS,Devonport,ulp91,159.8
2026-03-03,TAS,Hobart,diesel,170.2
2026-03-03,TAS,Hobart,p95,169.5
2026-03-03,TAS,Hobart,p98,185.1
2026-03-03,TAS,Hobart,ulp91,159.8
2026-03-03,VIC,Geelong,diesel,164.0
2026-03-03,VIC,Geelong,p95,160.3
2026-03-03,VIC,Geelong,p98,174.6
2026-03-03,VIC,Geelong,ulp91,153.2
2026-03-03,VIC,Melbourne,diesel,164.0
2026-03-03,VIC,Melbourne,e10,154.6
2026-03-03,VIC,Melbourne,p95,160.3
2026-03-03,VIC,Melbourne,p98,174.6
2026-03-03,VIC,Melbourne,ulp91,153.2
2026-03-03,WA,Broome,diesel,194.8
2026-03-03,WA,Broome,p95,203.4
2026-03-03,WA,Broome,ulp91,195.6
2026-03-03,WA,Cocos Island,diesel,215.1
2026-03-03,WA,Cocos Island,p95,376.8
2026-03-03,WA,Dampier,diesel,185.9
2026-03-03,WA,Esperance,diesel,168.3
2026-03-03,WA,King Bay,diesel,185.9
2026-03-03,WA,Perth,diesel,164.5
2026-03-03,WA,Perth,p95,166.9
2026-03-03,WA,Perth,p98,182.0
2026-03-03,WA,Perth,ulp91,155.7
2026-03-03,WA,Port Hedland,diesel,192.6
2026-03-04,NSW,Newcastle,diesel,165.2
2026-03-04,NSW,Sydney,diesel,165.0
2026-03-04,NSW,Sydney,e10,157.4
2026-03-04,NSW,Sydney,p95,163.1
2026-03-04,NSW,Sydney,p98,176.8
2026-03-04,NSW,Sydney,ulp91,156.9
2026-03-04,NT,Darwin,diesel,171.7
2026-03-04,NT,Darwin,p95,170.8
2026-03-04,NT,Darwin,ulp91,159.8
2026-03-04,QLD,Brisbane,b5,172.2
2026-03-04,QLD,Brisbane,diesel,163.8
2026-03-04,QLD,Brisbane,e10,156.6
2026-03-04,QLD,Brisbane,p95,161.4
2026-03-04,QLD,Brisbane,p98,177.3
2026-03-04,QLD,Brisbane,ulp91,155.3
2026-03-04,QLD,Cairns,diesel,169.3
2026-03-04,QLD,Cairns,p95,172.4
2026-03-04,QLD,Cairns,ulp91,162.1
2026-03-04,QLD,Gladstone,diesel,166.3
2026-03-04,QLD,Gladstone,p95,166.3
2026-03-04,QLD,Gladstone,ulp91,161.7
2026-03-04,QLD,Mackay,diesel,167.7
2026-03-04,QLD,Mackay,ulp91,160.1
2026-03-04,QLD,Townsville,diesel,168.7
2026-03-04,QLD,Townsville,p95,167.9
2026-03-04,QLD,Townsville,p98,184.0
2026-03-04,QLD,Townsville,ulp91,161.8
2026-03-04,QLD,Weipa,diesel,177.1
2026-03-04,QLD,Weipa,ulp91,182.5
2026-03-04,SA,Adelaide,diesel,164.0
2026-03-04,SA,Adelaide,e10,157.1
2026-03-04,SA,Adelaide,p95,162.7
2026-03-04,SA,Adelaide,p98,177.6
2026-03-04,SA,Adelaide,ulp91,155.1
2026-03-04,SA,Port Lincoln,diesel,171.6
2026-03-04,SA,Port Lincoln,p98,187.4
2026-03-04,SA,Port Lincoln,ulp91,162.8
2026-03-04,TAS,Devonport,diesel,171.1
2026-03-04,TAS,Devonport,p95,171.8
2026-03-04,TAS,Devonport,ulp91,161.1
2026-03-04,TAS,Hobart,diesel,170.9
2026-03-04,TAS,Hobart,p95,169.8
2026-03-04,TAS,Hobart,p98,188.4
2026-03-04,TAS,Hobart,ulp91,162.2
2026-03-04,VIC,Geelong,diesel,164.2
2026-03-04,VIC,Geelong,p95,160.6
2026-03-04,VIC,Geelong,p98,176.8
2026-03-04,VIC,Geelong,ulp91,154.5
2026-03-04,VIC,Melbourne,diesel,164.2
2026-03-04,VIC,Melbourne,e10,155.8
2026-03-04,VIC,Melbourne,p95,160.6
2026-03-04,VIC,Melbourne,p98,176.8
2026-03-04,VIC,Melbourne,ulp91,154.5
2026-03-04,WA,Broome,diesel,195.1
2026-03-04,WA,Broome,p95,206.7
2026-03-04,WA,Broome,ulp91,197.6
2026-03-04,WA,Cocos Island,diesel,215.2
2026-03-04,WA,Cocos Island,p95,379.2
2026-03-04,WA,Dampier,diesel,186.1
2026-03-04,WA,Esperance,diesel,168.5
2026-03-04,WA,King Bay,diesel,186.1
2026-03-04,WA,Perth,diesel,164.7
2026-03-04,WA,Perth,p95,169.3
2026-03-04,WA,Perth,p98,183.4
2026-03-04,WA,Perth,ulp91,157.1
2026-03-04,WA,Port Hedland,diesel,192.8
2026-03-05,NSW,Newcastle,diesel,173.8
2026-03-05,NSW,Sydney,diesel,173.6
2026-03-05,NSW,Sydney,e10,162.4
2026-03-05,NSW,Sydney,p95,170.1
2026-03-05,NSW,Sydney,p98,183.8
2026-03-05,NSW,Sydney,ulp91,161.9
2026-03-05,NT,Darwin,diesel,179.5
2026-03-05,NT,Darwin,p95,176.6
2026-03-05,NT,Darwin,ulp91,166.2
2026-03-05,QLD,Brisbane,b5,179.4
2026-03-05,QLD,Brisbane,diesel,172.4
2026-03-05,QLD,Brisbane,e10,161.6
2026-03-05,QLD,Brisbane,p95,168.4
2026-03-05,QLD,Brisbane,p98,182.3
2026-03-05,QLD,Brisbane,ulp91,160.2
2026-03-05,QLD,Cairns,diesel,177.9
2026-03-05,QLD,Cairns,p95,179.4
2026-03-05,QLD,Cairns,ulp91,167.1
2026-03-05,QLD,Gladstone,diesel,176.3
2026-03-05,QLD,Gladstone,p95,173.3
2026-03-05,QLD,Gladstone,ulp91,166.7
2026-03-05,QLD,Mackay,diesel,176.3
2026-03-05,QLD,Mackay,ulp91,167.1
2026-03-05,QLD,Townsville,diesel,177.6
2026-03-05,QLD,Townsville,p95,174.9
2026-03-05,QLD,Townsville,p98,191.0
2026-03-05,QLD,Townsville,ulp91,166.8
2026-03-05,QLD,Weipa,diesel,187.2
2026-03-05,QLD,Weipa,ulp91,189.5
2026-03-05,SA,Adelaide,diesel,174.1
2026-03-05,SA,Adelaide,e10,163.5
2026-03-05,SA,Adelaide,p95,169.1
2026-03-05,SA,Adelaide,p98,184.0
2026-03-05,SA,Adelaide,ulp91,161.6
2026-03-05,SA,Port Lincoln,diesel,181.7
2026-03-05,SA,Port Lincoln,p98,193.9
2026-03-05,SA,Port Lincoln,ulp91,169.3
2026-03-05,TAS,Devonport,diesel,179.7
2026-03-05,TAS,Devonport,p95,176.8
2026-03-05,TAS,Devonport,ulp91,166.1
2026-03-05,TAS,Hobart,diesel,179.0
2026-03-05,TAS,Hobart,p95,176.8
2026-03-05,TAS,Hobart,p98,192.4
2026-03-05,TAS,Hobart,ulp91,166.2
2026-03-05,VIC,Geelong,diesel,172.8
2026-03-05,VIC,Geelong,p95,167.6
2026-03-05,VIC,Geelong,p98,181.8
2026-03-05,VIC,Geelong,ulp91,159.4
2026-03-05,VIC,Melbourne,diesel,172.8
2026-03-05,VIC,Melbourne,e10,160.8
2026-03-05,VIC,Melbourne,p95,167.6
2026-03-05,VIC,Melbourne,p98,181.8
2026-03-05,VIC,Melbourne,ulp91,159.4
2026-03-05,WA,Broome,diesel,203.7
2026-03-05,WA,Broome,p95,211.8
2026-03-05,WA,Broome,ulp91,202.7
2026-03-05,WA,Cocos Island,diesel,223.0
2026-03-05,WA,Cocos Island,p95,383.6
2026-03-05,WA,Dampier,diesel,194.6
2026-03-05,WA,Esperance,diesel,177.1
2026-03-05,WA,King Bay,diesel,194.6
2026-03-05,WA,Perth,diesel,173.2
2026-03-05,WA,Perth,p95,174.1
2026-03-05,WA,Perth,p98,188.1
2026-03-05,WA,Perth,ulp91,161.8
2026-03-05,WA,Port Hedland,diesel,201.3
2026-03-06,NSW,Newcastle,diesel,181.4
2026-03-06,NSW,Sydney,diesel,181.2
2026-03-06,NSW,Sydney,e10,168.0
2026-03-06,NSW,Sydney,p95,175.7
2026-03-06,NSW,Sydney,p98,189.4
2026-03-06,NSW,Sydney,ulp91,167.5
2026-03-06,NT,Darwin,diesel,187.1
2026-03-06,NT,Darwin,p95,182.2
2026-03-06,NT,Darwin,ulp91,171.8
2026-03-06,QLD,Brisbane,b5,187.8
2026-03-06,QLD,Brisbane,diesel,180.0
2026-03-06,QLD,Brisbane,e10,167.2
2026-03-06,QLD,Brisbane,p95,174.0
2026-03-06,QLD,Brisbane,p98,187.9
2026-03-06,QLD,Brisbane,ulp91,165.8
2026-03-06,QLD,Cairns,diesel,185.5
2026-03-06,QLD,Cairns,p95,185.0
2026-03-06,QLD,Cairns,ulp91,172.7
2026-03-06,QLD,Gladstone,diesel,184.0
2026-03-06,QLD,Gladstone,p95,178.9
2026-03-06,QLD,Gladstone,ulp91,172.3
2026-03-06,QLD,Mackay,diesel,183.9
2026-03-06,QLD,Mackay,ulp91,172.7
2026-03-06,QLD,Townsville,diesel,185.2
2026-03-06,QLD,Townsville,p95,180.6
2026-03-06,QLD,Townsville,p98,196.6
2026-03-06,QLD,Townsville,ulp91,172.4
2026-03-06,QLD,Weipa,diesel,195.0
2026-03-06,QLD,Weipa,ulp91,195.2
2026-03-06,SA,Adelaide,diesel,181.7
2026-03-06,SA,Adelaide,e10,169.1
2026-03-06,SA,Adelaide,p95,174.8
2026-03-06,SA,Adelaide,p98,189.6
2026-03-06,SA,Adelaide,ulp91,167.2
2026-03-06,SA,Port Lincoln,diesel,189.4
2026-03-06,SA,Port Lincoln,p98,199.5
2026-03-06,SA,Port Lincoln,ulp91,174.9
2026-03-06,TAS,Devonport,diesel,187.3
2026-03-06,TAS,Devonport,p95,182.4
2026-03-06,TAS,Devonport,ulp91,171.7
2026-03-06,TAS,Hobart,diesel,186.7
2026-03-06,TAS,Hobart,p95,182.5
2026-03-06,TAS,Hobart,p98,198.0
2026-03-06,TAS,Hobart,ulp91,171.8
2026-03-06,VIC,Geelong,diesel,180.4
2026-03-06,VIC,Geelong,p95,173.2
2026-03-06,VIC,Geelong,p98,187.4
2026-03-06,VIC,Geelong,ulp91,165.1
2026-03-06,VIC,Melbourne,diesel,180.4
2026-03-06,VIC,Melbourne,e10,166.4
2026-03-06,VIC,Melbourne,p95,173.2
2026-03-06,VIC,Melbourne,p98,187.4
2026-03-06,VIC,Melbourne,ulp91,165.1
2026-03-06,WA,Broome,diesel,211.5
2026-03-06,WA,Broome,p95,217.9
2026-03-06,WA,Broome,ulp91,208.8
2026-03-06,WA,Cocos Island,diesel,229.8
2026-03-06,WA,Cocos Island,p95,388.4
2026-03-06,WA,Dampier,diesel,202.2
2026-03-06,WA,Esperance,diesel,184.7
2026-03-06,WA,King Bay,diesel,202.2
2026-03-06,WA,Perth,diesel,180.8
2026-03-06,WA,Perth,p95,179.4
2026-03-06,WA,Perth,p98,193.4
2026-03-06,WA,Perth,ulp91,167.2
2026-03-06,WA,Port Hedland,diesel,208.9
2026-03-07,NSW,Newcastle,diesel,194.4
2026-03-07,NSW,Sydney,diesel,194.3
2026-03-07,NSW,Sydney,e10,172.9
2026-03-07,NSW,Sydney,p95,180.8
2026-03-07,NSW,Sydney,p98,194.5
2026-03-07,NSW,Sydney,ulp91,172.4
2026-03-07,NT,Darwin,diesel,200.1
2026-03-07,NT,Darwin,p95,187.2
2026-03-07,NT,Darwin,ulp91,176.7
2026-03-07,QLD,Brisbane,b5,200.3
2026-03-07,QLD,Brisbane,diesel,193.1
2026-03-07,QLD,Brisbane,e10,172.1
2026-03-07,QLD,Brisbane,p95,179.0
2026-03-07,QLD,Brisbane,p98,192.9
2026-03-07,QLD,Brisbane,ulp91,170.8
2026-03-07,QLD,Cairns,diesel,198.6
2026-03-07,QLD,Cairns,p95,190.1
2026-03-07,QLD,Cairns,ulp91,177.6
2026-03-07,QLD,Gladstone,diesel,197.0
2026-03-07,QLD,Gladstone,p95,184.0
2026-03-07,QLD,Gladstone,ulp91,177.3
2026-03-07,QLD,Mackay,diesel,196.9
2026-03-07,QLD,Mackay,ulp91,177.7
2026-03-07,QLD,Townsville,diesel,198.2
2026-03-07,QLD,Townsville,p95,185.7
2026-03-07,QLD,Townsville,p98,201.7
2026-03-07,QLD,Townsville,ulp91,177.3
2026-03-07,QLD,Weipa,diesel,208.1
2026-03-07,QLD,Weipa,ulp91,200.3
2026-03-07,SA,Adelaide,diesel,194.8
2026-03-07,SA,Adelaide,e10,174.0
2026-03-07,SA,Adelaide,p95,179.8
2026-03-07,SA,Adelaide,p98,194.7
2026-03-07,SA,Adelaide,ulp91,172.1
2026-03-07,SA,Port Lincoln,diesel,202.5
2026-03-07,SA,Port Lincoln,p98,204.6
2026-03-07,SA,Port Lincoln,ulp91,179.9
2026-03-07,TAS,Devonport,diesel,200.4
2026-03-07,TAS,Devonport,p95,187.5
2026-03-07,TAS,Devonport,ulp91,176.7
2026-03-07,TAS,Hobart,diesel,199.8
2026-03-07,TAS,Hobart,p95,187.6
2026-03-07,TAS,Hobart,p98,203.1
2026-03-07,TAS,Hobart,ulp91,176.8
2026-03-07,VIC,Geelong,diesel,193.4
2026-03-07,VIC,Geelong,p95,178.2
2026-03-07,VIC,Geelong,p98,192.4
2026-03-07,VIC,Geelong,ulp91,170.0
2026-03-07,VIC,Melbourne,diesel,193.4
2026-03-07,VIC,Melbourne,e10,171.3
2026-03-07,VIC,Melbourne,p95,178.2
2026-03-07,VIC,Melbourne,p98,192.4
2026-03-07,VIC,Melbourne,ulp91,170.0
2026-03-07,WA,Broome,diesel,224.6
2026-03-07,WA,Broome,p95,223.8
2026-03-07,WA,Broome,ulp91,214.6
2026-03-07,WA,Cocos Island,diesel,241.6
2026-03-07,WA,Cocos Island,p95,392.9
2026-03-07,WA,Dampier,diesel,215.1
2026-03-07,WA,Esperance,diesel,197.6
2026-03-07,WA,King Bay,diesel,215.1
2026-03-07,WA,Perth,diesel,193.8
2026-03-07,WA,Perth,p95,184.4
2026-03-07,WA,Perth,p98,198.4
2026-03-07,WA,Perth,ulp91,172.0
2026-03-07,WA,Port Hedland,diesel,221.9
2026-03-10,NSW,Newcastle,diesel,214.3
2026-03-10,NSW,Sydney,diesel,214.2
2026-03-10,NSW,Sydney,e10,183.3
2026-03-10,NSW,Sydney,p95,191.3
2026-03-10,NSW,Sydney,p98,205.0
2026-03-10,NSW,Sydney,ulp91,182.9
2026-03-10,NT,Darwin,diesel,219.9
2026-03-10,NT,Darwin,p95,197.7
2026-03-10,NT,Darwin,ulp91,187.1
2026-03-10,QLD,Brisbane,b5,219.6
2026-03-10,QLD,Brisbane,diesel,213.0
2026-03-10,QLD,Brisbane,e10,182.5
2026-03-10,QLD,Brisbane,p95,189.5
2026-03-10,QLD,Brisbane,p98,203.5
2026-03-10,QLD,Brisbane,ulp91,181.2
2026-03-10,QLD,Cairns,diesel,218.5
2026-03-10,QLD,Cairns,p95,200.7
2026-03-10,QLD,Cairns,ulp91,188.1
2026-03-10,QLD,Gladstone,diesel,216.9
2026-03-10,QLD,Gladstone,p95,194.6
2026-03-10,QLD,Gladstone,ulp91,187.8
2026-03-10,QLD,Mackay,diesel,216.8
2026-03-10,QLD,Mackay,ulp91,188.2
2026-03-10,QLD,Townsville,diesel,218.1
2026-03-10,QLD,Townsville,p95,196.2
2026-03-10,QLD,Townsville,p98,212.3
2026-03-10,QLD,Townsville,ulp91,187.8
2026-03-10,QLD,Weipa,diesel,228.1
2026-03-10,QLD,Weipa,ulp91,210.8
2026-03-10,SA,Adelaide,diesel,214.7
2026-03-10,SA,Adelaide,e10,184.4
2026-03-10,SA,Adelaide,p95,190.4
2026-03-10,SA,Adelaide,p98,205.3
2026-03-10,SA,Adelaide,ulp91,182.6
2026-03-10,SA,Port Lincoln,diesel,222.5
2026-03-10,SA,Port Lincoln,p98,215.1
2026-03-10,SA,Port Lincoln,ulp91,190.4
2026-03-10,TAS,Devonport,diesel,220.4
2026-03-10,TAS,Devonport,p95,198.0
2026-03-10,TAS,Devonport,ulp91,187.1
2026-03-10,TAS,Hobart,diesel,219.7
2026-03-10,TAS,Hobart,p95,198.1
2026-03-10,TAS,Hobart,p98,213.7
2026-03-10,TAS,Hobart,ulp91,187.2
2026-03-10,VIC,Geelong,diesel,213.3
2026-03-10,VIC,Geelong,p95,188.7
2026-03-10,VIC,Geelong,p98,203.0
2026-03-10,VIC,Geelong,ulp91,180.4
2026-03-10,VIC,Melbourne,diesel,213.3
2026-03-10,VIC,Melbourne,e10,181.7
2026-03-10,VIC,Melbourne,p95,188.7
2026-03-10,VIC,Melbourne,p98,203.0
2026-03-10,VIC,Melbourne,ulp91,180.4
2026-03-10,WA,Broome,diesel,244.6
2026-03-10,WA,Broome,p95,234.9
2026-03-10,WA,Broome,ulp91,225.5
2026-03-10,WA,Cocos Island,diesel,259.7
2026-03-10,WA,Cocos Island,p95,402.4
2026-03-10,WA,Dampier,diesel,235.0
2026-03-10,WA,Esperance,diesel,219.7
2026-03-10,WA,King Bay,diesel,235.0
2026-03-10,WA,Perth,diesel,213.7
2026-03-10,WA,Perth,p95,194.9
2026-03-10,WA,Perth,p98,208.9
2026-03-10,WA,Perth,ulp91,182.4
2026-03-10,WA,Port Hedland,diesel,241.8
2026-03-11,NSW,Newcastle,diesel,232.6
2026-03-11,NSW,Sydney,diesel,232.4
2026-03-11,NSW,Sydney,e10,196.9
2026-03-11,NSW,Sydney,p95,205.1
2026-03-11,NSW,Sydney,p98,218.8
2026-03-11,NSW,Sydney,ulp91,196.4
2026-03-11,NT,Darwin,diesel,238.2
2026-03-11,NT,Darwin,p95,211.5
2026-03-11,NT,Darwin,ulp91,200.6
2026-03-11,QLD,Brisbane,b5,237.3
2026-03-11,QLD,Brisbane,diesel,231.3
2026-03-11,QLD,Brisbane,e10,196.1
2026-03-11,QLD,Brisbane,p95,203.3
2026-03-11,QLD,Brisbane,p98,217.3
2026-03-11,QLD,Brisbane,ulp91,194.8
2026-03-11,QLD,Cairns,diesel,236.8
2026-03-11,QLD,Cairns,p95,214.5
2026-03-11,QLD,Cairns,ulp91,201.7
2026-03-11,QLD,Gladstone,diesel,235.2
2026-03-11,QLD,Gladstone,p95,208.4
2026-03-11,QLD,Gladstone,ulp91,201.4
2026-03-11,QLD,Mackay,diesel,235.1
2026-03-11,QLD,Mackay,ulp91,201.8
2026-03-11,QLD,Townsville,diesel,236.4
2026-03-11,QLD,Townsville,p95,210.1
2026-03-11,QLD,Townsville,p98,226.2
2026-03-11,QLD,Townsville,ulp91,201.4
2026-03-11,QLD,Weipa,diesel,246.4
2026-03-11,QLD,Weipa,ulp91,224.4
2026-03-11,SA,Adelaide,diesel,233.1
2026-03-11,SA,Adelaide,e10,198.0
2026-03-11,SA,Adelaide,p95,204.2
2026-03-11,SA,Adelaide,p98,219.1
2026-03-11,SA,Adelaide,ulp91,196.2
2026-03-11,SA,Port Lincoln,diesel,240.8
2026-03-11,SA,Port Lincoln,p98,228.9
2026-03-11,SA,Port Lincoln,ulp91,204.0
2026-03-11,TAS,Devonport,diesel,238.7
2026-03-11,TAS,Devonport,p95,211.9
2026-03-11,TAS,Devonport,ulp91,200.7
2026-03-11,TAS,Hobart,diesel,238.0
2026-03-11,TAS,Hobart,p95,211.9
2026-03-11,TAS,Hobart,p98,227.5
2026-03-11,TAS,Hobart,ulp91,200.8
2026-03-11,VIC,Geelong,diesel,231.6
2026-03-11,VIC,Geelong,p95,202.5
2026-03-11,VIC,Geelong,p98,216.8
2026-03-11,VIC,Geelong,ulp91,194.0
2026-03-11,VIC,Melbourne,diesel,231.6
2026-03-11,VIC,Melbourne,e10,195.3
2026-03-11,VIC,Melbourne,p95,202.5
2026-03-11,VIC,Melbourne,p98,216.8
2026-03-11,VIC,Melbourne,ulp91,194.0
2026-03-11,WA,Broome,diesel,262.9
2026-03-11,WA,Broome,p95,249.1
2026-03-11,WA,Broome,ulp91,239.6
2026-03-11,WA,Cocos Island,diesel,276.3
2026-03-11,WA,Cocos Island,p95,415.0
2026-03-11,WA,Dampier,diesel,253.2
2026-03-11,WA,Esperance,diesel,238.0
2026-03-11,WA,King Bay,diesel,253.2
2026-03-11,WA,Perth,diesel,231.9
2026-03-11,WA,Perth,p95,208.7
2026-03-11,WA,Perth,p98,222.8
2026-03-11,WA,Perth,ulp91,196.0
2026-03-11,WA,Port Hedland,diesel,260.1
2026-03-12,NSW,Newcastle,diesel,235.9
2026-03-12,NSW,Sydney,diesel,235.8
2026-03-12,NSW,Sydney,e10,200.4
2026-03-12,NSW,Sydney,p95,208.8
2026-03-12,NSW,Sydney,p98,222.6
2026-03-12,NSW,Sydney,ulp91,199.9
2026-03-12,NT,Darwin,diesel,241.5
2026-03-12,NT,Darwin,p95,215.2
2026-03-12,NT,Darwin,ulp91,204.1
2026-03-12,QLD,Brisbane,b5,239.9
2026-03-12,QLD,Brisbane,diesel,234.7
2026-03-12,QLD,Brisbane,e10,199.6
2026-03-12,QLD,Brisbane,p95,207.1
2026-03-12,QLD,Brisbane,p98,221.1
2026-03-12,QLD,Brisbane,ulp91,198.2
2026-03-12,QLD,Cairns,diesel,240.1
2026-03-12,QLD,Cairns,p95,218.3
2026-03-12,QLD,Cairns,ulp91,205.2
2026-03-12,QLD,Gladstone,diesel,238.5
2026-03-12,QLD,Gladstone,p95,212.2
2026-03-12,QLD,Gladstone,ulp91,204.9
2026-03-12,QLD,Mackay,diesel,238.4
2026-03-12,QLD,Mackay,ulp91,205.3
2026-03-12,QLD,Townsville,diesel,239.7
2026-03-12,QLD,Townsville,p95,213.8
2026-03-12,QLD,Townsville,p98,229.9
2026-03-12,QLD,Townsville,ulp91,204.8
2026-03-12,QLD,Weipa,diesel,249.8
2026-03-12,QLD,Weipa,ulp91,227.9
2026-03-12,SA,Adelaide,diesel,236.4
2026-03-12,SA,Adelaide,e10,201.5
2026-03-12,SA,Adelaide,p95,207.9
2026-03-12,SA,Adelaide,p98,222.9
2026-03-12,SA,Adelaide,ulp91,199.7
2026-03-12,SA,Port Lincoln,diesel,244.2
2026-03-12,SA,Port Lincoln,p98,232.7
2026-03-12,SA,Port Lincoln,ulp91,207.5
2026-03-12,TAS,Devonport,diesel,242.0
2026-03-12,TAS,Devonport,p95,215.6
2026-03-12,TAS,Devonport,ulp91,204.2
2026-03-12,TAS,Hobart,diesel,241.4
2026-03-12,TAS,Hobart,p95,215.7
2026-03-12,TAS,Hobart,p98,231.3
2026-03-12,TAS,Hobart,ulp91,204.3
2026-03-12,VIC,Geelong,diesel,234.9
2026-03-12,VIC,Geelong,p95,206.2
2026-03-12,VIC,Geelong,p98,220.5
2026-03-12,VIC,Geelong,ulp91,197.4
2026-03-12,VIC,Melbourne,diesel,234.9
2026-03-12,VIC,Melbourne,e10,198.7
2026-03-12,VIC,Melbourne,p95,206.2
2026-03-12,VIC,Melbourne,p98,220.5
2026-03-12,VIC,Melbourne,ulp91,197.4
2026-03-12,WA,Broome,diesel,266.3
2026-03-12,WA,Broome,p95,253.2
2026-03-12,WA,Broome,ulp91,243.4
2026-03-12,WA,Cocos Island,diesel,279.3
2026-03-12,WA,Cocos Island,p95,418.4
2026-03-12,WA,Dampier,diesel,256.6
2026-03-12,WA,Esperance,diesel,241.3
2026-03-12,WA,King Bay,diesel,256.6
2026-03-12,WA,Perth,diesel,235.3
2026-03-12,WA,Perth,p95,212.4
2026-03-12,WA,Perth,p98,226.5
2026-03-12,WA,Perth,ulp91,199.4
2026-03-12,WA,Port Hedland,diesel,263.4
2026-03-13,NSW,Newcastle,diesel,245.3
2026-03-13,NSW,Sydney,diesel,245.2
2026-03-13,NSW,Sydney,e10,208.4
2026-03-13,NSW,Sydney,p95,217.0
2026-03-13,NSW,Sydney,p98,230.8
2026-03-13,NSW,Sydney,ulp91,207.9
2026-03-13,NT,Darwin,diesel,250.9
2026-03-13,NT,Darwin,p95,223.4
2026-03-13,NT,Darwin,ulp91,212.1
2026-03-13,QLD,Brisbane,b5,248.9
2026-03-13,QLD,Brisbane,diesel,244.0
2026-03-13,QLD,Brisbane,e10,207.6
2026-03-13,QLD,Brisbane,p95,215.3
2026-03-13,QLD,Brisbane,p98,229.3
2026-03-13,QLD,Brisbane,ulp91,206.3
2026-03-13,QLD,Cairns,diesel,249.5
2026-03-13,QLD,Cairns,p95,226.5
2026-03-13,QLD,Cairns,ulp91,213.2
2026-03-13,QLD,Gladstone,diesel,247.9
2026-03-13,QLD,Gladstone,p95,220.4
2026-03-13,QLD,Gladstone,ulp91,212.9
2026-03-13,QLD,Mackay,diesel,247.8
2026-03-13,QLD,Mackay,ulp91,213.3
2026-03-13,QLD,Townsville,diesel,249.1
2026-03-13,QLD,Townsville,p95,222.0
2026-03-13,QLD,Townsville,p98,238.2
2026-03-13,QLD,Townsville,ulp91,212.8
2026-03-13,QLD,Weipa,diesel,259.2
2026-03-13,QLD,Weipa,ulp91,235.9
2026-03-13,SA,Adelaide,diesel,245.8
2026-03-13,SA,Adelaide,e10,209.5
2026-03-13,SA,Adelaide,p95,216.2
2026-03-13,SA,Adelaide,p98,231.1
2026-03-13,SA,Adelaide,ulp91,207.7
2026-03-13,SA,Port Lincoln,diesel,253.5
2026-03-13,SA,Port Lincoln,p98,240.9
2026-03-13,SA,Port Lincoln,ulp91,215.5
2026-03-13,TAS,Devonport,diesel,251.4
2026-03-13,TAS,Devonport,p95,223.8
2026-03-13,TAS,Devonport,ulp91,212.2
2026-03-13,TAS,Hobart,diesel,250.8
2026-03-13,TAS,Hobart,p95,223.9
2026-03-13,TAS,Hobart,p98,239.5
2026-03-13,TAS,Hobart,ulp91,212.3
2026-03-13,VIC,Geelong,diesel,244.3
2026-03-13,VIC,Geelong,p95,214.5
2026-03-13,VIC,Geelong,p98,228.8
2026-03-13,VIC,Geelong,ulp91,205.4
2026-03-13,VIC,Melbourne,diesel,244.3
2026-03-13,VIC,Melbourne,e10,206.7
2026-03-13,VIC,Melbourne,p95,214.5
2026-03-13,VIC,Melbourne,p98,228.8
2026-03-13,VIC,Melbourne,ulp91,205.4
2026-03-13,WA,Broome,diesel,275.7
2026-03-13,WA,Broome,p95,261.4
2026-03-13,WA,Broome,ulp91,251.4
2026-03-13,WA,Cocos Island,diesel,287.8
2026-03-13,WA,Cocos Island,p95,425.9
2026-03-13,WA,Dampier,diesel,265.9
2026-03-13,WA,Esperance,diesel,250.7
2026-03-13,WA,King Bay,diesel,265.9
2026-03-13,WA,Perth,diesel,244.7
2026-03-13,WA,Perth,p95,220.6
2026-03-13,WA,Perth,p98,234.7
2026-03-13,WA,Perth,ulp91,207.5
2026-03-13,WA,Port Hedland,diesel,272.8
2026-03-14,NSW,Newcastle,diesel,253.7
2026-03-14,NSW,Sydney,diesel,253.6
2026-03-14,NSW,Sydney,e10,218.0
2026-03-14,NSW,Sydney,p95,226.9
2026-03-14,NSW,Sydney,p98,240.7
2026-03-14,NSW,Sydney,ulp91,217.6
2026-03-14,NT,Darwin,diesel,259.3
2026-03-14,NT,Darwin,p95,233.3
2026-03-14,NT,Darwin,ulp91,221.8
2026-03-14,QLD,Brisbane,b5,257.2
2026-03-14,QLD,Brisbane,diesel,252.4
2026-03-14,QLD,Brisbane,e10,217.2
2026-03-14,QLD,Brisbane,p95,225.2
2026-03-14,QLD,Brisbane,p98,239.2
2026-03-14,QLD,Brisbane,ulp91,215.9
2026-03-14,QLD,Cairns,diesel,257.9
2026-03-14,QLD,Cairns,p95,236.4
2026-03-14,QLD,Cairns,ulp91,222.8
2026-03-14,QLD,Gladstone,diesel,256.3
2026-03-14,QLD,Gladstone,p95,230.3
2026-03-14,QLD,Gladstone,ulp91,222.5
2026-03-14,QLD,Mackay,diesel,256.2
2026-03-14,QLD,Mackay,ulp91,222.9
2026-03-14,QLD,Townsville,diesel,257.5
2026-03-14,QLD,Townsville,p95,231.9
2026-03-14,QLD,Townsville,p98,248.0
2026-03-14,QLD,Townsville,ulp91,222.5
2026-03-14,QLD,Weipa,diesel,267.5
2026-03-14,QLD,Weipa,ulp91,245.5
2026-03-14,SA,Adelaide,diesel,254.2
2026-03-14,SA,Adelaide,e10,219.2
2026-03-14,SA,Adelaide,p95,226.1
2026-03-14,SA,Adelaide,p98,241.0
2026-03-14,SA,Adelaide,ulp91,217.3
2026-03-14,SA,Port Lincoln,diesel,261.9
2026-03-14,SA,Port Lincoln,p98,250.8
2026-03-14,SA,Port Lincoln,ulp91,225.1
2026-03-14,TAS,Devonport,diesel,259.8
2026-03-14,TAS,Devonport,p95,233.7
2026-03-14,TAS,Devonport,ulp91,221.8
2026-03-14,TAS,Hobart,diesel,259.1
2026-03-14,TAS,Hobart,p95,233.8
2026-03-14,TAS,Hobart,p98,249.4
2026-03-14,TAS,Hobart,ulp91,221.9
2026-03-14,VIC,Geelong,diesel,252.7
2026-03-14,VIC,Geelong,p95,224.4
2026-03-14,VIC,Geelong,p98,238.6
2026-03-14,VIC,Geelong,ulp91,215.1
2026-03-14,VIC,Melbourne,diesel,252.7
2026-03-14,VIC,Melbourne,e10,216.4
2026-03-14,VIC,Melbourne,p95,224.4
2026-03-14,VIC,Melbourne,p98,238.6
2026-03-14,VIC,Melbourne,ulp91,215.1
2026-03-14,WA,Broome,diesel,284.1
2026-03-14,WA,Broome,p95,271.0
2026-03-14,WA,Broome,ulp91,260.7
2026-03-14,WA,Cocos Island,diesel,295.5
2026-03-14,WA,Cocos Island,p95,434.9
2026-03-14,WA,Dampier,diesel,274.4
2026-03-14,WA,Esperance,diesel,259.1
2026-03-14,WA,King Bay,diesel,274.4
2026-03-14,WA,Perth,diesel,253.1
2026-03-14,WA,Perth,p95,230.6
2026-03-14,WA,Perth,p98,244.6
2026-03-14,WA,Perth,ulp91,217.1
2026-03-14,WA,Port Hedland,diesel,281.3
2026-03-17,NSW,Newcastle,diesel,268.0
2026-03-17,NSW,Sydney,diesel,267.9
2026-03-17,NSW,Sydney,e10,229.6
2026-03-17,NSW,Sydney,p95,238.9
2026-03-17,NSW,Sydney,p98,252.6
2026-03-17,NSW,Sydney,ulp91,229.1
2026-03-17,NT,Darwin,diesel,273.6
2026-03-17,NT,Darwin,p95,245.3
2026-03-17,NT,Darwin,ulp91,233.4
2026-03-17,QLD,Brisbane,b5,271.1
2026-03-17,QLD,Brisbane,diesel,266.8
2026-03-17,QLD,Brisbane,e10,228.8
2026-03-17,QLD,Brisbane,p95,237.2
2026-03-17,QLD,Brisbane,p98,251.1
2026-03-17,QLD,Brisbane,ulp91,227.5
2026-03-17,QLD,Cairns,diesel,272.2
2026-03-17,QLD,Cairns,p95,248.3
2026-03-17,QLD,Cairns,ulp91,234.4
2026-03-17,QLD,Gladstone,diesel,270.6
2026-03-17,QLD,Gladstone,p95,242.2
2026-03-17,QLD,Gladstone,ulp91,234.1
2026-03-17,QLD,Mackay,diesel,270.5
2026-03-17,QLD,Mackay,ulp91,234.5
2026-03-17,QLD,Townsville,diesel,271.8
2026-03-17,QLD,Townsville,p95,243.8
2026-03-17,QLD,Townsville,p98,259.9
2026-03-17,QLD,Townsville,ulp91,234.1
2026-03-17,QLD,Weipa,diesel,281.9
2026-03-17,QLD,Weipa,ulp91,257.1
2026-03-17,SA,Adelaide,diesel,268.6
2026-03-17,SA,Adelaide,e10,230.8
2026-03-17,SA,Adelaide,p95,238.0
2026-03-17,SA,Adelaide,p98,252.9
2026-03-17,SA,Adelaide,ulp91,228.9
2026-03-17,SA,Port Lincoln,diesel,276.2
2026-03-17,SA,Port Lincoln,p98,262.7
2026-03-17,SA,Port Lincoln,ulp91,236.6
2026-03-17,TAS,Devonport,diesel,274.1
2026-03-17,TAS,Devonport,p95,245.6
2026-03-17,TAS,Devonport,ulp91,233.4
2026-03-17,TAS,Hobart,diesel,273.5
2026-03-17,TAS,Hobart,p95,245.7
2026-03-17,TAS,Hobart,p98,261.2
2026-03-17,TAS,Hobart,ulp91,233.5
2026-03-17,VIC,Geelong,diesel,267.0
2026-03-17,VIC,Geelong,p95,236.3
2026-03-17,VIC,Geelong,p98,250.5
2026-03-17,VIC,Geelong,ulp91,226.7
2026-03-17,VIC,Melbourne,diesel,267.0
2026-03-17,VIC,Melbourne,e10,228.0
2026-03-17,VIC,Melbourne,p95,236.3
2026-03-17,VIC,Melbourne,p98,250.5
2026-03-17,VIC,Melbourne,ulp91,226.7
2026-03-17,WA,Broome,diesel,298.4
2026-03-17,WA,Broome,p95,282.8
2026-03-17,WA,Broome,ulp91,272.2
2026-03-17,WA,Cocos Island,diesel,308.5
2026-03-17,WA,Cocos Island,p95,445.7
2026-03-17,WA,Dampier,diesel,288.7
2026-03-17,WA,Esperance,diesel,273.4
2026-03-17,WA,King Bay,diesel,288.7
2026-03-17,WA,Perth,diesel,267.4
2026-03-17,WA,Perth,p95,242.5
2026-03-17,WA,Perth,p98,256.6
2026-03-17,WA,Perth,ulp91,228.7
2026-03-17,WA,Port Hedland,diesel,295.6
2026-03-18,NSW,Newcastle,diesel,275.0
2026-03-18,NSW,Sydney,diesel,274.9
2026-03-18,NSW,Sydney,e10,235.0
2026-03-18,NSW,Sydney,p95,244.5
2026-03-18,NSW,Sydney,p98,258.2
2026-03-18,NSW,Sydney,ulp91,234.6
2026-03-18,NT,Darwin,diesel,280.7
2026-03-18,NT,Darwin,p95,250.9
2026-03-18,NT,Darwin,ulp91,238.8
2026-03-18,QLD,Brisbane,b5,277.8
2026-03-18,QLD,Brisbane,diesel,273.8
2026-03-18,QLD,Brisbane,e10,234.3
2026-03-18,QLD,Brisbane,p95,242.8
2026-03-18,QLD,Brisbane,p98,256.7
2026-03-18,QLD,Brisbane,ulp91,233.0
2026-03-18,QLD,Cairns,diesel,279.2
2026-03-18,QLD,Cairns,p95,253.9
2026-03-18,QLD,Cairns,ulp91,239.8
2026-03-18,QLD,Gladstone,diesel,277.6
2026-03-18,QLD,Gladstone,p95,247.8
2026-03-18,QLD,Gladstone,ulp91,239.6
2026-03-18,QLD,Mackay,diesel,277.6
2026-03-18,QLD,Mackay,ulp91,239.9
2026-03-18,QLD,Townsville,diesel,278.9
2026-03-18,QLD,Townsville,p95,249.5
2026-03-18,QLD,Townsville,p98,265.6
2026-03-18,QLD,Townsville,ulp91,239.5
2026-03-18,QLD,Weipa,diesel,288.9
2026-03-18,QLD,Weipa,ulp91,262.5
2026-03-18,SA,Adelaide,diesel,275.6
2026-03-18,SA,Adelaide,e10,236.2
2026-03-18,SA,Adelaide,p95,243.6
2026-03-18,SA,Adelaide,p98,258.5
2026-03-18,SA,Adelaide,ulp91,234.3
2026-03-18,SA,Port Lincoln,diesel,283.2
2026-03-18,SA,Port Lincoln,p98,268.4
2026-03-18,SA,Port Lincoln,ulp91,242.1
2026-03-18,TAS,Devonport,diesel,277.8
2026-03-18,TAS,Devonport,p95,247.9
2026-03-18,TAS,Devonport,ulp91,235.5
2026-03-18,TAS,Hobart,diesel,277.2
2026-03-18,TAS,Hobart,p95,248.0
2026-03-18,TAS,Hobart,p98,263.6
2026-03-18,TAS,Hobart,ulp91,235.6
2026-03-18,VIC,Geelong,diesel,274.0
2026-03-18,VIC,Geelong,p95,241.9
2026-03-18,VIC,Geelong,p98,256.1
2026-03-18,VIC,Geelong,ulp91,232.1
2026-03-18,VIC,Melbourne,diesel,274.0
2026-03-18,VIC,Melbourne,e10,233.4
2026-03-18,VIC,Melbourne,p95,241.9
2026-03-18,VIC,Melbourne,p98,256.1
2026-03-18,VIC,Melbourne,ulp91,232.1
2026-03-18,WA,Broome,diesel,305.4
2026-03-18,WA,Broome,p95,288.5
2026-03-18,WA,Broome,ulp91,277.7
2026-03-18,WA,Cocos Island,diesel,314.9
2026-03-18,WA,Cocos Island,p95,450.8
2026-03-18,WA,Dampier,diesel,295.7
2026-03-18,WA,Esperance,diesel,280.4
2026-03-18,WA,King Bay,diesel,295.7
2026-03-18,WA,Perth,diesel,274.5
2026-03-18,WA,Perth,p95,248.1
2026-03-18,WA,Perth,p98,262.2
2026-03-18,WA,Perth,ulp91,234.2
2026-03-18,WA,Port Hedland,diesel,302.6
2026-03-19,NSW,Newcastle,diesel,275.5
2026-03-19,NSW,Sydney,diesel,275.4
2026-03-19,NSW,Sydney,e10,235.6
2026-03-19,NSW,Sydney,p95,245.2
2026-03-19,NSW,Sydney,p98,258.9
2026-03-19,NSW,Sydney,ulp91,235.1
2026-03-19,NT,Darwin,diesel,281.1
2026-03-19,NT,Darwin,p95,251.7
2026-03-19,NT,Darwin,ulp91,239.4
2026-03-19,QLD,Brisbane,b5,278.2
2026-03-19,QLD,Brisbane,diesel,274.3
2026-03-19,QLD,Brisbane,e10,234.8
2026-03-19,QLD,Brisbane,p95,243.5
2026-03-19,QLD,Brisbane,p98,257.5
2026-03-19,QLD,Brisbane,ulp91,233.5
2026-03-19,QLD,Cairns,diesel,279.6
2026-03-19,QLD,Cairns,p95,254.7
2026-03-19,QLD,Cairns,ulp91,240.4
2026-03-19,QLD,Gladstone,diesel,278.1
2026-03-19,QLD,Gladstone,p95,248.6
2026-03-19,QLD,Gladstone,ulp91,240.1
2026-03-19,QLD,Mackay,diesel,278.0
2026-03-19,QLD,Mackay,ulp91,240.5
2026-03-19,QLD,Townsville,diesel,279.3
2026-03-19,QLD,Townsville,p95,250.2
2026-03-19,QLD,Townsville,p98,266.3
2026-03-19,QLD,Townsville,ulp91,240.1
2026-03-19,QLD,Weipa,diesel,289.3
2026-03-19,QLD,Weipa,ulp91,263.0
2026-03-19,SA,Adelaide,diesel,276.0
2026-03-19,SA,Adelaide,e10,236.8
2026-03-19,SA,Adelaide,p95,244.4
2026-03-19,SA,Adelaide,p98,259.3
2026-03-19,SA,Adelaide,ulp91,234.9
2026-03-19,SA,Port Lincoln,diesel,283.7
2026-03-19,SA,Port Lincoln,p98,269.1
2026-03-19,SA,Port Lincoln,ulp91,242.6
2026-03-19,TAS,Devonport,diesel,278.3
2026-03-19,TAS,Devonport,p95,248.7
2026-03-19,TAS,Devonport,ulp91,236.1
2026-03-19,TAS,Hobart,diesel,277.6
2026-03-19,TAS,Hobart,p95,248.7
2026-03-19,TAS,Hobart,p98,264.3
2026-03-19,TAS,Hobart,ulp91,236.2
2026-03-19,VIC,Geelong,diesel,274.5
2026-03-19,VIC,Geelong,p95,242.7
2026-03-19,VIC,Geelong,p98,256.9
2026-03-19,VIC,Geelong,ulp91,232.6
2026-03-19,VIC,Melbourne,diesel,274.5
2026-03-19,VIC,Melbourne,e10,233.9
2026-03-19,VIC,Melbourne,p95,242.7
2026-03-19,VIC,Melbourne,p98,256.9
2026-03-19,VIC,Melbourne,ulp91,232.6
2026-03-19,WA,Broome,diesel,305.8
2026-03-19,WA,Broome,p95,289.2
2026-03-19,WA,Broome,ulp91,278.1
2026-03-19,WA,Cocos Island,diesel,315.3
2026-03-19,WA,Cocos Island,p95,451.5
2026-03-19,WA,Dampier,diesel,296.1
2026-03-19,WA,Esperance,diesel,280.9
2026-03-19,WA,King Bay,diesel,296.1
2026-03-19,WA,Perth,diesel,274.9
2026-03-19,WA,Perth,p95,248.9
2026-03-19,WA,Perth,p98,262.9
2026-03-19,WA,Perth,ulp91,234.7
2026-03-19,WA,Port Hedland,diesel,303.1
2026-03-20,NSW,Newcastle,diesel,276.0
2026-03-20,NSW,Sydney,diesel,275.9
2026-03-20,NSW,Sydney,e10,235.9
2026-03-20,NSW,Sydney,p95,245.8
2026-03-20,NSW,Sydney,p98,259.5
2026-03-20,NSW,Sydney,ulp91,235.5
2026-03-20,NT,Darwin,diesel,281.7
2026-03-20,NT,Darwin,p95,252.3
2026-03-20,NT,Darwin,ulp91,239.8
2026-03-20,QLD,Brisbane,b5,278.4
2026-03-20,QLD,Brisbane,diesel,274.8
2026-03-20,QLD,Brisbane,e10,235.2
2026-03-20,QLD,Brisbane,p95,244.2
2026-03-20,QLD,Brisbane,p98,258.1
2026-03-20,QLD,Brisbane,ulp91,233.9
2026-03-20,QLD,Cairns,diesel,280.2
2026-03-20,QLD,Cairns,p95,255.3
2026-03-20,QLD,Cairns,ulp91,240.8
2026-03-20,QLD,Gladstone,diesel,278.6
2026-03-20,QLD,Gladstone,p95,249.2
2026-03-20,QLD,Gladstone,ulp91,240.5
2026-03-20,QLD,Mackay,diesel,278.5
2026-03-20,QLD,Mackay,ulp91,240.9
2026-03-20,QLD,Townsville,diesel,279.8
2026-03-20,QLD,Townsville,p95,250.8
2026-03-20,QLD,Townsville,p98,266.9
2026-03-20,QLD,Townsville,ulp91,240.5
2026-03-20,QLD,Weipa,diesel,289.8
2026-03-20,QLD,Weipa,ulp91,263.4
2026-03-20,SA,Adelaide,diesel,276.6
2026-03-20,SA,Adelaide,e10,237.2
2026-03-20,SA,Adelaide,p95,245.0
2026-03-20,SA,Adelaide,p98,259.9
2026-03-20,SA,Adelaide,ulp91,235.3
2026-03-20,SA,Port Lincoln,diesel,284.2
2026-03-20,SA,Port Lincoln,p98,269.7
2026-03-20,SA,Port Lincoln,ulp91,243.0
2026-03-20,TAS,Devonport,diesel,278.8
2026-03-20,TAS,Devonport,p95,249.3
2026-03-20,TAS,Devonport,ulp91,236.5
2026-03-20,TAS,Hobart,diesel,278.1
2026-03-20,TAS,Hobart,p95,249.3
2026-03-20,TAS,Hobart,p98,264.9
2026-03-20,TAS,Hobart,ulp91,236.6
2026-03-20,VIC,Geelong,diesel,275.0
2026-03-20,VIC,Geelong,p95,243.2
2026-03-20,VIC,Geelong,p98,257.5
2026-03-20,VIC,Geelong,ulp91,233.0
2026-03-20,VIC,Melbourne,diesel,275.0
2026-03-20,VIC,Melbourne,e10,234.3
2026-03-20,VIC,Melbourne,p95,243.2
2026-03-20,VIC,Melbourne,p98,257.5
2026-03-20,VIC,Melbourne,ulp91,233.0
2026-03-20,WA,Broome,diesel,306.4
2026-03-20,WA,Broome,p95,289.8
2026-03-20,WA,Broome,ulp91,278.5
2026-03-20,WA,Cocos Island,diesel,315.8
2026-03-20,WA,Cocos Island,p95,452.1
2026-03-20,WA,Dampier,diesel,296.7
2026-03-20,WA,Esperance,diesel,281.4
2026-03-20,WA,King Bay,diesel,296.7
2026-03-20,WA,Perth,diesel,275.5
2026-03-20,WA,Perth,p95,249.5
2026-03-20,WA,Perth,p98,263.5
2026-03-20,WA,Perth,ulp91,235.1
2026-03-20,WA,Port Hedland,diesel,303.6
2026-03-21,NSW,Newcastle,diesel,283.1
2026-03-21,NSW,Sydney,diesel,283.0
2026-03-21,NSW,Sydney,e10,240.9
2026-03-21,NSW,Sydney,p95,250.8
2026-03-21,NSW,Sydney,p98,264.6
2026-03-21,NSW,Sydney,ulp91,240.5
2026-03-21,NT,Darwin,diesel,288.7
2026-03-21,NT,Darwin,p95,257.3
2026-03-21,NT,Darwin,ulp91,244.8
2026-03-21,QLD,Brisbane,b5,285.1
2026-03-21,QLD,Brisbane,diesel,281.9
2026-03-21,QLD,Brisbane,e10,240.2
2026-03-21,QLD,Brisbane,p95,249.2
2026-03-21,QLD,Brisbane,p98,263.1
2026-03-21,QLD,Brisbane,ulp91,238.9
2026-03-21,QLD,Cairns,diesel,287.3
2026-03-21,QLD,Cairns,p95,260.3
2026-03-21,QLD,Cairns,ulp91,245.8
2026-03-21,QLD,Gladstone,diesel,285.7
2026-03-21,QLD,Gladstone,p95,254.2
2026-03-21,QLD,Gladstone,ulp91,245.5
2026-03-21,QLD,Mackay,diesel,285.6
2026-03-21,QLD,Mackay,ulp91,245.9
2026-03-21,QLD,Townsville,diesel,286.9
2026-03-21,QLD,Townsville,p95,255.8
2026-03-21,QLD,Townsville,p98,271.9
2026-03-21,QLD,Townsville,ulp91,245.4
2026-03-21,QLD,Weipa,diesel,296.9
2026-03-21,QLD,Weipa,ulp91,268.4
2026-03-21,SA,Adelaide,diesel,283.7
2026-03-21,SA,Adelaide,e10,242.1
2026-03-21,SA,Adelaide,p95,250.0
2026-03-21,SA,Adelaide,p98,264.9
2026-03-21,SA,Adelaide,ulp91,240.3
2026-03-21,SA,Port Lincoln,diesel,291.3
2026-03-21,SA,Port Lincoln,p98,274.8
2026-03-21,SA,Port Lincoln,ulp91,248.0
2026-03-21,TAS,Devonport,diesel,285.9
2026-03-21,TAS,Devonport,p95,254.3
2026-03-21,TAS,Devonport,ulp91,241.5
2026-03-21,TAS,Hobart,diesel,285.2
2026-03-21,TAS,Hobart,p95,254.3
2026-03-21,TAS,Hobart,p98,269.9
2026-03-21,TAS,Hobart,ulp91,241.6
2026-03-21,VIC,Geelong,diesel,282.1
2026-03-21,VIC,Geelong,p95,248.3
2026-03-21,VIC,Geelong,p98,262.5
2026-03-21,VIC,Geelong,ulp91,238.0
2026-03-21,VIC,Melbourne,diesel,282.1
2026-03-21,VIC,Melbourne,e10,239.3
2026-03-21,VIC,Melbourne,p95,248.3
2026-03-21,VIC,Melbourne,p98,262.5
2026-03-21,VIC,Melbourne,ulp91,238.0
2026-03-21,WA,Broome,diesel,313.4
2026-03-21,WA,Broome,p95,294.8
2026-03-21,WA,Broome,ulp91,283.5
2026-03-21,WA,Cocos Island,diesel,322.2
2026-03-21,WA,Cocos Island,p95,456.6
2026-03-21,WA,Dampier,diesel,303.8
2026-03-21,WA,Esperance,diesel,288.5
2026-03-21,WA,King Bay,diesel,303.8
2026-03-21,WA,Perth,diesel,282.6
2026-03-21,WA,Perth,p95,254.5
2026-03-21,WA,Perth,p98,268.6
2026-03-21,WA,Perth,ulp91,240.1
2026-03-21,WA,Port Hedland,diesel,310.7
2026-03-24,NSW,Newcastle,diesel,289.5
2026-03-24,NSW,Sydney,diesel,289.4
2026-03-24,NSW,Sydney,e10,243.4
2026-03-24,NSW,Sydney,p95,253.4
2026-03-24,NSW,Sydney,p98,267.1
2026-03-24,NSW,Sydney,ulp91,243.0
2026-03-24,NT,Darwin,diesel,295.1
2026-03-24,NT,Darwin,p95,259.8
2026-03-24,NT,Darwin,ulp91,247.2
2026-03-24,QLD,Brisbane,b5,291.2
2026-03-24,QLD,Brisbane,diesel,288.3
2026-03-24,QLD,Brisbane,e10,242.7
2026-03-24,QLD,Brisbane,p95,251.7
2026-03-24,QLD,Brisbane,p98,265.6
2026-03-24,QLD,Brisbane,ulp91,241.4
2026-03-24,QLD,Cairns,diesel,293.7
2026-03-24,QLD,Cairns,p95,262.9
2026-03-24,QLD,Cairns,ulp91,248.3
2026-03-24,QLD,Gladstone,diesel,292.1
2026-03-24,QLD,Gladstone,p95,256.7
2026-03-24,QLD,Gladstone,ulp91,248.0
2026-03-24,QLD,Mackay,diesel,292.0
2026-03-24,QLD,Mackay,ulp91,248.4
2026-03-24,QLD,Townsville,diesel,293.3
2026-03-24,QLD,Townsville,p95,258.4
2026-03-24,QLD,Townsville,p98,274.5
2026-03-24,QLD,Townsville,ulp91,248.0
2026-03-24,QLD,Weipa,diesel,303.4
2026-03-24,QLD,Weipa,ulp91,270.9
2026-03-24,SA,Adelaide,diesel,290.1
2026-03-24,SA,Adelaide,e10,244.7
2026-03-24,SA,Adelaide,p95,252.5
2026-03-24,SA,Adelaide,p98,267.4
2026-03-24,SA,Adelaide,ulp91,242.8
2026-03-24,SA,Port Lincoln,diesel,297.7
2026-03-24,SA,Port Lincoln,p98,277.3
2026-03-24,SA,Port Lincoln,ulp91,250.5
2026-03-24,TAS,Devonport,diesel,292.3
2026-03-24,TAS,Devonport,p95,256.8
2026-03-24,TAS,Devonport,ulp91,244.0
2026-03-24,TAS,Hobart,diesel,291.7
2026-03-24,TAS,Hobart,p95,256.9
2026-03-24,TAS,Hobart,p98,272.5
2026-03-24,TAS,Hobart,ulp91,244.1
2026-03-24,VIC,Geelong,diesel,288.5
2026-03-24,VIC,Geelong,p95,250.8
2026-03-24,VIC,Geelong,p98,265.0
2026-03-24,VIC,Geelong,ulp91,240.5
2026-03-24,VIC,Melbourne,diesel,288.5
2026-03-24,VIC,Melbourne,e10,241.8
2026-03-24,VIC,Melbourne,p95,250.8
2026-03-24,VIC,Melbourne,p98,265.0
2026-03-24,VIC,Melbourne,ulp91,240.5
2026-03-24,WA,Broome,diesel,319.9
2026-03-24,WA,Broome,p95,297.6
2026-03-24,WA,Broome,ulp91,286.3
2026-03-24,WA,Cocos Island,diesel,328.0
2026-03-24,WA,Cocos Island,p95,458.9
2026-03-24,WA,Dampier,diesel,310.2
2026-03-24,WA,Esperance,diesel,294.9
2026-03-24,WA,King Bay,diesel,310.2
2026-03-24,WA,Perth,diesel,289.0
2026-03-24,WA,Perth,p95,257.0
2026-03-24,WA,Perth,p98,271.1
2026-03-24,WA,Perth,ulp91,242.6
2026-03-24,WA,Port Hedland,diesel,317.2
2026-03-25,NSW,Newcastle,diesel,295.6
2026-03-25,NSW,Sydney,diesel,295.5
2026-03-25,NSW,Sydney,e10,246.3
2026-03-25,NSW,Sydney,p95,256.2
2026-03-25,NSW,Sydney,p98,270.0
2026-03-25,NSW,Sydney,ulp91,245.9
2026-03-25,NT,Darwin,diesel,301.1
2026-03-25,NT,Darwin,p95,262.6
2026-03-25,NT,Darwin,ulp91,250.1
2026-03-25,QLD,Brisbane,b5,297.0
2026-03-25,QLD,Brisbane,diesel,294.4
2026-03-25,QLD,Brisbane,e10,245.5
2026-03-25,QLD,Brisbane,p95,254.6
2026-03-25,QLD,Brisbane,p98,268.5
2026-03-25,QLD,Brisbane,ulp91,244.3
2026-03-25,QLD,Cairns,diesel,299.8
2026-03-25,QLD,Cairns,p95,265.8
2026-03-25,QLD,Cairns,ulp91,251.2
2026-03-25,QLD,Gladstone,diesel,298.2
2026-03-25,QLD,Gladstone,p95,259.7
2026-03-25,QLD,Gladstone,ulp91,250.9
2026-03-25,QLD,Mackay,diesel,298.1
2026-03-25,QLD,Mackay,ulp91,251.3
2026-03-25,QLD,Townsville,diesel,299.4
2026-03-25,QLD,Townsville,p95,261.3
2026-03-25,QLD,Townsville,p98,277.4
2026-03-25,QLD,Townsville,ulp91,250.9
2026-03-25,QLD,Weipa,diesel,309.6
2026-03-25,QLD,Weipa,ulp91,273.9
2026-03-25,SA,Adelaide,diesel,296.2
2026-03-25,SA,Adelaide,e10,247.5
2026-03-25,SA,Adelaide,p95,255.4
2026-03-25,SA,Adelaide,p98,270.3
2026-03-25,SA,Adelaide,ulp91,245.7
2026-03-25,SA,Port Lincoln,diesel,303.9
2026-03-25,SA,Port Lincoln,p98,280.2
2026-03-25,SA,Port Lincoln,ulp91,253.4
2026-03-25,TAS,Devonport,diesel,298.4
2026-03-25,TAS,Devonport,p95,259.7
2026-03-25,TAS,Devonport,ulp91,246.9
2026-03-25,TAS,Hobart,diesel,297.8
2026-03-25,TAS,Hobart,p95,259.8
2026-03-25,TAS,Hobart,p98,275.4
2026-03-25,TAS,Hobart,ulp91,247.0
2026-03-25,VIC,Geelong,diesel,294.6
2026-03-25,VIC,Geelong,p95,253.6
2026-03-25,VIC,Geelong,p98,267.9
2026-03-25,VIC,Geelong,ulp91,243.4
2026-03-25,VIC,Melbourne,diesel,294.6
2026-03-25,VIC,Melbourne,e10,244.6
2026-03-25,VIC,Melbourne,p95,253.6
2026-03-25,VIC,Melbourne,p98,267.9
2026-03-25,VIC,Melbourne,ulp91,243.4
2026-03-25,WA,Broome,diesel,326.1
2026-03-25,WA,Broome,p95,301.4
2026-03-25,WA,Broome,ulp91,290.2
2026-03-25,WA,Cocos Island,diesel,333.5
2026-03-25,WA,Cocos Island,p95,461.5
2026-03-25,WA,Dampier,diesel,316.2
2026-03-25,WA,Esperance,diesel,300.9
2026-03-25,WA,King Bay,diesel,316.2
2026-03-25,WA,Perth,diesel,295.0
2026-03-25,WA,Perth,p95,259.8
2026-03-25,WA,Perth,p98,273.9
2026-03-25,WA,Perth,ulp91,245.4
2026-03-25,WA,Port Hedland,diesel,323.2
2026-03-26,NSW,Newcastle,diesel,303.4
2026-03-26,NSW,Sydney,diesel,303.4
2026-03-26,NSW,Sydney,e10,248.4
2026-03-26,NSW,Sydney,p95,258.3
2026-03-26,NSW,Sydney,p98,272.1
2026-03-26,NSW,Sydney,ulp91,247.9
2026-03-26,NT,Darwin,diesel,308.9
2026-03-26,NT,Darwin,p95,264.6
2026-03-26,NT,Darwin,ulp91,252.0
2026-03-26,QLD,Brisbane,b5,304.4
2026-03-26,QLD,Brisbane,diesel,302.3
2026-03-26,QLD,Brisbane,e10,247.6
2026-03-26,QLD,Brisbane,p95,256.6
2026-03-26,QLD,Brisbane,p98,270.6
2026-03-26,QLD,Brisbane,ulp91,246.3
2026-03-26,QLD,Cairns,diesel,307.6
2026-03-26,QLD,Cairns,p95,267.9
2026-03-26,QLD,Cairns,ulp91,253.2
2026-03-26,QLD,Gladstone,diesel,306.1
2026-03-26,QLD,Gladstone,p95,261.8
2026-03-26,QLD,Gladstone,ulp91,253.0
2026-03-26,QLD,Mackay,diesel,306.0
2026-03-26,QLD,Mackay,ulp91,253.5
2026-03-26,QLD,Townsville,diesel,307.3
2026-03-26,QLD,Townsville,p95,263.4
2026-03-26,QLD,Townsville,p98,279.6
2026-03-26,QLD,Townsville,ulp91,252.9
2026-03-26,QLD,Weipa,diesel,317.6
2026-03-26,QLD,Weipa,ulp91,276.1
2026-03-26,SA,Adelaide,diesel,304.1
2026-03-26,SA,Adelaide,e10,249.6
2026-03-26,SA,Adelaide,p95,257.5
2026-03-26,SA,Adelaide,p98,272.4
2026-03-26,SA,Adelaide,ulp91,247.8
2026-03-26,SA,Port Lincoln,diesel,311.9
2026-03-26,SA,Port Lincoln,p98,282.2
2026-03-26,SA,Port Lincoln,ulp91,255.6
2026-03-26,TAS,Devonport,diesel,306.4
2026-03-26,TAS,Devonport,p95,263.0
2026-03-26,TAS,Devonport,ulp91,250.1
2026-03-26,TAS,Hobart,diesel,305.8
2026-03-26,TAS,Hobart,p95,263.0
2026-03-26,TAS,Hobart,p98,278.6
2026-03-26,TAS,Hobart,ulp91,250.2
2026-03-26,VIC,Geelong,diesel,302.4
2026-03-26,VIC,Geelong,p95,255.7
2026-03-26,VIC,Geelong,p98,270.0
2026-03-26,VIC,Geelong,ulp91,245.4
2026-03-26,VIC,Melbourne,diesel,302.4
2026-03-26,VIC,Melbourne,e10,246.7
2026-03-26,VIC,Melbourne,p95,255.7
2026-03-26,VIC,Melbourne,p98,270.0
2026-03-26,VIC,Melbourne,ulp91,245.4
2026-03-26,WA,Broome,diesel,334.2
2026-03-26,WA,Broome,p95,304.8
2026-03-26,WA,Broome,ulp91,293.5
2026-03-26,WA,Cocos Island,diesel,340.5
2026-03-26,WA,Cocos Island,p95,463.3
2026-03-26,WA,Dampier,diesel,323.9
2026-03-26,WA,Esperance,diesel,308.7
2026-03-26,WA,King Bay,diesel,323.9
2026-03-26,WA,Perth,diesel,302.8
2026-03-26,WA,Perth,p95,261.8
2026-03-26,WA,Perth,p98,275.9
2026-03-26,WA,Perth,ulp91,247.4
2026-03-26,WA,Port Hedland,diesel,331.0
2026-03-27,NSW,Newcastle,diesel,310.9
2026-03-27,NSW,Sydney,diesel,310.8
2026-03-27,NSW,Sydney,e10,248.0
2026-03-27,NSW,Sydney,p95,257.6
2026-03-27,NSW,Sydney,p98,271.4
2026-03-27,NSW,Sydney,ulp91,247.6
2026-03-27,NT,Darwin,diesel,316.2
2026-03-27,NT,Darwin,p95,263.8
2026-03-27,NT,Darwin,ulp91,251.6
2026-03-27,QLD,Brisbane,b5,311.5
2026-03-27,QLD,Brisbane,diesel,309.7
2026-03-27,QLD,Brisbane,e10,247.2
2026-03-27,QLD,Brisbane,p95,255.9
2026-03-27,QLD,Brisbane,p98,269.9
2026-03-27,QLD,Brisbane,ulp91,245.9
2026-03-27,QLD,Cairns,diesel,315.1
2026-03-27,QLD,Cairns,p95,267.2
2026-03-27,QLD,Cairns,ulp91,252.9
2026-03-27,QLD,Gladstone,diesel,313.5
2026-03-27,QLD,Gladstone,p95,261.1
2026-03-27,QLD,Gladstone,ulp91,252.7
2026-03-27,QLD,Mackay,diesel,313.4
2026-03-27,QLD,Mackay,ulp91,253.2
2026-03-27,QLD,Townsville,diesel,314.7
2026-03-27,QLD,Townsville,p95,262.8
2026-03-27,QLD,Townsville,p98,278.9
2026-03-27,QLD,Townsville,ulp91,252.6
2026-03-27,QLD,Weipa,diesel,325.3
2026-03-27,QLD,Weipa,ulp91,275.9
2026-03-27,SA,Adelaide,diesel,311.6
2026-03-27,SA,Adelaide,e10,249.2
2026-03-27,SA,Adelaide,p95,256.8
2026-03-27,SA,Adelaide,p98,271.7
2026-03-27,SA,Adelaide,ulp91,247.4
2026-03-27,SA,Port Lincoln,diesel,319.4
2026-03-27,SA,Port Lincoln,p98,281.6
2026-03-27,SA,Port Lincoln,ulp91,255.3
2026-03-27,TAS,Devonport,diesel,313.9
2026-03-27,TAS,Devonport,p95,262.4
2026-03-27,TAS,Devonport,ulp91,249.8
2026-03-27,TAS,Hobart,diesel,313.3
2026-03-27,TAS,Hobart,p95,262.4
2026-03-27,TAS,Hobart,p98,278.0
2026-03-27,TAS,Hobart,ulp91,249.9
2026-03-27,VIC,Geelong,diesel,309.9
2026-03-27,VIC,Geelong,p95,255.0
2026-03-27,VIC,Geelong,p98,269.3
2026-03-27,VIC,Geelong,ulp91,245.1
2026-03-27,VIC,Melbourne,diesel,309.9
2026-03-27,VIC,Melbourne,e10,246.3
2026-03-27,VIC,Melbourne,p95,255.0
2026-03-27,VIC,Melbourne,p98,269.3
2026-03-27,VIC,Melbourne,ulp91,245.1
2026-03-27,WA,Broome,diesel,341.8
2026-03-27,WA,Broome,p95,305.4
2026-03-27,WA,Broome,ulp91,294.5
2026-03-27,WA,Cocos Island,diesel,347.2
2026-03-27,WA,Cocos Island,p95,462.6
2026-03-27,WA,Dampier,diesel,331.3
2026-03-27,WA,Esperance,diesel,316.1
2026-03-27,WA,King Bay,diesel,331.3
2026-03-27,WA,Perth,diesel,310.1
2026-03-27,WA,Perth,p95,261.0
2026-03-27,WA,Perth,p98,275.1
2026-03-27,WA,Perth,ulp91,246.9
2026-03-27,WA,Port Hedland,diesel,338.3
2026-03-28,NSW,Newcastle,diesel,308.9
2026-03-28,NSW,Sydney,diesel,308.9
2026-03-28,NSW,Sydney,e10,242.1
2026-03-28,NSW,Sydney,p95,251.5
2026-03-28,NSW,Sydney,p98,265.2
2026-03-28,NSW,Sydney,ulp91,241.7
2026-03-28,NT,Darwin,diesel,314.2
2026-03-28,NT,Darwin,p95,257.5
2026-03-28,NT,Darwin,ulp91,245.6
2026-03-28,QLD,Brisbane,b5,309.4
2026-03-28,QLD,Brisbane,diesel,307.7
2026-03-28,QLD,Brisbane,e10,241.2
2026-03-28,QLD,Brisbane,p95,249.7
2026-03-28,QLD,Brisbane,p98,263.7
2026-03-28,QLD,Brisbane,ulp91,240.0
2026-03-28,QLD,Cairns,diesel,313.1
2026-03-28,QLD,Cairns,p95,261.1
2026-03-28,QLD,Cairns,ulp91,247.0
2026-03-28,QLD,Gladstone,diesel,311.5
2026-03-28,QLD,Gladstone,p95,255.0
2026-03-28,QLD,Gladstone,ulp91,246.9
2026-03-28,QLD,Mackay,diesel,311.4
2026-03-28,QLD,Mackay,ulp91,247.3
2026-03-28,QLD,Townsville,diesel,312.8
2026-03-28,QLD,Townsville,p95,256.6
2026-03-28,QLD,Townsville,p98,272.8
2026-03-28,QLD,Townsville,ulp91,246.7
2026-03-28,QLD,Weipa,diesel,323.5
2026-03-28,QLD,Weipa,ulp91,270.2
2026-03-28,SA,Adelaide,diesel,309.7
2026-03-28,SA,Adelaide,e10,243.3
2026-03-28,SA,Adelaide,p95,250.6
2026-03-28,SA,Adelaide,p98,265.5
2026-03-28,SA,Adelaide,ulp91,241.5
2026-03-28,SA,Port Lincoln,diesel,317.6
2026-03-28,SA,Port Lincoln,p98,275.4
2026-03-28,SA,Port Lincoln,ulp91,249.5
2026-03-28,TAS,Devonport,diesel,312.1
2026-03-28,TAS,Devonport,p95,256.2
2026-03-28,TAS,Devonport,ulp91,244.0
2026-03-28,TAS,Hobart,diesel,311.4
2026-03-28,TAS,Hobart,p95,256.2
2026-03-28,TAS,Hobart,p98,271.9
2026-03-28,TAS,Hobart,ulp91,244.1
2026-03-28,VIC,Geelong,diesel,307.9
2026-03-28,VIC,Geelong,p95,248.8
2026-03-28,VIC,Geelong,p98,263.1
2026-03-28,VIC,Geelong,ulp91,239.2
2026-03-28,VIC,Melbourne,diesel,307.9
2026-03-28,VIC,Melbourne,e10,240.3
2026-03-28,VIC,Melbourne,p95,248.8
2026-03-28,VIC,Melbourne,p98,263.1
2026-03-28,VIC,Melbourne,ulp91,239.2
2026-03-28,WA,Broome,diesel,340.0
2026-03-28,WA,Broome,p95,300.4
2026-03-28,WA,Broome,ulp91,289.7
2026-03-28,WA,Cocos Island,diesel,345.4
2026-03-28,WA,Cocos Island,p95,456.9
2026-03-28,WA,Dampier,diesel,329.2
2026-03-28,WA,Esperance,diesel,314.1
2026-03-28,WA,King Bay,diesel,329.2
2026-03-28,WA,Perth,diesel,308.1
2026-03-28,WA,Perth,p95,254.7
2026-03-28,WA,Perth,p98,268.8
2026-03-28,WA,Perth,ulp91,240.9
2026-03-28,WA,Port Hedland,diesel,336.3
2026-03-31,NSW,Newcastle,diesel,308.1
2026-03-31,NSW,Sydney,diesel,308.0
2026-03-31,NSW,Sydney,e10,236.0
2026-03-31,NSW,Sydney,p95,245.1
2026-03-31,NSW,Sydney,p98,258.9
2026-03-31,NSW,Sydney,ulp91,235.7
2026-03-31,NT,Darwin,diesel,313.3
2026-03-31,NT,Darwin,p95,251.1
2026-03-31,NT,Darwin,ulp91,239.5
2026-03-31,QLD,Brisbane,b5,308.6
2026-03-31,QLD,Brisbane,diesel,306.9
2026-03-31,QLD,Brisbane,e10,235.2
2026-03-31,QLD,Brisbane,p95,243.3
2026-03-31,QLD,Brisbane,p98,257.3
2026-03-31,QLD,Brisbane,ulp91,234.0
2026-03-31,QLD,Cairns,diesel,312.3
2026-03-31,QLD,Cairns,p95,254.7
2026-03-31,QLD,Cairns,ulp91,240.9
2026-03-31,QLD,Gladstone,diesel,310.7
2026-03-31,QLD,Gladstone,p95,248.6
2026-03-31,QLD,Gladstone,ulp91,240.9
2026-03-31,QLD,Mackay,diesel,310.6
2026-03-31,QLD,Mackay,ulp91,241.3
2026-03-31,QLD,Townsville,diesel,311.9
2026-03-31,QLD,Townsville,p95,250.3
2026-03-31,QLD,Townsville,p98,266.5
2026-03-31,QLD,Townsville,ulp91,240.6
2026-03-31,QLD,Weipa,diesel,322.8
2026-03-31,QLD,Weipa,ulp91,264.2
2026-03-31,SA,Adelaide,diesel,308.8
2026-03-31,SA,Adelaide,e10,237.2
2026-03-31,SA,Adelaide,p95,244.2
2026-03-31,SA,Adelaide,p98,259.2
2026-03-31,SA,Adelaide,ulp91,235.5
2026-03-31,SA,Port Lincoln,diesel,316.8
2026-03-31,SA,Port Lincoln,p98,269.1
2026-03-31,SA,Port Lincoln,ulp91,243.6
2026-03-31,TAS,Devonport,diesel,311.3
2026-03-31,TAS,Devonport,p95,249.9
2026-03-31,TAS,Devonport,ulp91,238.0
2026-03-31,TAS,Hobart,diesel,310.6
2026-03-31,TAS,Hobart,p95,249.9
2026-03-31,TAS,Hobart,p98,265.6
2026-03-31,TAS,Hobart,ulp91,238.1
2026-03-31,VIC,Geelong,diesel,307.0
2026-03-31,VIC,Geelong,p95,242.4
2026-03-31,VIC,Geelong,p98,256.7
2026-03-31,VIC,Geelong,ulp91,233.1
2026-03-31,VIC,Melbourne,diesel,307.0
2026-03-31,VIC,Melbourne,e10,234.3
2026-03-31,VIC,Melbourne,p95,242.4
2026-03-31,VIC,Melbourne,p98,256.7
2026-03-31,VIC,Melbourne,ulp91,233.1
2026-03-31,WA,Broome,diesel,339.3
2026-03-31,WA,Broome,p95,294.9
2026-03-31,WA,Broome,ulp91,284.6
2026-03-31,WA,Cocos Island,diesel,344.5
2026-03-31,WA,Cocos Island,p95,451.0
2026-03-31,WA,Dampier,diesel,328.3
2026-03-31,WA,Esperance,diesel,313.2
2026-03-31,WA,King Bay,diesel,328.3
2026-03-31,WA,Perth,diesel,307.2
2026-03-31,WA,Perth,p95,248.3
2026-03-31,WA,Perth,p98,262.4
2026-03-31,WA,Perth,ulp91,234.8
2026-03-31,WA,Port Hedland,diesel,335.4
2026-04-01,NSW,Newcastle,diesel,284.1
2026-04-01,NSW,Sydney,diesel,284.2
2026-04-01,NSW,Sydney,e10,206.3
2026-04-01,NSW,Sydney,p95,215.0
2026-04-01,NSW,Sydney,p98,228.9
2026-04-01,NSW,Sydney,ulp91,205.9
2026-04-01,NT,Darwin,diesel,290.3
2026-04-01,NT,Darwin,p95,221.8
2026-04-01,NT,Darwin,ulp91,210.6
2026-04-01,QLD,Brisbane,b5,286.0
2026-04-01,QLD,Brisbane,diesel,283.3
2026-04-01,QLD,Brisbane,e10,205.5
2026-04-01,QLD,Brisbane,p95,213.3
2026-04-01,QLD,Brisbane,p98,227.3
2026-04-01,QLD,Brisbane,ulp91,204.3
2026-04-01,QLD,Cairns,diesel,288.8
2026-04-01,QLD,Cairns,p95,225.0
2026-04-01,QLD,Cairns,ulp91,211.5
2026-04-01,QLD,Gladstone,diesel,287.2
2026-04-01,QLD,Gladstone,p95,218.9
2026-04-01,QLD,Gladstone,ulp91,211.5
2026-04-01,QLD,Mackay,diesel,287.1
2026-04-01,QLD,Mackay,ulp91,211.9
2026-04-01,QLD,Townsville,diesel,288.8
2026-04-01,QLD,Townsville,p95,220.8
2026-04-01,QLD,Townsville,p98,236.9
2026-04-01,QLD,Townsville,ulp91,211.4
2026-04-01,QLD,Weipa,diesel,299.5
2026-04-01,QLD,Weipa,ulp91,234.8
2026-04-01,SA,Adelaide,diesel,284.9
2026-04-01,SA,Adelaide,e10,207.2
2026-04-01,SA,Adelaide,p95,213.9
2026-04-01,SA,Adelaide,p98,228.9
2026-04-01,SA,Adelaide,ulp91,205.5
2026-04-01,SA,Port Lincoln,diesel,292.3
2026-04-01,SA,Port Lincoln,p98,238.6
2026-04-01,SA,Port Lincoln,ulp91,213.4
2026-04-01,TAS,Devonport,diesel,286.6
2026-04-01,TAS,Devonport,p95,219.0
2026-04-01,TAS,Devonport,ulp91,207.4
2026-04-01,TAS,Hobart,diesel,285.8
2026-04-01,TAS,Hobart,p95,219.1
2026-04-01,TAS,Hobart,p98,234.7
2026-04-01,TAS,Hobart,ulp91,207.5
2026-04-01,VIC,Geelong,diesel,283.8
2026-04-01,VIC,Geelong,p95,212.4
2026-04-01,VIC,Geelong,p98,226.8
2026-04-01,VIC,Geelong,ulp91,203.4
2026-04-01,VIC,Melbourne,diesel,283.8
2026-04-01,VIC,Melbourne,e10,204.6
2026-04-01,VIC,Melbourne,p95,212.4
2026-04-01,VIC,Melbourne,p98,226.8
2026-04-01,VIC,Melbourne,ulp91,203.4
2026-04-01,WA,Broome,diesel,316.1
2026-04-01,WA,Broome,p95,265.8
2026-04-01,WA,Broome,ulp91,255.8
2026-04-01,WA,Cocos Island,diesel,323.6
2026-04-01,WA,Cocos Island,p95,424.4
2026-04-01,WA,Dampier,diesel,305.4
2026-04-01,WA,Esperance,diesel,288.9
2026-04-01,WA,King Bay,diesel,305.4
2026-04-01,WA,Perth,diesel,283.3
2026-04-01,WA,Perth,p95,218.0
2026-04-01,WA,Perth,p98,232.2
2026-04-01,WA,Perth,ulp91,204.9
2026-04-01,WA,Port Hedland,diesel,312.7
2026-04-02,NSW,Newcastle,diesel,287.8
2026-04-02,NSW,Sydney,diesel,287.8
2026-04-02,NSW,Sydney,e10,203.1
2026-04-02,NSW,Sydney,p95,211.7
2026-04-02,NSW,Sydney,p98,225.5
2026-04-02,NSW,Sydney,ulp91,202.8
2026-04-02,NT,Darwin,diesel,294.0
2026-04-02,NT,Darwin,p95,218.5
2026-04-02,NT,Darwin,ulp91,207.4
2026-04-02,QLD,Brisbane,b5,289.5
2026-04-02,QLD,Brisbane,diesel,286.9
2026-04-02,QLD,Brisbane,e10,202.3
2026-04-02,QLD,Brisbane,p95,209.9
2026-04-02,QLD,Brisbane,p98,224.0
2026-04-02,QLD,Brisbane,ulp91,201.1
2026-04-02,QLD,Cairns,diesel,292.5
2026-04-02,QLD,Cairns,p95,221.7
2026-04-02,QLD,Cairns,ulp91,208.4
2026-04-02,QLD,Gladstone,diesel,290.9
2026-04-02,QLD,Gladstone,p95,215.6
2026-04-02,QLD,Gladstone,ulp91,208.4
2026-04-02,QLD,Mackay,diesel,290.7
2026-04-02,QLD,Mackay,ulp91,208.8
2026-04-02,QLD,Townsville,diesel,292.4
2026-04-02,QLD,Townsville,p95,217.4
2026-04-02,QLD,Townsville,p98,233.6
2026-04-02,QLD,Townsville,ulp91,208.2
2026-04-02,QLD,Weipa,diesel,303.1
2026-04-02,QLD,Weipa,ulp91,231.6
2026-04-02,SA,Adelaide,diesel,288.5
2026-04-02,SA,Adelaide,e10,204.1
2026-04-02,SA,Adelaide,p95,210.6
2026-04-02,SA,Adelaide,p98,225.6
2026-04-02,SA,Adelaide,ulp91,202.3
2026-04-02,SA,Port Lincoln,diesel,296.0
2026-04-02,SA,Port Lincoln,p98,235.2
2026-04-02,SA,Port Lincoln,ulp91,210.2
2026-04-02,TAS,Devonport,diesel,290.3
2026-04-02,TAS,Devonport,p95,214.6
2026-04-02,TAS,Devonport,ulp91,203.2
2026-04-02,TAS,Hobart,diesel,289.4
2026-04-02,TAS,Hobart,p95,214.6
2026-04-02,TAS,Hobart,p98,230.3
2026-04-02,TAS,Hobart,ulp91,203.3
2026-04-02,VIC,Geelong,diesel,287.4
2026-04-02,VIC,Geelong,p95,209.1
2026-04-02,VIC,Geelong,p98,223.4
2026-04-02,VIC,Geelong,ulp91,200.3
2026-04-02,VIC,Melbourne,diesel,287.4
2026-04-02,VIC,Melbourne,e10,201.4
2026-04-02,VIC,Melbourne,p95,209.1
2026-04-02,VIC,Melbourne,p98,223.4
2026-04-02,VIC,Melbourne,ulp91,200.3
2026-04-02,WA,Broome,diesel,319.7
2026-04-02,WA,Broome,p95,262.4
2026-04-02,WA,Broome,ulp91,252.5
2026-04-02,WA,Cocos Island,diesel,326.9
2026-04-02,WA,Cocos Island,p95,421.4
2026-04-02,WA,Dampier,diesel,309.1
2026-04-02,WA,Esperance,diesel,292.5
2026-04-02,WA,King Bay,diesel,309.1
2026-04-02,WA,Perth,diesel,287.0
2026-04-02,WA,Perth,p95,214.7
2026-04-02,WA,Perth,p98,228.9
2026-04-02,WA,Perth,ulp91,201.8
2026-04-02,WA,Port Hedland,diesel,316.4
2026-04-03,NSW,Newcastle,diesel,287.2
2026-04-03,NSW,Sydney,diesel,287.3
2026-04-03,NSW,Sydney,e10,199.4
2026-04-03,NSW,Sydney,p95,208.2
2026-04-03,NSW,Sydney,p98,222.1
2026-04-03,NSW,Sydney,ulp91,199.1
2026-04-03,NT,Darwin,diesel,293.4
2026-04-03,NT,Darwin,p95,215.0
2026-04-03,NT,Darwin,ulp91,203.8
2026-04-03,QLD,Brisbane,b5,289.0
2026-04-03,QLD,Brisbane,diesel,286.4
2026-04-03,QLD,Brisbane,e10,198.6
2026-04-03,QLD,Brisbane,p95,206.4
2026-04-03,QLD,Brisbane,p98,220.5
2026-04-03,QLD,Brisbane,ulp91,197.4
2026-04-03,QLD,Cairns,diesel,291.9
2026-04-03,QLD,Cairns,p95,218.2
2026-04-03,QLD,Cairns,ulp91,204.7
2026-04-03,QLD,Gladstone,diesel,290.4
2026-04-03,QLD,Gladstone,p95,212.1
2026-04-03,QLD,Gladstone,ulp91,204.7
2026-04-03,QLD,Mackay,diesel,290.2
2026-04-03,QLD,Mackay,ulp91,205.1
2026-04-03,QLD,Townsville,diesel,291.9
2026-04-03,QLD,Townsville,p95,213.9
2026-04-03,QLD,Townsville,p98,230.2
2026-04-03,QLD,Townsville,ulp91,204.6
2026-04-03,QLD,Weipa,diesel,302.6
2026-04-03,QLD,Weipa,ulp91,228.0
2026-04-03,SA,Adelaide,diesel,287.9
2026-04-03,SA,Adelaide,e10,200.4
2026-04-03,SA,Adelaide,p95,207.1
2026-04-03,SA,Adelaide,p98,222.1
2026-04-03,SA,Adelaide,ulp91,198.7
2026-04-03,SA,Port Lincoln,diesel,295.4
2026-04-03,SA,Port Lincoln,p98,231.8
2026-04-03,SA,Port Lincoln,ulp91,206.6
2026-04-03,TAS,Devonport,diesel,290.8
2026-04-03,TAS,Devonport,p95,211.1
2026-04-03,TAS,Devonport,ulp91,199.5
2026-04-03,TAS,Hobart,diesel,290.0
2026-04-03,TAS,Hobart,p95,211.1
2026-04-03,TAS,Hobart,p98,226.8
2026-04-03,TAS,Hobart,ulp91,199.6
2026-04-03,VIC,Geelong,diesel,286.9
2026-04-03,VIC,Geelong,p95,205.6
2026-04-03,VIC,Geelong,p98,220.0
2026-04-03,VIC,Geelong,ulp91,196.6
2026-04-03,VIC,Melbourne,diesel,286.9
2026-04-03,VIC,Melbourne,e10,197.8
2026-04-03,VIC,Melbourne,p95,205.6
2026-04-03,VIC,Melbourne,p98,220.0
2026-04-03,VIC,Melbourne,ulp91,196.6
2026-04-03,WA,Broome,diesel,319.2
2026-04-03,WA,Broome,p95,258.9
2026-04-03,WA,Broome,ulp91,248.9
2026-04-03,WA,Cocos Island,diesel,326.4
2026-04-03,WA,Cocos Island,p95,418.2
2026-04-03,WA,Dampier,diesel,308.5
2026-04-03,WA,Esperance,diesel,291.9
2026-04-03,WA,King Bay,diesel,308.5
2026-04-03,WA,Perth,diesel,286.4
2026-04-03,WA,Perth,p95,211.2
2026-04-03,WA,Perth,p98,225.4
2026-04-03,WA,Perth,ulp91,198.1
2026-04-03,WA,Port Hedland,diesel,315.8
2026-04-04,NSW,Newcastle,diesel,301.4
2026-04-04,NSW,Sydney,diesel,301.4
2026-04-04,NSW,Sydney,e10,202.4
2026-04-04,NSW,Sydney,p95,211.3
2026-04-04,NSW,Sydney,p98,225.2
2026-04-04,NSW,Sydney,ulp91,202.1
2026-04-04,NT,Darwin,diesel,307.5
2026-04-04,NT,Darwin,p95,218.2
2026-04-04,NT,Darwin,ulp91,206.8
2026-04-04,QLD,Brisbane,b5,297.3
2026-04-04,QLD,Brisbane,diesel,300.5
2026-04-04,QLD,Brisbane,e10,201.6
2026-04-04,QLD,Brisbane,p95,209.6
2026-04-04,QLD,Brisbane,p98,223.7
2026-04-04,QLD,Brisbane,ulp91,200.4
2026-04-04,QLD,Cairns,diesel,306.1
2026-04-04,QLD,Cairns,p95,221.3
2026-04-04,QLD,Cairns,ulp91,207.7
2026-04-04,QLD,Gladstone,diesel,304.5
2026-04-04,QLD,Gladstone,p95,215.3
2026-04-04,QLD,Gladstone,ulp91,207.7
2026-04-04,QLD,Mackay,diesel,304.3
2026-04-04,QLD,Mackay,ulp91,208.1
2026-04-04,QLD,Townsville,diesel,306.0
2026-04-04,QLD,Townsville,p95,217.1
2026-04-04,QLD,Townsville,p98,233.4
2026-04-04,QLD,Townsville,ulp91,207.6
2026-04-04,QLD,Weipa,diesel,316.8
2026-04-04,QLD,Weipa,ulp91,231.0
2026-04-04,SA,Adelaide,diesel,302.1
2026-04-04,SA,Adelaide,e10,203.4
2026-04-04,SA,Adelaide,p95,210.3
2026-04-04,SA,Adelaide,p98,225.3
2026-04-04,SA,Adelaide,ulp91,201.7
2026-04-04,SA,Port Lincoln,diesel,309.6
2026-04-04,SA,Port Lincoln,p98,234.9
2026-04-04,SA,Port Lincoln,ulp91,209.6
2026-04-04,TAS,Devonport,diesel,305.0
2026-04-04,TAS,Devonport,p95,215.3
2026-04-04,TAS,Devonport,ulp91,203.6
2026-04-04,TAS,Hobart,diesel,304.2
2026-04-04,TAS,Hobart,p95,215.4
2026-04-04,TAS,Hobart,p98,231.1
2026-04-04,TAS,Hobart,ulp91,203.7
2026-04-04,VIC,Geelong,diesel,301.0
2026-04-04,VIC,Geelong,p95,208.7
2026-04-04,VIC,Geelong,p98,223.1
2026-04-04,VIC,Geelong,ulp91,199.6
2026-04-04,VIC,Melbourne,diesel,301.0
2026-04-04,VIC,Melbourne,e10,200.8
2026-04-04,VIC,Melbourne,p95,208.7
2026-04-04,VIC,Melbourne,p98,223.1
2026-04-04,VIC,Melbourne,ulp91,199.6
2026-04-04,WA,Broome,diesel,333.4
2026-04-04,WA,Broome,p95,262.4
2026-04-04,WA,Broome,ulp91,252.3
2026-04-04,WA,Cocos Island,diesel,339.3
2026-04-04,WA,Cocos Island,p95,421.1
2026-04-04,WA,Dampier,diesel,322.7
2026-04-04,WA,Esperance,diesel,306.1
2026-04-04,WA,King Bay,diesel,322.7
2026-04-04,WA,Perth,diesel,300.6
2026-04-04,WA,Perth,p95,214.3
2026-04-04,WA,Perth,p98,228.6
2026-04-04,WA,Perth,ulp91,201.1
2026-04-04,WA,Port Hedland,diesel,330.0
2026-04-07,NSW,Newcastle,diesel,302.0
2026-04-07,NSW,Sydney,diesel,302.0
2026-04-07,NSW,Sydney,e10,202.4
2026-04-07,NSW,Sydney,p95,211.5
2026-04-07,NSW,Sydney,p98,225.4
2026-04-07,NSW,Sydney,ulp91,202.1
2026-04-07,NT,Darwin,diesel,308.1
2026-04-07,NT,Darwin,p95,218.3
2026-04-07,NT,Darwin,ulp91,206.7
2026-04-07,QLD,Brisbane,b5,302.7
2026-04-07,QLD,Brisbane,diesel,301.1
2026-04-07,QLD,Brisbane,e10,201.6
2026-04-07,QLD,Brisbane,p95,209.7
2026-04-07,QLD,Brisbane,p98,223.8
2026-04-07,QLD,Brisbane,ulp91,200.4
2026-04-07,QLD,Cairns,diesel,306.6
2026-04-07,QLD,Cairns,p95,221.5
2026-04-07,QLD,Cairns,ulp91,207.7
2026-04-07,QLD,Gladstone,diesel,305.1
2026-04-07,QLD,Gladstone,p95,215.4
2026-04-07,QLD,Gladstone,ulp91,207.8
2026-04-07,QLD,Mackay,diesel,304.9
2026-04-07,QLD,Mackay,ulp91,208.1
2026-04-07,QLD,Townsville,diesel,306.6
2026-04-07,QLD,Townsville,p95,217.2
2026-04-07,QLD,Townsville,p98,233.5
2026-04-07,QLD,Townsville,ulp91,207.6
2026-04-07,QLD,Weipa,diesel,317.4
2026-04-07,QLD,Weipa,ulp91,231.0
2026-04-07,SA,Adelaide,diesel,302.7
2026-04-07,SA,Adelaide,e10,203.4
2026-04-07,SA,Adelaide,p95,210.4
2026-04-07,SA,Adelaide,p98,225.5
2026-04-07,SA,Adelaide,ulp91,201.7
2026-04-07,SA,Port Lincoln,diesel,310.2
2026-04-07,SA,Port Lincoln,p98,235.1
2026-04-07,SA,Port Lincoln,ulp91,209.6
2026-04-07,TAS,Devonport,diesel,305.6
2026-04-07,TAS,Devonport,p95,215.5
2026-04-07,TAS,Devonport,ulp91,203.6
2026-04-07,TAS,Hobart,diesel,304.8
2026-04-07,TAS,Hobart,p95,215.5
2026-04-07,TAS,Hobart,p98,231.3
2026-04-07,TAS,Hobart,ulp91,203.7
2026-04-07,VIC,Geelong,diesel,301.6
2026-04-07,VIC,Geelong,p95,208.9
2026-04-07,VIC,Geelong,p98,223.3
2026-04-07,VIC,Geelong,ulp91,199.6
2026-04-07,VIC,Melbourne,diesel,301.6
2026-04-07,VIC,Melbourne,e10,200.7
2026-04-07,VIC,Melbourne,p95,208.9
2026-04-07,VIC,Melbourne,p98,223.3
2026-04-07,VIC,Melbourne,ulp91,199.6
2026-04-07,WA,Broome,diesel,334.0
2026-04-07,WA,Broome,p95,263.0
2026-04-07,WA,Broome,ulp91,252.7
2026-04-07,WA,Cocos Island,diesel,339.8
2026-04-07,WA,Cocos Island,p95,421.1
2026-04-07,WA,Dampier,diesel,323.2
2026-04-07,WA,Esperance,diesel,306.6
2026-04-07,WA,King Bay,diesel,323.2
2026-04-07,WA,Perth,diesel,301.2
2026-04-07,WA,Perth,p95,214.4
2026-04-07,WA,Perth,p98,228.7
2026-04-07,WA,Perth,ulp91,201.0
2026-04-07,WA,Port Hedland,diesel,330.6
2026-04-08,NSW,Newcastle,diesel,313.4
2026-04-08,NSW,Sydney,diesel,313.4
2026-04-08,NSW,Sydney,e10,206.0
2026-04-08,NSW,Sydney,p95,215.2
2026-04-08,NSW,Sydney,p98,229.1
2026-04-08,NSW,Sydney,ulp91,205.7
2026-04-08,NT,Darwin,diesel,319.5
2026-04-08,NT,Darwin,p95,222.0
2026-04-08,NT,Darwin,ulp91,210.2
2026-04-08,QLD,Brisbane,b5,313.6
2026-04-08,QLD,Brisbane,diesel,312.6
2026-04-08,QLD,Brisbane,e10,205.2
2026-04-08,QLD,Brisbane,p95,213.4
2026-04-08,QLD,Brisbane,p98,227.6
2026-04-08,QLD,Brisbane,ulp91,204.0
2026-04-08,QLD,Cairns,diesel,318.0
2026-04-08,QLD,Cairns,p95,225.2
2026-04-08,QLD,Cairns,ulp91,211.3
2026-04-08,QLD,Gladstone,diesel,316.5
2026-04-08,QLD,Gladstone,p95,219.2
2026-04-08,QLD,Gladstone,ulp91,211.3
2026-04-08,QLD,Mackay,diesel,316.3
2026-04-08,QLD,Mackay,ulp91,211.7
2026-04-08,QLD,Townsville,diesel,318.0
2026-04-08,QLD,Townsville,p95,221.0
2026-04-08,QLD,Townsville,p98,237.3
2026-04-08,QLD,Townsville,ulp91,211.2
2026-04-08,QLD,Weipa,diesel,328.9
2026-04-08,QLD,Weipa,ulp91,234.7
2026-04-08,SA,Adelaide,diesel,314.2
2026-04-08,SA,Adelaide,e10,206.9
2026-04-08,SA,Adelaide,p95,214.2
2026-04-08,SA,Adelaide,p98,229.2
2026-04-08,SA,Adelaide,ulp91,205.2
2026-04-08,SA,Port Lincoln,diesel,321.6
2026-04-08,SA,Port Lincoln,p98,238.8
2026-04-08,SA,Port Lincoln,ulp91,213.2
2026-04-08,TAS,Devonport,diesel,317.0
2026-04-08,TAS,Devonport,p95,219.2
2026-04-08,TAS,Devonport,ulp91,207.2
2026-04-08,TAS,Hobart,diesel,316.2
2026-04-08,TAS,Hobart,p95,219.3
2026-04-08,TAS,Hobart,p98,235.1
2026-04-08,TAS,Hobart,ulp91,207.3
2026-04-08,VIC,Geelong,diesel,313.0
2026-04-08,VIC,Geelong,p95,212.6
2026-04-08,VIC,Geelong,p98,227.0
2026-04-08,VIC,Geelong,ulp91,203.2
2026-04-08,VIC,Melbourne,diesel,313.0
2026-04-08,VIC,Melbourne,e10,204.3
2026-04-08,VIC,Melbourne,p95,212.6
2026-04-08,VIC,Melbourne,p98,227.0
2026-04-08,VIC,Melbourne,ulp91,203.2
2026-04-08,WA,Broome,diesel,345.5
2026-04-08,WA,Broome,p95,267.1
2026-04-08,WA,Broome,ulp91,256.6
2026-04-08,WA,Cocos Island,diesel,350.1
2026-04-08,WA,Cocos Island,p95,424.5
2026-04-08,WA,Dampier,diesel,334.6
2026-04-08,WA,Esperance,diesel,318.0
2026-04-08,WA,King Bay,diesel,334.6
2026-04-08,WA,Perth,diesel,312.6
2026-04-08,WA,Perth,p95,218.1
2026-04-08,WA,Perth,p98,232.4
2026-04-08,WA,Perth,ulp91,204.6
2026-04-08,WA,Port Hedland,diesel,342.0
2026-04-09,NSW,Newcastle,diesel,325.2
2026-04-09,NSW,Sydney,diesel,325.2
2026-04-09,NSW,Sydney,e10,206.8
2026-04-09,NSW,Sydney,p95,216.1
2026-04-09,NSW,Sydney,p98,230.0
2026-04-09,NSW,Sydney,ulp91,206.5
2026-04-09,NT,Darwin,diesel,331.3
2026-04-09,NT,Darwin,p95,222.8
2026-04-09,NT,Darwin,ulp91,211.0
2026-04-09,QLD,Brisbane,b5,325.3
2026-04-09,QLD,Brisbane,diesel,324.4
2026-04-09,QLD,Brisbane,e10,205.9
2026-04-09,QLD,Brisbane,p95,214.3
2026-04-09,QLD,Brisbane,p98,228.4
2026-04-09,QLD,Brisbane,ulp91,204.8
2026-04-09,QLD,Cairns,diesel,329.9
2026-04-09,QLD,Cairns,p95,226.1
2026-04-09,QLD,Cairns,ulp91,212.1
2026-04-09,QLD,Gladstone,diesel,328.3
2026-04-09,QLD,Gladstone,p95,220.1
2026-04-09,QLD,Gladstone,ulp91,212.1
2026-04-09,QLD,Mackay,diesel,328.1
2026-04-09,QLD,Mackay,ulp91,212.5
2026-04-09,QLD,Townsville,diesel,329.8
2026-04-09,QLD,Townsville,p95,221.9
2026-04-09,QLD,Townsville,p98,238.2
2026-04-09,QLD,Townsville,ulp91,212.0
2026-04-09,QLD,Weipa,diesel,340.7
2026-04-09,QLD,Weipa,ulp91,235.5
2026-04-09,SA,Adelaide,diesel,326.0
2026-04-09,SA,Adelaide,e10,207.8
2026-04-09,SA,Adelaide,p95,215.0
2026-04-09,SA,Adelaide,p98,230.1
2026-04-09,SA,Adelaide,ulp91,206.1
2026-04-09,SA,Port Lincoln,diesel,333.5
2026-04-09,SA,Port Lincoln,p98,239.7
2026-04-09,SA,Port Lincoln,ulp91,214.0
2026-04-09,TAS,Devonport,diesel,328.9
2026-04-09,TAS,Devonport,p95,222.3
2026-04-09,TAS,Devonport,ulp91,210.2
2026-04-09,TAS,Hobart,diesel,328.0
2026-04-09,TAS,Hobart,p95,222.4
2026-04-09,TAS,Hobart,p98,238.1
2026-04-09,TAS,Hobart,ulp91,210.3
2026-04-09,VIC,Geelong,diesel,324.8
2026-04-09,VIC,Geelong,p95,213.4
2026-04-09,VIC,Geelong,p98,227.8
2026-04-09,VIC,Geelong,ulp91,203.9
2026-04-09,VIC,Melbourne,diesel,324.8
2026-04-09,VIC,Melbourne,e10,205.1
2026-04-09,VIC,Melbourne,p95,213.4
2026-04-09,VIC,Melbourne,p98,227.8
2026-04-09,VIC,Melbourne,ulp91,203.9
2026-04-09,WA,Broome,diesel,357.4
2026-04-09,WA,Broome,p95,268.3
2026-04-09,WA,Broome,ulp91,257.7
2026-04-09,WA,Cocos Island,diesel,360.8
2026-04-09,WA,Cocos Island,p95,425.3
2026-04-09,WA,Dampier,diesel,346.4
2026-04-09,WA,Esperance,diesel,329.8
2026-04-09,WA,King Bay,diesel,346.4
2026-04-09,WA,Perth,diesel,324.4
2026-04-09,WA,Perth,p95,219.0
2026-04-09,WA,Perth,p98,233.2
2026-04-09,WA,Perth,ulp91,205.3
2026-04-09,WA,Port Hedland,diesel,353.8
2026-04-10,NSW,Newcastle,diesel,320.2
2026-04-10,NSW,Sydney,diesel,320.3
2026-04-10,NSW,Sydney,e10,206.8
2026-04-10,NSW,Sydney,p95,216.1
2026-04-10,NSW,Sydney,p98,230.0
2026-04-10,NSW,Sydney,ulp91,206.5
2026-04-10,NT,Darwin,diesel,326.3
2026-04-10,NT,Darwin,p95,222.8
2026-04-10,NT,Darwin,ulp91,211.0
2026-04-10,QLD,Brisbane,b5,320.3
2026-04-10,QLD,Brisbane,diesel,319.4
2026-04-10,QLD,Brisbane,e10,205.9
2026-04-10,QLD,Brisbane,p95,214.3
2026-04-10,QLD,Brisbane,p98,228.4
2026-04-10,QLD,Brisbane,ulp91,204.8
2026-04-10,QLD,Cairns,diesel,324.9
2026-04-10,QLD,Cairns,p95,226.2
2026-04-10,QLD,Cairns,ulp91,212.1
2026-04-10,QLD,Gladstone,diesel,323.4
2026-04-10,QLD,Gladstone,p95,220.1
2026-04-10,QLD,Gladstone,ulp91,212.1
2026-04-10,QLD,Mackay,diesel,323.2
2026-04-10,QLD,Mackay,ulp91,212.5
2026-04-10,QLD,Townsville,diesel,324.9
2026-04-10,QLD,Townsville,p95,221.9
2026-04-10,QLD,Townsville,p98,238.2
2026-04-10,QLD,Townsville,ulp91,211.9
2026-04-10,QLD,Weipa,diesel,335.8
2026-04-10,QLD,Weipa,ulp91,235.5
2026-04-10,SA,Adelaide,diesel,321.1
2026-04-10,SA,Adelaide,e10,207.7
2026-04-10,SA,Adelaide,p95,215.0
2026-04-10,SA,Adelaide,p98,230.1
2026-04-10,SA,Adelaide,ulp91,206.0
2026-04-10,SA,Port Lincoln,diesel,328.5
2026-04-10,SA,Port Lincoln,p98,239.7
2026-04-10,SA,Port Lincoln,ulp91,214.0
2026-04-10,TAS,Devonport,diesel,325.0
2026-04-10,TAS,Devonport,p95,222.3
2026-04-10,TAS,Devonport,ulp91,210.2
2026-04-10,TAS,Hobart,diesel,324.2
2026-04-10,TAS,Hobart,p95,222.4
2026-04-10,TAS,Hobart,p98,238.1
2026-04-10,TAS,Hobart,ulp91,210.3
2026-04-10,VIC,Geelong,diesel,319.9
2026-04-10,VIC,Geelong,p95,213.5
2026-04-10,VIC,Geelong,p98,227.9
2026-04-10,VIC,Geelong,ulp91,203.9
2026-04-10,VIC,Melbourne,diesel,319.9
2026-04-10,VIC,Melbourne,e10,205.1
2026-04-10,VIC,Melbourne,p95,213.5
2026-04-10,VIC,Melbourne,p98,227.9
2026-04-10,VIC,Melbourne,ulp91,203.9
2026-04-10,WA,Broome,diesel,352.4
2026-04-10,WA,Broome,p95,268.3
2026-04-10,WA,Broome,ulp91,257.7
2026-04-10,WA,Cocos Island,diesel,356.3
2026-04-10,WA,Cocos Island,p95,425.3
2026-04-10,WA,Dampier,diesel,341.4
2026-04-10,WA,Esperance,diesel,324.9
2026-04-10,WA,King Bay,diesel,341.4
2026-04-10,WA,Perth,diesel,319.4
2026-04-10,WA,Perth,p95,219.0
2026-04-10,WA,Perth,p98,233.2
2026-04-10,WA,Perth,ulp91,205.3
2026-04-10,WA,Port Hedland,diesel,348.8
2026-04-11,NSW,Newcastle,diesel,309.4
2026-04-11,NSW,Sydney,diesel,309.4
2026-04-11,NSW,Sydney,e10,202.5
2026-04-11,NSW,Sydney,p95,211.8
2026-04-11,NSW,Sydney,p98,225.6
2026-04-11,NSW,Sydney,ulp91,202.2
2026-04-11,NT,Darwin,diesel,315.4
2026-04-11,NT,Darwin,p95,218.5
2026-04-11,NT,Darwin,ulp91,206.7
2026-04-11,QLD,Brisbane,b5,309.9
2026-04-11,QLD,Brisbane,diesel,308.6
2026-04-11,QLD,Brisbane,e10,201.7
2026-04-11,QLD,Brisbane,p95,210.0
2026-04-11,QLD,Brisbane,p98,224.1
2026-04-11,QLD,Brisbane,ulp91,200.5
2026-04-11,QLD,Cairns,diesel,314.0
2026-04-11,QLD,Cairns,p95,221.8
2026-04-11,QLD,Cairns,ulp91,207.8
2026-04-11,QLD,Gladstone,diesel,312.5
2026-04-11,QLD,Gladstone,p95,215.7
2026-04-11,QLD,Gladstone,ulp91,207.8
2026-04-11,QLD,Mackay,diesel,312.3
2026-04-11,QLD,Mackay,ulp91,208.2
2026-04-11,QLD,Townsville,diesel,314.0
2026-04-11,QLD,Townsville,p95,217.6
2026-04-11,QLD,Townsville,p98,233.8
2026-04-11,QLD,Townsville,ulp91,207.7
2026-04-11,QLD,Weipa,diesel,324.9
2026-04-11,QLD,Weipa,ulp91,231.2
2026-04-11,SA,Adelaide,diesel,310.2
2026-04-11,SA,Adelaide,e10,203.5
2026-04-11,SA,Adelaide,p95,210.7
2026-04-11,SA,Adelaide,p98,225.7
2026-04-11,SA,Adelaide,ulp91,201.8
2026-04-11,SA,Port Lincoln,diesel,317.6
2026-04-11,SA,Port Lincoln,p98,235.3
2026-04-11,SA,Port Lincoln,ulp91,209.7
2026-04-11,TAS,Devonport,diesel,315.2
2026-04-11,TAS,Devonport,p95,218.0
2026-04-11,TAS,Devonport,ulp91,205.9
2026-04-11,TAS,Hobart,diesel,314.4
2026-04-11,TAS,Hobart,p95,218.1
2026-04-11,TAS,Hobart,p98,233.8
2026-04-11,TAS,Hobart,ulp91,206.0
2026-04-11,VIC,Geelong,diesel,309.0
2026-04-11,VIC,Geelong,p95,209.1
2026-04-11,VIC,Geelong,p98,223.5
2026-04-11,VIC,Geelong,ulp91,199.7
2026-04-11,VIC,Melbourne,diesel,309.0
2026-04-11,VIC,Melbourne,e10,200.8
2026-04-11,VIC,Melbourne,p95,209.1
2026-04-11,VIC,Melbourne,p98,223.5
2026-04-11,VIC,Melbourne,ulp91,199.7
2026-04-11,WA,Broome,diesel,341.5
2026-04-11,WA,Broome,p95,263.8
2026-04-11,WA,Broome,ulp91,253.3
2026-04-11,WA,Cocos Island,diesel,346.4
2026-04-11,WA,Cocos Island,p95,421.4
2026-04-11,WA,Dampier,diesel,330.6
2026-04-11,WA,Esperance,diesel,314.0
2026-04-11,WA,King Bay,diesel,330.6
2026-04-11,WA,Perth,diesel,308.5
2026-04-11,WA,Perth,p95,214.7
2026-04-11,WA,Perth,p98,228.9
2026-04-11,WA,Perth,ulp91,201.1
2026-04-11,WA,Port Hedland,diesel,337.9
2026-04-14,NSW,Newcastle,diesel,291.9
2026-04-14,NSW,Sydney,diesel,291.9
2026-04-14,NSW,Sydney,e10,196.3
2026-04-14,NSW,Sydney,p95,205.5
2026-04-14,NSW,Sydney,p98,219.3
2026-04-14,NSW,Sydney,ulp91,196.0
2026-04-14,NT,Darwin,diesel,298.0
2026-04-14,NT,Darwin,p95,212.2
2026-04-14,NT,Darwin,ulp91,200.5
2026-04-14,QLD,Brisbane,b5,293.3
2026-04-14,QLD,Brisbane,diesel,291.1
2026-04-14,QLD,Brisbane,e10,195.5
2026-04-14,QLD,Brisbane,p95,203.7
2026-04-14,QLD,Brisbane,p98,217.7
2026-04-14,QLD,Brisbane,ulp91,194.3
2026-04-14,QLD,Cairns,diesel,296.6
2026-04-14,QLD,Cairns,p95,215.5
2026-04-14,QLD,Cairns,ulp91,201.6
2026-04-14,QLD,Gladstone,diesel,295.0
2026-04-14,QLD,Gladstone,p95,209.4
2026-04-14,QLD,Gladstone,ulp91,201.6
2026-04-14,QLD,Mackay,diesel,294.9
2026-04-14,QLD,Mackay,ulp91,202.1
2026-04-14,QLD,Townsville,diesel,296.6
2026-04-14,QLD,Townsville,p95,211.2
2026-04-14,QLD,Townsville,p98,227.4
2026-04-14,QLD,Townsville,ulp91,201.4
2026-04-14,QLD,Weipa,diesel,307.4
2026-04-14,QLD,Weipa,ulp91,225.0
2026-04-14,SA,Adelaide,diesel,292.7
2026-04-14,SA,Adelaide,e10,197.3
2026-04-14,SA,Adelaide,p95,204.4
2026-04-14,SA,Adelaide,p98,219.3
2026-04-14,SA,Adelaide,ulp91,195.6
2026-04-14,SA,Port Lincoln,diesel,300.2
2026-04-14,SA,Port Lincoln,p98,229.0
2026-04-14,SA,Port Lincoln,ulp91,203.6
2026-04-14,TAS,Devonport,diesel,297.8
2026-04-14,TAS,Devonport,p95,211.7
2026-04-14,TAS,Devonport,ulp91,199.8
2026-04-14,TAS,Hobart,diesel,297.0
2026-04-14,TAS,Hobart,p95,211.8
2026-04-14,TAS,Hobart,p98,227.4
2026-04-14,TAS,Hobart,ulp91,199.9
2026-04-14,VIC,Geelong,diesel,291.5
2026-04-14,VIC,Geelong,p95,202.8
2026-04-14,VIC,Geelong,p98,217.2
2026-04-14,VIC,Geelong,ulp91,193.5
2026-04-14,VIC,Melbourne,diesel,291.5
2026-04-14,VIC,Melbourne,e10,194.7
2026-04-14,VIC,Melbourne,p95,202.8
2026-04-14,VIC,Melbourne,p98,217.2
2026-04-14,VIC,Melbourne,ulp91,193.5
2026-04-14,WA,Broome,diesel,324.1
2026-04-14,WA,Broome,p95,257.7
2026-04-14,WA,Broome,ulp91,247.3
2026-04-14,WA,Cocos Island,diesel,330.6
2026-04-14,WA,Cocos Island,p95,415.6
2026-04-14,WA,Dampier,diesel,313.1
2026-04-14,WA,Esperance,diesel,296.5
2026-04-14,WA,King Bay,diesel,313.1
2026-04-14,WA,Perth,diesel,291.0
2026-04-14,WA,Perth,p95,208.3
2026-04-14,WA,Perth,p98,222.5
2026-04-14,WA,Perth,ulp91,194.9
2026-04-14,WA,Port Hedland,diesel,320.4
2026-04-15,NSW,Newcastle,diesel,276.4
2026-04-15,NSW,Sydney,diesel,276.5
2026-04-15,NSW,Sydney,e10,192.0
2026-04-15,NSW,Sydney,p95,201.1
2026-04-15,NSW,Sydney,p98,214.8
2026-04-15,NSW,Sydney,ulp91,191.7
2026-04-15,NT,Darwin,diesel,282.5
2026-04-15,NT,Darwin,p95,207.7
2026-04-15,NT,Darwin,ulp91,196.2
2026-04-15,QLD,Brisbane,b5,278.7
2026-04-15,QLD,Brisbane,diesel,275.5
2026-04-15,QLD,Brisbane,e10,191.2
2026-04-15,QLD,Brisbane,p95,199.2
2026-04-15,QLD,Brisbane,p98,213.3
2026-04-15,QLD,Brisbane,ulp91,190.0
2026-04-15,QLD,Cairns,diesel,281.1
2026-04-15,QLD,Cairns,p95,211.1
2026-04-15,QLD,Cairns,ulp91,197.3
2026-04-15,QLD,Gladstone,diesel,279.5
2026-04-15,QLD,Gladstone,p95,205.0
2026-04-15,QLD,Gladstone,ulp91,197.3
2026-04-15,QLD,Mackay,diesel,279.4
2026-04-15,QLD,Mackay,ulp91,197.7
2026-04-15,QLD,Townsville,diesel,281.1
2026-04-15,QLD,Townsville,p95,206.8
2026-04-15,QLD,Townsville,p98,223.0
2026-04-15,QLD,Townsville,ulp91,197.1
2026-04-15,QLD,Weipa,diesel,292.0
2026-04-15,QLD,Weipa,ulp91,220.7
2026-04-15,SA,Adelaide,diesel,277.2
2026-04-15,SA,Adelaide,e10,193.0
2026-04-15,SA,Adelaide,p95,199.9
2026-04-15,SA,Adelaide,p98,214.9
2026-04-15,SA,Adelaide,ulp91,191.3
2026-04-15,SA,Port Lincoln,diesel,284.7
2026-04-15,SA,Port Lincoln,p98,224.5
2026-04-15,SA,Port Lincoln,ulp91,199.3
2026-04-15,TAS,Devonport,diesel,282.3
2026-04-15,TAS,Devonport,p95,207.3
2026-04-15,TAS,Devonport,ulp91,195.5
2026-04-15,TAS,Hobart,diesel,281.5
2026-04-15,TAS,Hobart,p95,207.3
2026-04-15,TAS,Hobart,p98,223.0
2026-04-15,TAS,Hobart,ulp91,195.6
2026-04-15,VIC,Geelong,diesel,276.0
2026-04-15,VIC,Geelong,p95,198.4
2026-04-15,VIC,Geelong,p98,212.7
2026-04-15,VIC,Geelong,ulp91,189.2
2026-04-15,VIC,Melbourne,diesel,276.0
2026-04-15,VIC,Melbourne,e10,190.3
2026-04-15,VIC,Melbourne,p95,198.4
2026-04-15,VIC,Melbourne,p98,212.7
2026-04-15,VIC,Melbourne,ulp91,189.2
2026-04-15,WA,Broome,diesel,308.6
2026-04-15,WA,Broome,p95,253.4
2026-04-15,WA,Broome,ulp91,243.1
2026-04-15,WA,Cocos Island,diesel,316.4
2026-04-15,WA,Cocos Island,p95,411.6
2026-04-15,WA,Dampier,diesel,297.6
2026-04-15,WA,Esperance,diesel,281.0
2026-04-15,WA,King Bay,diesel,297.6
2026-04-15,WA,Perth,diesel,275.5
2026-04-15,WA,Perth,p95,203.9
2026-04-15,WA,Perth,p98,218.0
2026-04-15,WA,Perth,ulp91,190.5
2026-04-15,WA,Port Hedland,diesel,304.9
2026-04-16,NSW,Newcastle,diesel,265.1
2026-04-16,NSW,Sydney,diesel,265.1
2026-04-16,NSW,Sydney,e10,190.7
2026-04-16,NSW,Sydney,p95,199.6
2026-04-16,NSW,Sydney,p98,213.4
2026-04-16,NSW,Sydney,ulp91,190.4
2026-04-16,NT,Darwin,diesel,271.1
2026-04-16,NT,Darwin,p95,206.2
2026-04-16,NT,Darwin,ulp91,194.8
2026-04-16,QLD,Brisbane,b5,268.0
2026-04-16,QLD,Brisbane,diesel,264.1
2026-04-16,QLD,Brisbane,e10,189.8
2026-04-16,QLD,Brisbane,p95,197.8
2026-04-16,QLD,Brisbane,p98,211.8
2026-04-16,QLD,Brisbane,ulp91,188.7
2026-04-16,QLD,Cairns,diesel,269.7
2026-04-16,QLD,Cairns,p95,209.6
2026-04-16,QLD,Cairns,ulp91,195.9
2026-04-16,QLD,Gladstone,diesel,268.2
2026-04-16,QLD,Gladstone,p95,203.5
2026-04-16,QLD,Gladstone,ulp91,196.0
2026-04-16,QLD,Mackay,diesel,268.0
2026-04-16,QLD,Mackay,ulp91,196.4
2026-04-16,QLD,Townsville,diesel,269.7
2026-04-16,QLD,Townsville,p95,205.4
2026-04-16,QLD,Townsville,p98,221.5
2026-04-16,QLD,Townsville,ulp91,195.8
2026-04-16,QLD,Weipa,diesel,280.6
2026-04-16,QLD,Weipa,ulp91,219.4
2026-04-16,SA,Adelaide,diesel,265.8
2026-04-16,SA,Adelaide,e10,191.6
2026-04-16,SA,Adelaide,p95,198.5
2026-04-16,SA,Adelaide,p98,213.5
2026-04-16,SA,Adelaide,ulp91,189.9
2026-04-16,SA,Port Lincoln,diesel,273.4
2026-04-16,SA,Port Lincoln,p98,223.1
2026-04-16,SA,Port Lincoln,ulp91,197.9
2026-04-16,TAS,Devonport,diesel,270.9
2026-04-16,TAS,Devonport,p95,205.9
2026-04-16,TAS,Devonport,ulp91,194.2
2026-04-16,TAS,Hobart,diesel,270.1
2026-04-16,TAS,Hobart,p95,205.9
2026-04-16,TAS,Hobart,p98,221.6
2026-04-16,TAS,Hobart,ulp91,194.3
2026-04-16,VIC,Geelong,diesel,264.7
2026-04-16,VIC,Geelong,p95,197.0
2026-04-16,VIC,Geelong,p98,211.3
2026-04-16,VIC,Geelong,ulp91,187.9
2026-04-16,VIC,Melbourne,diesel,264.7
2026-04-16,VIC,Melbourne,e10,189.0
2026-04-16,VIC,Melbourne,p95,197.0
2026-04-16,VIC,Melbourne,p98,211.3
2026-04-16,VIC,Melbourne,ulp91,187.9
2026-04-16,WA,Broome,diesel,297.3
2026-04-16,WA,Broome,p95,252.2
2026-04-16,WA,Broome,ulp91,242.1
2026-04-16,WA,Cocos Island,diesel,306.1
2026-04-16,WA,Cocos Island,p95,410.2
2026-04-16,WA,Dampier,diesel,286.2
2026-04-16,WA,Esperance,diesel,269.7
2026-04-16,WA,King Bay,diesel,286.2
2026-04-16,WA,Perth,diesel,264.1
2026-04-16,WA,Perth,p95,202.4
2026-04-16,WA,Perth,p98,216.6
2026-04-16,WA,Perth,ulp91,189.2
2026-04-16,WA,Port Hedland,diesel,293.5
2026-04-17,NSW,Newcastle,diesel,258.3
2026-04-17,NSW,Sydney,diesel,258.4
2026-04-17,NSW,Sydney,e10,189.9
2026-04-17,NSW,Sydney,p95,198.7
2026-04-17,NSW,Sydney,p98,212.4
2026-04-17,NSW,Sydney,ulp91,189.6
2026-04-17,NT,Darwin,diesel,264.3
2026-04-17,NT,Darwin,p95,205.2
2026-04-17,NT,Darwin,ulp91,194.0
2026-04-17,QLD,Brisbane,b5,261.9
2026-04-17,QLD,Brisbane,diesel,257.4
2026-04-17,QLD,Brisbane,e10,189.0
2026-04-17,QLD,Brisbane,p95,196.8
2026-04-17,QLD,Brisbane,p98,210.8
2026-04-17,QLD,Brisbane,ulp91,187.8
2026-04-17,QLD,Cairns,diesel,263.0
2026-04-17,QLD,Cairns,p95,208.7
2026-04-17,QLD,Cairns,ulp91,195.1
2026-04-17,QLD,Gladstone,diesel,261.4
2026-04-17,QLD,Gladstone,p95,202.6
2026-04-17,QLD,Gladstone,ulp91,195.2
2026-04-17,QLD,Mackay,diesel,261.2
2026-04-17,QLD,Mackay,ulp91,195.6
2026-04-17,QLD,Townsville,diesel,262.9
2026-04-17,QLD,Townsville,p95,204.4
2026-04-17,QLD,Townsville,p98,220.5
2026-04-17,QLD,Townsville,ulp91,194.9
2026-04-17,QLD,Weipa,diesel,274.0
2026-04-17,QLD,Weipa,ulp91,218.7
2026-04-17,SA,Adelaide,diesel,259.0
2026-04-17,SA,Adelaide,e10,190.8
2026-04-17,SA,Adelaide,p95,197.6
2026-04-17,SA,Adelaide,p98,212.4
2026-04-17,SA,Adelaide,ulp91,189.1
2026-04-17,SA,Port Lincoln,diesel,266.7
2026-04-17,SA,Port Lincoln,p98,222.1
2026-04-17,SA,Port Lincoln,ulp91,197.2
2026-04-17,TAS,Devonport,diesel,264.2
2026-04-17,TAS,Devonport,p95,204.9
2026-04-17,TAS,Devonport,ulp91,193.4
2026-04-17,TAS,Hobart,diesel,263.4
2026-04-17,TAS,Hobart,p95,205.0
2026-04-17,TAS,Hobart,p98,220.6
2026-04-17,TAS,Hobart,ulp91,193.5
2026-04-17,VIC,Geelong,diesel,257.9
2026-04-17,VIC,Geelong,p95,196.0
2026-04-17,VIC,Geelong,p98,210.3
2026-04-17,VIC,Geelong,ulp91,187.0
2026-04-17,VIC,Melbourne,diesel,257.9
2026-04-17,VIC,Melbourne,e10,188.2
2026-04-17,VIC,Melbourne,p95,196.0
2026-04-17,VIC,Melbourne,p98,210.3
2026-04-17,VIC,Melbourne,ulp91,187.0
2026-04-17,WA,Broome,diesel,290.6
2026-04-17,WA,Broome,p95,251.8
2026-04-17,WA,Broome,ulp91,241.9
2026-04-17,WA,Cocos Island,diesel,299.9
2026-04-17,WA,Cocos Island,p95,409.3
2026-04-17,WA,Dampier,diesel,279.4
2026-04-17,WA,Esperance,diesel,262.9
2026-04-17,WA,King Bay,diesel,279.4
2026-04-17,WA,Perth,diesel,257.2
2026-04-17,WA,Perth,p95,201.4
2026-04-17,WA,Perth,p98,215.5
2026-04-17,WA,Perth,ulp91,188.3
2026-04-17,WA,Port Hedland,diesel,286.6
2026-04-18,NSW,Newcastle,diesel,252.1
2026-04-18,NSW,Sydney,diesel,252.2
2026-04-18,NSW,Sydney,e10,186.4
2026-04-18,NSW,Sydney,p95,195.2
2026-04-18,NSW,Sydney,p98,208.9
2026-04-18,NSW,Sydney,ulp91,186.2
2026-04-18,NT,Darwin,diesel,258.1
2026-04-18,NT,Darwin,p95,201.7
2026-04-18,NT,Darwin,ulp91,190.4
2026-04-18,QLD,Brisbane,b5,256.0
2026-04-18,QLD,Brisbane,diesel,251.1
2026-04-18,QLD,Brisbane,e10,185.5
2026-04-18,QLD,Brisbane,p95,193.3
2026-04-18,QLD,Brisbane,p98,207.3
2026-04-18,QLD,Brisbane,ulp91,184.4
2026-04-18,QLD,Cairns,diesel,256.8
2026-04-18,QLD,Cairns,p95,205.2
2026-04-18,QLD,Cairns,ulp91,191.6
2026-04-18,QLD,Gladstone,diesel,255.2
2026-04-18,QLD,Gladstone,p95,199.1
2026-04-18,QLD,Gladstone,ulp91,191.7
2026-04-18,QLD,Mackay,diesel,255.1
2026-04-18,QLD,Mackay,ulp91,192.2
2026-04-18,QLD,Townsville,diesel,256.8
2026-04-18,QLD,Townsville,p95,201.0
2026-04-18,QLD,Townsville,p98,217.1
2026-04-18,QLD,Townsville,ulp91,191.5
2026-04-18,QLD,Weipa,diesel,267.9
2026-04-18,QLD,Weipa,ulp91,215.3
2026-04-18,SA,Adelaide,diesel,252.8
2026-04-18,SA,Adelaide,e10,187.3
2026-04-18,SA,Adelaide,p95,194.1
2026-04-18,SA,Adelaide,p98,208.9
2026-04-18,SA,Adelaide,ulp91,185.6
2026-04-18,SA,Port Lincoln,diesel,260.6
2026-04-18,SA,Port Lincoln,p98,218.6
2026-04-18,SA,Port Lincoln,ulp91,193.8
2026-04-18,TAS,Devonport,diesel,254.8
2026-04-18,TAS,Devonport,p95,201.5
2026-04-18,TAS,Devonport,ulp91,190.0
2026-04-18,TAS,Hobart,diesel,254.0
2026-04-18,TAS,Hobart,p95,201.6
2026-04-18,TAS,Hobart,p98,217.1
2026-04-18,TAS,Hobart,ulp91,190.1
2026-04-18,VIC,Geelong,diesel,251.7
2026-04-18,VIC,Geelong,p95,192.5
2026-04-18,VIC,Geelong,p98,206.8
2026-04-18,VIC,Geelong,ulp91,183.6
2026-04-18,VIC,Melbourne,diesel,251.7
2026-04-18,VIC,Melbourne,e10,184.7
2026-04-18,VIC,Melbourne,p95,192.5
2026-04-18,VIC,Melbourne,p98,206.8
2026-04-18,VIC,Melbourne,ulp91,183.6
2026-04-18,WA,Broome,diesel,284.6
2026-04-18,WA,Broome,p95,249.3
2026-04-18,WA,Broome,ulp91,239.3
2026-04-18,WA,Cocos Island,diesel,294.2
2026-04-18,WA,Cocos Island,p95,406.1
2026-04-18,WA,Dampier,diesel,273.1
2026-04-18,WA,Esperance,diesel,256.6
2026-04-18,WA,King Bay,diesel,273.1
2026-04-18,WA,Perth,diesel,251.0
2026-04-18,WA,Perth,p95,197.8
2026-04-18,WA,Perth,p98,211.9
2026-04-18,WA,Perth,ulp91,184.8
2026-04-18,WA,Port Hedland,diesel,280.4
2026-04-21,NSW,Newcastle,diesel,243.9
2026-04-21,NSW,Sydney,diesel,244.0
2026-04-21,NSW,Sydney,e10,183.5
2026-04-21,NSW,Sydney,p95,192.2
2026-04-21,NSW,Sydney,p98,205.9
2026-04-21,NSW,Sydney,ulp91,183.3
2026-04-21,NT,Darwin,diesel,249.8
2026-04-21,NT,Darwin,p95,198.6
2026-04-21,NT,Darwin,ulp91,187.5
2026-04-21,QLD,Brisbane,b5,248.1
2026-04-21,QLD,Brisbane,diesel,242.9
2026-04-21,QLD,Brisbane,e10,182.6
2026-04-21,QLD,Brisbane,p95,190.3
2026-04-21,QLD,Brisbane,p98,204.2
2026-04-21,QLD,Brisbane,ulp91,181.5
2026-04-21,QLD,Cairns,diesel,248.6
2026-04-21,QLD,Cairns,p95,202.2
2026-04-21,QLD,Cairns,ulp91,188.7
2026-04-21,QLD,Gladstone,diesel,247.0
2026-04-21,QLD,Gladstone,p95,196.1
2026-04-21,QLD,Gladstone,ulp91,188.9
2026-04-21,QLD,Mackay,diesel,246.8
2026-04-21,QLD,Mackay,ulp91,189.3
2026-04-21,QLD,Townsville,diesel,248.6
2026-04-21,QLD,Townsville,p95,198.0
2026-04-21,QLD,Townsville,p98,214.1
2026-04-21,QLD,Townsville,ulp91,188.6
2026-04-21,QLD,Weipa,diesel,259.8
2026-04-21,QLD,Weipa,ulp91,212.5
2026-04-21,SA,Adelaide,diesel,244.6
2026-04-21,SA,Adelaide,e10,184.4
2026-04-21,SA,Adelaide,p95,191.0
2026-04-21,SA,Adelaide,p98,205.9
2026-04-21,SA,Adelaide,ulp91,182.8
2026-04-21,SA,Port Lincoln,diesel,252.4
2026-04-21,SA,Port Lincoln,p98,215.6
2026-04-21,SA,Port Lincoln,ulp91,190.9
2026-04-21,TAS,Devonport,diesel,246.6
2026-04-21,TAS,Devonport,p95,198.5
2026-04-21,TAS,Devonport,ulp91,187.1
2026-04-21,TAS,Hobart,diesel,245.8
2026-04-21,TAS,Hobart,p95,198.6
2026-04-21,TAS,Hobart,p98,214.1
2026-04-21,TAS,Hobart,ulp91,187.2
2026-04-21,VIC,Geelong,diesel,243.5
2026-04-21,VIC,Geelong,p95,189.5
2026-04-21,VIC,Geelong,p98,203.7
2026-04-21,VIC,Geelong,ulp91,180.7
2026-04-21,VIC,Melbourne,diesel,243.5
2026-04-21,VIC,Melbourne,e10,181.8
2026-04-21,VIC,Melbourne,p95,189.5
2026-04-21,VIC,Melbourne,p98,203.7
2026-04-21,VIC,Melbourne,ulp91,180.7
2026-04-21,WA,Broome,diesel,276.5
2026-04-21,WA,Broome,p95,247.1
2026-04-21,WA,Broome,ulp91,237.3
2026-04-21,WA,Cocos Island,diesel,286.7
2026-04-21,WA,Cocos Island,p95,403.3
2026-04-21,WA,Dampier,diesel,264.8
2026-04-21,WA,Esperance,diesel,248.4
2026-04-21,WA,King Bay,diesel,264.8
2026-04-21,WA,Perth,diesel,242.7
2026-04-21,WA,Perth,p95,194.8
2026-04-21,WA,Perth,p98,208.8
2026-04-21,WA,Perth,ulp91,181.8
2026-04-21,WA,Port Hedland,diesel,272.1
2026-04-22,NSW,Newcastle,diesel,235.8
2026-04-22,NSW,Sydney,diesel,235.9
2026-04-22,NSW,Sydney,e10,180.0
2026-04-22,NSW,Sydney,p95,188.7
2026-04-22,NSW,Sydney,p98,202.4
2026-04-22,NSW,Sydney,ulp91,179.8
2026-04-22,NT,Darwin,diesel,241.6
2026-04-22,NT,Darwin,p95,195.0
2026-04-22,NT,Darwin,ulp91,183.9
2026-04-22,QLD,Brisbane,b5,240.4
2026-04-22,QLD,Brisbane,diesel,234.8
2026-04-22,QLD,Brisbane,e10,179.1
2026-04-22,QLD,Brisbane,p95,186.8
2026-04-22,QLD,Brisbane,p98,200.7
2026-04-22,QLD,Brisbane,ulp91,178.0
2026-04-22,QLD,Cairns,diesel,240.5
2026-04-22,QLD,Cairns,p95,198.7
2026-04-22,QLD,Cairns,ulp91,185.2
2026-04-22,QLD,Gladstone,diesel,238.9
2026-04-22,QLD,Gladstone,p95,192.7
2026-04-22,QLD,Gladstone,ulp91,185.4
2026-04-22,QLD,Mackay,diesel,238.8
2026-04-22,QLD,Mackay,ulp91,185.8
2026-04-22,QLD,Townsville,diesel,240.5
2026-04-22,QLD,Townsville,p95,194.5
2026-04-22,QLD,Townsville,p98,210.6
2026-04-22,QLD,Townsville,ulp91,185.1
2026-04-22,QLD,Weipa,diesel,251.9
2026-04-22,QLD,Weipa,ulp91,209.2
2026-04-22,SA,Adelaide,diesel,236.5
2026-04-22,SA,Adelaide,e10,180.9
2026-04-22,SA,Adelaide,p95,187.6
2026-04-22,SA,Adelaide,p98,202.4
2026-04-22,SA,Adelaide,ulp91,179.3
2026-04-22,SA,Port Lincoln,diesel,244.4
2026-04-22,SA,Port Lincoln,p98,212.1
2026-04-22,SA,Port Lincoln,ulp91,187.5
2026-04-22,TAS,Devonport,diesel,239.8
2026-04-22,TAS,Devonport,p95,195.1
2026-04-22,TAS,Devonport,ulp91,183.7
2026-04-22,TAS,Hobart,diesel,238.9
2026-04-22,TAS,Hobart,p95,195.1
2026-04-22,TAS,Hobart,p98,210.7
2026-04-22,TAS,Hobart,ulp91,183.8
2026-04-22,VIC,Geelong,diesel,235.4
2026-04-22,VIC,Geelong,p95,186.0
2026-04-22,VIC,Geelong,p98,200.2
2026-04-22,VIC,Geelong,ulp91,177.2
2026-04-22,VIC,Melbourne,diesel,235.4
2026-04-22,VIC,Melbourne,e10,178.3
2026-04-22,VIC,Melbourne,p95,186.0
2026-04-22,VIC,Melbourne,p98,200.2
2026-04-22,VIC,Melbourne,ulp91,177.2
2026-04-22,WA,Broome,diesel,268.6
2026-04-22,WA,Broome,p95,244.5
2026-04-22,WA,Broome,ulp91,234.7
2026-04-22,WA,Cocos Island,diesel,279.2
2026-04-22,WA,Cocos Island,p95,400.0
2026-04-22,WA,Dampier,diesel,256.7
2026-04-22,WA,Esperance,diesel,240.2
2026-04-22,WA,King Bay,diesel,256.7
2026-04-22,WA,Perth,diesel,234.5
2026-04-22,WA,Perth,p95,191.2
2026-04-22,WA,Perth,p98,205.2
2026-04-22,WA,Perth,ulp91,178.3
2026-04-22,WA,Port Hedland,diesel,263.9
2026-04-23,NSW,Newcastle,diesel,226.2
2026-04-23,NSW,Sydney,diesel,226.2
2026-04-23,NSW,Sydney,e10,177.6
2026-04-23,NSW,Sydney,p95,186.2
2026-04-23,NSW,Sydney,p98,199.9
2026-04-23,NSW,Sydney,ulp91,177.4
2026-04-23,NT,Darwin,diesel,231.9
2026-04-23,NT,Darwin,p95,192.4
2026-04-23,NT,Darwin,ulp91,181.4
2026-04-23,QLD,Brisbane,b5,231.2
2026-04-23,QLD,Brisbane,diesel,225.1
2026-04-23,QLD,Brisbane,e10,176.6
2026-04-23,QLD,Brisbane,p95,184.3
2026-04-23,QLD,Brisbane,p98,198.1
2026-04-23,QLD,Brisbane,ulp91,175.5
2026-04-23,QLD,Cairns,diesel,230.8
2026-04-23,QLD,Cairns,p95,196.2
2026-04-23,QLD,Cairns,ulp91,182.7
2026-04-23,QLD,Gladstone,diesel,229.3
2026-04-23,QLD,Gladstone,p95,190.2
2026-04-23,QLD,Gladstone,ulp91,183.0
2026-04-23,QLD,Mackay,diesel,229.1
2026-04-23,QLD,Mackay,ulp91,183.4
2026-04-23,QLD,Townsville,diesel,230.8
2026-04-23,QLD,Townsville,p95,192.0
2026-04-23,QLD,Townsville,p98,208.1
2026-04-23,QLD,Townsville,ulp91,182.6
2026-04-23,QLD,Weipa,diesel,242.3
2026-04-23,QLD,Weipa,ulp91,206.8
2026-04-23,SA,Adelaide,diesel,226.8
2026-04-23,SA,Adelaide,e10,178.4
2026-04-23,SA,Adelaide,p95,185.0
2026-04-23,SA,Adelaide,p98,199.9
2026-04-23,SA,Adelaide,ulp91,176.8
2026-04-23,SA,Port Lincoln,diesel,234.8
2026-04-23,SA,Port Lincoln,p98,209.5
2026-04-23,SA,Port Lincoln,ulp91,185.1
2026-04-23,TAS,Devonport,diesel,231.2
2026-04-23,TAS,Devonport,p95,192.6
2026-04-23,TAS,Devonport,ulp91,181.3
2026-04-23,TAS,Hobart,diesel,230.4
2026-04-23,TAS,Hobart,p95,192.7
2026-04-23,TAS,Hobart,p98,208.2
2026-04-23,TAS,Hobart,ulp91,181.4
2026-04-23,VIC,Geelong,diesel,225.7
2026-04-23,VIC,Geelong,p95,183.5
2026-04-23,VIC,Geelong,p98,197.7
2026-04-23,VIC,Geelong,ulp91,174.8
2026-04-23,VIC,Melbourne,diesel,225.7
2026-04-23,VIC,Melbourne,e10,175.8
2026-04-23,VIC,Melbourne,p95,183.5
2026-04-23,VIC,Melbourne,p98,197.7
2026-04-23,VIC,Melbourne,ulp91,174.8
2026-04-23,WA,Broome,diesel,259.0
2026-04-23,WA,Broome,p95,242.9
2026-04-23,WA,Broome,ulp91,233.2
2026-04-23,WA,Cocos Island,diesel,270.4
2026-04-23,WA,Cocos Island,p95,397.7
2026-04-23,WA,Dampier,diesel,246.9
2026-04-23,WA,Esperance,diesel,230.5
2026-04-23,WA,King Bay,diesel,246.9
2026-04-23,WA,Perth,diesel,224.7
2026-04-23,WA,Perth,p95,188.6
2026-04-23,WA,Perth,p98,202.6
2026-04-23,WA,Perth,ulp91,175.8
2026-04-23,WA,Port Hedland,diesel,254.2
2026-04-24,NSW,Newcastle,diesel,221.6
2026-04-24,NSW,Sydney,diesel,221.7
2026-04-24,NSW,Sydney,e10,177.5
2026-04-24,NSW,Sydney,p95,186.2
2026-04-24,NSW,Sydney,p98,199.8
2026-04-24,NSW,Sydney,ulp91,177.3
2026-04-24,NT,Darwin,diesel,227.3
2026-04-24,NT,Darwin,p95,192.3
2026-04-24,NT,Darwin,ulp91,181.3
2026-04-24,QLD,Brisbane,b5,227.0
2026-04-24,QLD,Brisbane,diesel,220.5
2026-04-24,QLD,Brisbane,e10,176.5
2026-04-24,QLD,Brisbane,p95,184.2
2026-04-24,QLD,Brisbane,p98,198.1
2026-04-24,QLD,Brisbane,ulp91,175.4
2026-04-24,QLD,Cairns,diesel,226.3
2026-04-24,QLD,Cairns,p95,196.2
2026-04-24,QLD,Cairns,ulp91,182.7
2026-04-24,QLD,Gladstone,diesel,224.7
2026-04-24,QLD,Gladstone,p95,190.2
2026-04-24,QLD,Gladstone,ulp91,182.9
2026-04-24,QLD,Mackay,diesel,224.6
2026-04-24,QLD,Mackay,ulp91,183.4
2026-04-24,QLD,Townsville,diesel,226.3
2026-04-24,QLD,Townsville,p95,192.0
2026-04-24,QLD,Townsville,p98,208.0
2026-04-24,QLD,Townsville,ulp91,182.6
2026-04-24,QLD,Weipa,diesel,237.9
2026-04-24,QLD,Weipa,ulp91,206.8
2026-04-24,SA,Adelaide,diesel,222.3
2026-04-24,SA,Adelaide,e10,178.4
2026-04-24,SA,Adelaide,p95,185.0
2026-04-24,SA,Adelaide,p98,199.8
2026-04-24,SA,Adelaide,ulp91,176.8
2026-04-24,SA,Port Lincoln,diesel,230.4
2026-04-24,SA,Port Lincoln,p98,209.4
2026-04-24,SA,Port Lincoln,ulp91,185.1
2026-04-24,TAS,Devonport,diesel,227.8
2026-04-24,TAS,Devonport,p95,192.6
2026-04-24,TAS,Devonport,ulp91,181.3
2026-04-24,TAS,Hobart,diesel,227.0
2026-04-24,TAS,Hobart,p95,192.7
2026-04-24,TAS,Hobart,p98,208.2
2026-04-24,TAS,Hobart,ulp91,181.4
2026-04-24,VIC,Geelong,diesel,221.2
2026-04-24,VIC,Geelong,p95,183.4
2026-04-24,VIC,Geelong,p98,197.6
2026-04-24,VIC,Geelong,ulp91,174.7
2026-04-24,VIC,Melbourne,diesel,221.2
2026-04-24,VIC,Melbourne,e10,175.8
2026-04-24,VIC,Melbourne,p95,183.4
2026-04-24,VIC,Melbourne,p98,197.6
2026-04-24,VIC,Melbourne,ulp91,174.7
2026-04-24,WA,Broome,diesel,254.6
2026-04-24,WA,Broome,p95,243.3
2026-04-24,WA,Broome,ulp91,233.6
2026-04-24,WA,Cocos Island,diesel,266.2
2026-04-24,WA,Cocos Island,p95,397.6
2026-04-24,WA,Dampier,diesel,242.4
2026-04-24,WA,Esperance,diesel,226.0
2026-04-24,WA,King Bay,diesel,242.4
2026-04-24,WA,Perth,diesel,220.2
2026-04-24,WA,Perth,p95,188.5
2026-04-24,WA,Perth,p98,202.5
2026-04-24,WA,Perth,ulp91,175.7
2026-04-24,WA,Port Hedland,diesel,249.6
2026-04-25,NSW,Newcastle,diesel,220.4
2026-04-25,NSW,Sydney,diesel,220.5
2026-04-25,NSW,Sydney,e10,178.2
2026-04-25,NSW,Sydney,p95,186.8
2026-04-25,NSW,Sydney,p98,200.4
2026-04-25,NSW,Sydney,ulp91,178.0
2026-04-25,NT,Darwin,diesel,226.0
2026-04-25,NT,Darwin,p95,192.9
2026-04-25,NT,Darwin,ulp91,181.9
2026-04-25,QLD,Brisbane,b5,225.8
2026-04-25,QLD,Brisbane,diesel,219.2
2026-04-25,QLD,Brisbane,e10,177.2
2026-04-25,QLD,Brisbane,p95,184.8
2026-04-25,QLD,Brisbane,p98,198.7
2026-04-25,QLD,Brisbane,ulp91,176.1
2026-04-25,QLD,Cairns,diesel,225.1
2026-04-25,QLD,Cairns,p95,196.8
2026-04-25,QLD,Cairns,ulp91,183.3
2026-04-25,QLD,Gladstone,diesel,223.5
2026-04-25,QLD,Gladstone,p95,190.7
2026-04-25,QLD,Gladstone,ulp91,183.6
2026-04-25,QLD,Mackay,diesel,223.3
2026-04-25,QLD,Mackay,ulp91,184.0
2026-04-25,QLD,Townsville,diesel,225.0
2026-04-25,QLD,Townsville,p95,192.6
2026-04-25,QLD,Townsville,p98,208.6
2026-04-25,QLD,Townsville,ulp91,183.2
2026-04-25,QLD,Weipa,diesel,236.6
2026-04-25,QLD,Weipa,ulp91,207.5
2026-04-25,SA,Adelaide,diesel,221.1
2026-04-25,SA,Adelaide,e10,179.0
2026-04-25,SA,Adelaide,p95,185.6
2026-04-25,SA,Adelaide,p98,200.4
2026-04-25,SA,Adelaide,ulp91,177.4
2026-04-25,SA,Port Lincoln,diesel,229.1
2026-04-25,SA,Port Lincoln,p98,210.0
2026-04-25,SA,Port Lincoln,ulp91,185.8
2026-04-25,TAS,Devonport,diesel,226.6
2026-04-25,TAS,Devonport,p95,193.2
2026-04-25,TAS,Devonport,ulp91,181.9
2026-04-25,TAS,Hobart,diesel,225.8
2026-04-25,TAS,Hobart,p95,193.2
2026-04-25,TAS,Hobart,p98,208.8
2026-04-25,TAS,Hobart,ulp91,182.0
2026-04-25,VIC,Geelong,diesel,219.9
2026-04-25,VIC,Geelong,p95,184.0
2026-04-25,VIC,Geelong,p98,198.2
2026-04-25,VIC,Geelong,ulp91,175.3
2026-04-25,VIC,Melbourne,diesel,219.9
2026-04-25,VIC,Melbourne,e10,176.4
2026-04-25,VIC,Melbourne,p95,184.0
2026-04-25,VIC,Melbourne,p98,198.2
2026-04-25,VIC,Melbourne,ulp91,175.3
2026-04-25,WA,Broome,diesel,253.3
2026-04-25,WA,Broome,p95,244.2
2026-04-25,WA,Broome,ulp91,234.5
2026-04-25,WA,Cocos Island,diesel,265.1
2026-04-25,WA,Cocos Island,p95,398.1
2026-04-25,WA,Dampier,diesel,241.1
2026-04-25,WA,Esperance,diesel,224.7
2026-04-25,WA,King Bay,diesel,241.1
2026-04-25,WA,Perth,diesel,218.9
2026-04-25,WA,Perth,p95,189.1
2026-04-25,WA,Perth,p98,203.1
2026-04-25,WA,Perth,ulp91,176.3
2026-04-25,WA,Port Hedland,diesel,248.3
2026-04-28,NSW,Newcastle,diesel,220.3
2026-04-28,NSW,Sydney,diesel,220.4
2026-04-28,NSW,Sydney,e10,179.9
2026-04-28,NSW,Sydney,p95,188.6
2026-04-28,NSW,Sydney,p98,202.2
2026-04-28,NSW,Sydney,ulp91,179.7
2026-04-28,NT,Darwin,diesel,226.0
2026-04-28,NT,Darwin,p95,194.7
2026-04-28,NT,Darwin,ulp91,183.7
2026-04-28,QLD,Brisbane,b5,225.8
2026-04-28,QLD,Brisbane,diesel,219.2
2026-04-28,QLD,Brisbane,e10,178.9
2026-04-28,QLD,Brisbane,p95,186.6
2026-04-28,QLD,Brisbane,p98,200.5
2026-04-28,QLD,Brisbane,ulp91,177.8
2026-04-28,QLD,Cairns,diesel,225.0
2026-04-28,QLD,Cairns,p95,198.6
2026-04-28,QLD,Cairns,ulp91,185.0
2026-04-28,QLD,Gladstone,diesel,223.4
2026-04-28,QLD,Gladstone,p95,192.6
2026-04-28,QLD,Gladstone,ulp91,185.3
2026-04-28,QLD,Mackay,diesel,223.2
2026-04-28,QLD,Mackay,ulp91,185.7
2026-04-28,QLD,Townsville,diesel,225.0
2026-04-28,QLD,Townsville,p95,194.4
2026-04-28,QLD,Townsville,p98,210.4
2026-04-28,QLD,Townsville,ulp91,184.9
2026-04-28,QLD,Weipa,diesel,236.6
2026-04-28,QLD,Weipa,ulp91,209.2
2026-04-28,SA,Adelaide,diesel,221.0
2026-04-28,SA,Adelaide,e10,180.7
2026-04-28,SA,Adelaide,p95,187.4
2026-04-28,SA,Adelaide,p98,202.2
2026-04-28,SA,Adelaide,ulp91,179.1
2026-04-28,SA,Port Lincoln,diesel,229.0
2026-04-28,SA,Port Lincoln,p98,211.9
2026-04-28,SA,Port Lincoln,ulp91,187.4
2026-04-28,TAS,Devonport,diesel,226.5
2026-04-28,TAS,Devonport,p95,195.0
2026-04-28,TAS,Devonport,ulp91,183.6
2026-04-28,TAS,Hobart,diesel,225.7
2026-04-28,TAS,Hobart,p95,195.1
2026-04-28,TAS,Hobart,p98,210.6
2026-04-28,TAS,Hobart,ulp91,183.7
2026-04-28,VIC,Geelong,diesel,219.9
2026-04-28,VIC,Geelong,p95,185.8
2026-04-28,VIC,Geelong,p98,200.0
2026-04-28,VIC,Geelong,ulp91,177.0
2026-04-28,VIC,Melbourne,diesel,219.9
2026-04-28,VIC,Melbourne,e10,178.1
2026-04-28,VIC,Melbourne,p95,185.8
2026-04-28,VIC,Melbourne,p98,200.0
2026-04-28,VIC,Melbourne,ulp91,177.0
2026-04-28,WA,Broome,diesel,253.2
2026-04-28,WA,Broome,p95,245.9
2026-04-28,WA,Broome,ulp91,236.1
2026-04-28,WA,Cocos Island,diesel,265.0
2026-04-28,WA,Cocos Island,p95,399.8
2026-04-28,WA,Dampier,diesel,241.0
2026-04-28,WA,Esperance,diesel,224.6
2026-04-28,WA,King Bay,diesel,241.0
2026-04-28,WA,Perth,diesel,218.8
2026-04-28,WA,Perth,p95,190.9
2026-04-28,WA,Perth,p98,204.9
2026-04-28,WA,Perth,ulp91,178.0
2026-04-28,WA,Port Hedland,diesel,248.3
2026-04-29,NSW,Newcastle,diesel,220.9
2026-04-29,NSW,Sydney,diesel,221.1
2026-04-29,NSW,Sydney,e10,178.4
2026-04-29,NSW,Sydney,p95,187.2
2026-04-29,NSW,Sydney,p98,200.9
2026-04-29,NSW,Sydney,ulp91,178.3
2026-04-29,NT,Darwin,diesel,226.6
2026-04-29,NT,Darwin,p95,193.4
2026-04-29,NT,Darwin,ulp91,182.2
2026-04-29,QLD,Brisbane,b5,226.4
2026-04-29,QLD,Brisbane,diesel,219.8
2026-04-29,QLD,Brisbane,e10,177.5
2026-04-29,QLD,Brisbane,p95,185.3
2026-04-29,QLD,Brisbane,p98,199.1
2026-04-29,QLD,Brisbane,ulp91,176.4
2026-04-29,QLD,Cairns,diesel,225.7
2026-04-29,QLD,Cairns,p95,197.2
2026-04-29,QLD,Cairns,ulp91,183.6
2026-04-29,QLD,Gladstone,diesel,224.1
2026-04-29,QLD,Gladstone,p95,191.2
2026-04-29,QLD,Gladstone,ulp91,183.8
2026-04-29,QLD,Mackay,diesel,223.9
2026-04-29,QLD,Mackay,ulp91,184.3
2026-04-29,QLD,Townsville,diesel,225.6
2026-04-29,QLD,Townsville,p95,193.1
2026-04-29,QLD,Townsville,p98,209.1
2026-04-29,QLD,Townsville,ulp91,183.5
2026-04-29,QLD,Weipa,diesel,237.2
2026-04-29,QLD,Weipa,ulp91,207.8
2026-04-29,SA,Adelaide,diesel,221.6
2026-04-29,SA,Adelaide,e10,179.3
2026-04-29,SA,Adelaide,p95,186.1
2026-04-29,SA,Adelaide,p98,200.9
2026-04-29,SA,Adelaide,ulp91,177.7
2026-04-29,SA,Port Lincoln,diesel,229.7
2026-04-29,SA,Port Lincoln,p98,210.5
2026-04-29,SA,Port Lincoln,ulp91,186.0
2026-04-29,TAS,Devonport,diesel,227.1
2026-04-29,TAS,Devonport,p95,193.6
2026-04-29,TAS,Devonport,ulp91,182.2
2026-04-29,TAS,Hobart,diesel,226.3
2026-04-29,TAS,Hobart,p95,193.7
2026-04-29,TAS,Hobart,p98,209.2
2026-04-29,TAS,Hobart,ulp91,182.3
2026-04-29,VIC,Geelong,diesel,220.5
2026-04-29,VIC,Geelong,p95,184.5
2026-04-29,VIC,Geelong,p98,198.7
2026-04-29,VIC,Geelong,ulp91,175.6
2026-04-29,VIC,Melbourne,diesel,220.5
2026-04-29,VIC,Melbourne,e10,176.7
2026-04-29,VIC,Melbourne,p95,184.5
2026-04-29,VIC,Melbourne,p98,198.7
2026-04-29,VIC,Melbourne,ulp91,175.6
2026-04-29,WA,Broome,diesel,253.9
2026-04-29,WA,Broome,p95,244.3
2026-04-29,WA,Broome,ulp91,234.5
2026-04-29,WA,Cocos Island,diesel,265.6
2026-04-29,WA,Cocos Island,p95,398.6
2026-04-29,WA,Dampier,diesel,241.7
2026-04-29,WA,Esperance,diesel,225.3
2026-04-29,WA,King Bay,diesel,241.7
2026-04-29,WA,Perth,diesel,219.5
2026-04-29,WA,Perth,p95,189.6
2026-04-29,WA,Perth,p98,203.6
2026-04-29,WA,Perth,ulp91,176.6
2026-04-29,WA,Port Hedland,diesel,248.9
2026-04-30,NSW,Newcastle,diesel,221.3
2026-04-30,NSW,Sydney,diesel,221.4
2026-04-30,NSW,Sydney,e10,180.1
2026-04-30,NSW,Sydney,p95,188.9
2026-04-30,NSW,Sydney,p98,202.5
2026-04-30,NSW,Sydney,ulp91,179.9
2026-04-30,NT,Darwin,diesel,227.1
2026-04-30,NT,Darwin,p95,195.1
2026-04-30,NT,Darwin,ulp91,184.0
2026-04-30,QLD,Brisbane,b5,226.6
2026-04-30,QLD,Brisbane,diesel,220.2
2026-04-30,QLD,Brisbane,e10,179.2
2026-04-30,QLD,Brisbane,p95,186.9
2026-04-30,QLD,Brisbane,p98,200.8
2026-04-30,QLD,Brisbane,ulp91,178.1
2026-04-30,QLD,Cairns,diesel,226.1
2026-04-30,QLD,Cairns,p95,198.9
2026-04-30,QLD,Cairns,ulp91,185.3
2026-04-30,QLD,Gladstone,diesel,224.5
2026-04-30,QLD,Gladstone,p95,192.8
2026-04-30,QLD,Gladstone,ulp91,185.5
2026-04-30,QLD,Mackay,diesel,224.3
2026-04-30,QLD,Mackay,ulp91,186.0
2026-04-30,QLD,Townsville,diesel,226.0
2026-04-30,QLD,Townsville,p95,194.7
2026-04-30,QLD,Townsville,p98,210.8
2026-04-30,QLD,Townsville,ulp91,185.2
2026-04-30,QLD,Weipa,diesel,237.6
2026-04-30,QLD,Weipa,ulp91,209.4
2026-04-30,SA,Adelaide,diesel,222.0
2026-04-30,SA,Adelaide,e10,181.0
2026-04-30,SA,Adelaide,p95,187.7
2026-04-30,SA,Adelaide,p98,202.5
2026-04-30,SA,Adelaide,ulp91,179.4
2026-04-30,SA,Port Lincoln,diesel,230.0
2026-04-30,SA,Port Lincoln,p98,212.2
2026-04-30,SA,Port Lincoln,ulp91,187.7
2026-04-30,TAS,Devonport,diesel,227.5
2026-04-30,TAS,Devonport,p95,195.3
2026-04-30,TAS,Devonport,ulp91,183.9
2026-04-30,TAS,Hobart,diesel,226.7
2026-04-30,TAS,Hobart,p95,195.3
2026-04-30,TAS,Hobart,p98,210.8
2026-04-30,TAS,Hobart,ulp91,184.0
2026-04-30,VIC,Geelong,diesel,220.9
2026-04-30,VIC,Geelong,p95,186.1
2026-04-30,VIC,Geelong,p98,200.3
2026-04-30,VIC,Geelong,ulp91,177.3
2026-04-30,VIC,Melbourne,diesel,220.9
2026-04-30,VIC,Melbourne,e10,178.3
2026-04-30,VIC,Melbourne,p95,186.1
2026-04-30,VIC,Melbourne,p98,200.3
2026-04-30,VIC,Melbourne,ulp91,177.3
2026-04-30,WA,Broome,diesel,254.2
2026-04-30,WA,Broome,p95,245.7
2026-04-30,WA,Broome,ulp91,235.8
2026-04-30,WA,Cocos Island,diesel,266.0
2026-04-30,WA,Cocos Island,p95,400.1
2026-04-30,WA,Dampier,diesel,242.1
2026-04-30,WA,Esperance,diesel,225.7
2026-04-30,WA,King Bay,diesel,242.1
2026-04-30,WA,Perth,diesel,219.9
2026-04-30,WA,Perth,p95,191.3
2026-04-30,WA,Perth,p98,205.3
2026-04-30,WA,Perth,ulp91,178.3
2026-04-30,WA,Port Hedland,diesel,249.3
2026-05-01,NSW,Newcastle,diesel,222.4
2026-05-01,NSW,Sydney,diesel,222.5
2026-05-01,NSW,Sydney,e10,181.0
2026-05-01,NSW,Sydney,p95,189.7
2026-05-01,NSW,Sydney,p98,203.3
2026-05-01,NSW,Sydney,ulp91,180.8
2026-05-01,NT,Darwin,diesel,227.6
2026-05-01,NT,Darwin,p95,195.2
2026-05-01,NT,Darwin,ulp91,184.2
2026-05-01,QLD,Brisbane,b5,227.4
2026-05-01,QLD,Brisbane,diesel,221.2
2026-05-01,QLD,Brisbane,e10,179.9
2026-05-01,QLD,Brisbane,p95,187.7
2026-05-01,QLD,Brisbane,p98,201.5
2026-05-01,QLD,Brisbane,ulp91,178.8
2026-05-01,QLD,Cairns,diesel,226.9
2026-05-01,QLD,Cairns,p95,199.4
2026-05-01,QLD,Cairns,ulp91,185.9
2026-05-01,QLD,Gladstone,diesel,225.3
2026-05-01,QLD,Gladstone,p95,193.4
2026-05-01,QLD,Gladstone,ulp91,186.1
2026-05-01,QLD,Mackay,diesel,225.1
2026-05-01,QLD,Mackay,ulp91,186.6
2026-05-01,QLD,Townsville,diesel,226.6
2026-05-01,QLD,Townsville,p95,195.1
2026-05-01,QLD,Townsville,p98,211.2
2026-05-01,QLD,Townsville,ulp91,185.6
2026-05-01,QLD,Weipa,diesel,238.2
2026-05-01,QLD,Weipa,ulp91,210.0
2026-05-01,SA,Adelaide,diesel,223.2
2026-05-01,SA,Adelaide,e10,182.0
2026-05-01,SA,Adelaide,p95,188.7
2026-05-01,SA,Adelaide,p98,203.5
2026-05-01,SA,Adelaide,ulp91,180.4
2026-05-01,SA,Port Lincoln,diesel,231.4
2026-05-01,SA,Port Lincoln,p98,213.3
2026-05-01,SA,Port Lincoln,ulp91,188.8
2026-05-01,TAS,Devonport,diesel,229.0
2026-05-01,TAS,Devonport,p95,196.6
2026-05-01,TAS,Devonport,ulp91,185.2
2026-05-01,TAS,Hobart,diesel,228.3
2026-05-01,TAS,Hobart,p95,196.7
2026-05-01,TAS,Hobart,p98,212.2
2026-05-01,TAS,Hobart,ulp91,185.3
2026-05-01,VIC,Geelong,diesel,221.6
2026-05-01,VIC,Geelong,p95,186.9
2026-05-01,VIC,Geelong,p98,201.1
2026-05-01,VIC,Geelong,ulp91,178.1
2026-05-01,VIC,Melbourne,diesel,221.6
2026-05-01,VIC,Melbourne,e10,179.1
2026-05-01,VIC,Melbourne,p95,186.9
2026-05-01,VIC,Melbourne,p98,201.1
2026-05-01,VIC,Melbourne,ulp91,178.1
2026-05-01,WA,Broome,diesel,255.0
2026-05-01,WA,Broome,p95,245.9
2026-05-01,WA,Broome,ulp91,236.1
2026-05-01,WA,Cocos Island,diesel,266.5
2026-05-01,WA,Cocos Island,p95,400.2
2026-05-01,WA,Dampier,diesel,242.6
2026-05-01,WA,Esperance,diesel,227.0
2026-05-01,WA,King Bay,diesel,242.6
2026-05-01,WA,Perth,diesel,221.0
2026-05-01,WA,Perth,p95,192.2
2026-05-01,WA,Perth,p98,206.2
2026-05-01,WA,Perth,ulp91,179.3
2026-05-01,WA,Port Hedland,diesel,249.7
2026-05-02,NSW,Newcastle,diesel,222.9
2026-05-02,NSW,Sydney,diesel,222.9
2026-05-02,NSW,Sydney,e10,182.0
2026-05-02,NSW,Sydney,p95,190.7
2026-05-02,NSW,Sydney,p98,204.3
2026-05-02,NSW,Sydney,ulp91,181.8
2026-05-02,NT,Darwin,diesel,228.0
2026-05-02,NT,Darwin,p95,196.2
2026-05-02,NT,Darwin,ulp91,185.2
2026-05-02,QLD,Brisbane,b5,227.8
2026-05-02,QLD,Brisbane,diesel,221.6
2026-05-02,QLD,Brisbane,e10,180.9
2026-05-02,QLD,Brisbane,p95,188.6
2026-05-02,QLD,Brisbane,p98,202.5
2026-05-02,QLD,Brisbane,ulp91,179.8
2026-05-02,QLD,Cairns,diesel,227.3
2026-05-02,QLD,Cairns,p95,200.4
2026-05-02,QLD,Cairns,ulp91,186.9
2026-05-02,QLD,Gladstone,diesel,225.7
2026-05-02,QLD,Gladstone,p95,194.3
2026-05-02,QLD,Gladstone,ulp91,187.0
2026-05-02,QLD,Mackay,diesel,225.6
2026-05-02,QLD,Mackay,ulp91,187.5
2026-05-02,QLD,Townsville,diesel,227.1
2026-05-02,QLD,Townsville,p95,196.1
2026-05-02,QLD,Townsville,p98,212.1
2026-05-02,QLD,Townsville,ulp91,186.6
2026-05-02,QLD,Weipa,diesel,238.7
2026-05-02,QLD,Weipa,ulp91,211.0
2026-05-02,SA,Adelaide,diesel,223.6
2026-05-02,SA,Adelaide,e10,183.0
2026-05-02,SA,Adelaide,p95,189.6
2026-05-02,SA,Adelaide,p98,204.5
2026-05-02,SA,Adelaide,ulp91,181.4
2026-05-02,SA,Port Lincoln,diesel,231.9
2026-05-02,SA,Port Lincoln,p98,214.3
2026-05-02,SA,Port Lincoln,ulp91,189.8
2026-05-02,TAS,Devonport,diesel,229.5
2026-05-02,TAS,Devonport,p95,197.6
2026-05-02,TAS,Devonport,ulp91,186.2
2026-05-02,TAS,Hobart,diesel,228.7
2026-05-02,TAS,Hobart,p95,197.7
2026-05-02,TAS,Hobart,p98,213.2
2026-05-02,TAS,Hobart,ulp91,186.3
2026-05-02,VIC,Geelong,diesel,222.0
2026-05-02,VIC,Geelong,p95,187.8
2026-05-02,VIC,Geelong,p98,202.0
2026-05-02,VIC,Geelong,ulp91,179.1
2026-05-02,VIC,Melbourne,diesel,222.0
2026-05-02,VIC,Melbourne,e10,180.1
2026-05-02,VIC,Melbourne,p95,187.8
2026-05-02,VIC,Melbourne,p98,202.0
2026-05-02,VIC,Melbourne,ulp91,179.1
2026-05-02,WA,Broome,diesel,255.4
2026-05-02,WA,Broome,p95,246.7
2026-05-02,WA,Broome,ulp91,236.9
2026-05-02,WA,Cocos Island,diesel,266.9
2026-05-02,WA,Cocos Island,p95,401.1
2026-05-02,WA,Dampier,diesel,243.0
2026-05-02,WA,Esperance,diesel,227.5
2026-05-02,WA,King Bay,diesel,243.0
2026-05-02,WA,Perth,diesel,221.4
2026-05-02,WA,Perth,p95,193.2
2026-05-02,WA,Perth,p98,207.2
2026-05-02,WA,Perth,ulp91,180.3
2026-05-02,WA,Port Hedland,diesel,250.2
2026-05-05,NSW,Newcastle,diesel,224.5
2026-05-05,NSW,Sydney,diesel,224.5
2026-05-05,NSW,Sydney,e10,183.5
2026-05-05,NSW,Sydney,p95,192.1
2026-05-05,NSW,Sydney,p98,205.8
2026-05-05,NSW,Sydney,ulp91,183.3
2026-05-05,NT,Darwin,diesel,229.7
2026-05-05,NT,Darwin,p95,197.7
2026-05-05,NT,Darwin,ulp91,186.7
2026-05-05,QLD,Brisbane,b5,229.3
2026-05-05,QLD,Brisbane,diesel,223.2
2026-05-05,QLD,Brisbane,e10,182.4
2026-05-05,QLD,Brisbane,p95,190.1
2026-05-05,QLD,Brisbane,p98,204.0
2026-05-05,QLD,Brisbane,ulp91,181.3
2026-05-05,QLD,Cairns,diesel,228.9
2026-05-05,QLD,Cairns,p95,201.9
2026-05-05,QLD,Cairns,ulp91,188.4
2026-05-05,QLD,Gladstone,diesel,227.3
2026-05-05,QLD,Gladstone,p95,195.8
2026-05-05,QLD,Gladstone,ulp91,188.6
2026-05-05,QLD,Mackay,diesel,227.2
2026-05-05,QLD,Mackay,ulp91,189.1
2026-05-05,QLD,Townsville,diesel,228.7
2026-05-05,QLD,Townsville,p95,197.5
2026-05-05,QLD,Townsville,p98,213.6
2026-05-05,QLD,Townsville,ulp91,188.1
2026-05-05,QLD,Weipa,diesel,240.2
2026-05-05,QLD,Weipa,ulp91,212.4
2026-05-05,SA,Adelaide,diesel,225.2
2026-05-05,SA,Adelaide,e10,184.5
2026-05-05,SA,Adelaide,p95,191.1
2026-05-05,SA,Adelaide,p98,205.9
2026-05-05,SA,Adelaide,ulp91,182.9
2026-05-05,SA,Port Lincoln,diesel,233.4
2026-05-05,SA,Port Lincoln,p98,215.7
2026-05-05,SA,Port Lincoln,ulp91,191.3
2026-05-05,TAS,Devonport,diesel,231.1
2026-05-05,TAS,Devonport,p95,199.1
2026-05-05,TAS,Devonport,ulp91,187.7
2026-05-05,TAS,Hobart,diesel,230.3
2026-05-05,TAS,Hobart,p95,199.1
2026-05-05,TAS,Hobart,p98,214.6
2026-05-05,TAS,Hobart,ulp91,187.8
2026-05-05,VIC,Geelong,diesel,223.6
2026-05-05,VIC,Geelong,p95,189.3
2026-05-05,VIC,Geelong,p98,203.5
2026-05-05,VIC,Geelong,ulp91,180.6
2026-05-05,VIC,Melbourne,diesel,223.6
2026-05-05,VIC,Melbourne,e10,181.6
2026-05-05,VIC,Melbourne,p95,189.3
2026-05-05,VIC,Melbourne,p98,203.5
2026-05-05,VIC,Melbourne,ulp91,180.6
2026-05-05,WA,Broome,diesel,257.0
2026-05-05,WA,Broome,p95,248.0
2026-05-05,WA,Broome,ulp91,238.3
2026-05-05,WA,Cocos Island,diesel,268.4
2026-05-05,WA,Cocos Island,p95,402.5
2026-05-05,WA,Dampier,diesel,244.6
2026-05-05,WA,Esperance,diesel,229.1
2026-05-05,WA,King Bay,diesel,244.6
2026-05-05,WA,Perth,diesel,223.0
2026-05-05,WA,Perth,p95,194.6
2026-05-05,WA,Perth,p98,208.7
2026-05-05,WA,Perth,ulp91,181.8
2026-05-05,WA,Port Hedland,diesel,251.8
2026-05-06,NSW,Newcastle,diesel,223.1
2026-05-06,NSW,Sydney,diesel,223.1
2026-05-06,NSW,Sydney,e10,182.1
2026-05-06,NSW,Sydney,p95,190.6
2026-05-06,NSW,Sydney,p98,204.3
2026-05-06,NSW,Sydney,ulp91,181.9
2026-05-06,NT,Darwin,diesel,228.2
2026-05-06,NT,Darwin,p95,196.2
2026-05-06,NT,Darwin,ulp91,185.4
2026-05-06,QLD,Brisbane,b5,228.0
2026-05-06,QLD,Brisbane,diesel,221.8
2026-05-06,QLD,Brisbane,e10,181.1
2026-05-06,QLD,Brisbane,p95,188.6
2026-05-06,QLD,Brisbane,p98,202.5
2026-05-06,QLD,Brisbane,ulp91,180.0
2026-05-06,QLD,Cairns,diesel,227.5
2026-05-06,QLD,Cairns,p95,200.4
2026-05-06,QLD,Cairns,ulp91,187.0
2026-05-06,QLD,Gladstone,diesel,225.9
2026-05-06,QLD,Gladstone,p95,194.3
2026-05-06,QLD,Gladstone,ulp91,187.2
2026-05-06,QLD,Mackay,diesel,225.8
2026-05-06,QLD,Mackay,ulp91,187.7
2026-05-06,QLD,Townsville,diesel,227.3
2026-05-06,QLD,Townsville,p95,196.0
2026-05-06,QLD,Townsville,p98,212.1
2026-05-06,QLD,Townsville,ulp91,186.8
2026-05-06,QLD,Weipa,diesel,238.8
2026-05-06,QLD,Weipa,ulp91,211.1
2026-05-06,SA,Adelaide,diesel,223.8
2026-05-06,SA,Adelaide,e10,183.2
2026-05-06,SA,Adelaide,p95,189.6
2026-05-06,SA,Adelaide,p98,204.4
2026-05-06,SA,Adelaide,ulp91,181.5
2026-05-06,SA,Port Lincoln,diesel,232.0
2026-05-06,SA,Port Lincoln,p98,214.2
2026-05-06,SA,Port Lincoln,ulp91,189.9
2026-05-06,TAS,Devonport,diesel,229.6
2026-05-06,TAS,Devonport,p95,197.6
2026-05-06,TAS,Devonport,ulp91,186.4
2026-05-06,TAS,Hobart,diesel,228.9
2026-05-06,TAS,Hobart,p95,197.6
2026-05-06,TAS,Hobart,p98,213.1
2026-05-06,TAS,Hobart,ulp91,186.5
2026-05-06,VIC,Geelong,diesel,222.2
2026-05-06,VIC,Geelong,p95,187.8
2026-05-06,VIC,Geelong,p98,202.0
2026-05-06,VIC,Geelong,ulp91,179.2
2026-05-06,VIC,Melbourne,diesel,222.2
2026-05-06,VIC,Melbourne,e10,180.3
2026-05-06,VIC,Melbourne,p95,187.8
2026-05-06,VIC,Melbourne,p98,202.0
2026-05-06,VIC,Melbourne,ulp91,179.2
2026-05-06,WA,Broome,diesel,255.6
2026-05-06,WA,Broome,p95,246.3
2026-05-06,WA,Broome,ulp91,236.7
2026-05-06,WA,Cocos Island,diesel,267.1
2026-05-06,WA,Cocos Island,p95,401.1
2026-05-06,WA,Dampier,diesel,243.2
2026-05-06,WA,Esperance,diesel,227.7
2026-05-06,WA,King Bay,diesel,243.2
2026-05-06,WA,Perth,diesel,221.6
2026-05-06,WA,Perth,p95,193.2
2026-05-06,WA,Perth,p98,207.2
2026-05-06,WA,Perth,ulp91,180.5
2026-05-06,WA,Port Hedland,diesel,250.4
2026-05-07,NSW,Newcastle,diesel,217.9
2026-05-07,NSW,Sydney,diesel,217.9
2026-05-07,NSW,Sydney,e10,181.8
2026-05-07,NSW,Sydney,p95,190.2
2026-05-07,NSW,Sydney,p98,203.8
2026-05-07,NSW,Sydney,ulp91,181.6
2026-05-07,NT,Darwin,diesel,223.1
2026-05-07,NT,Darwin,p95,195.8
2026-05-07,NT,Darwin,ulp91,185.1
2026-05-07,QLD,Brisbane,b5,223.2
2026-05-07,QLD,Brisbane,diesel,216.6
2026-05-07,QLD,Brisbane,e10,180.8
2026-05-07,QLD,Brisbane,p95,188.2
2026-05-07,QLD,Brisbane,p98,202.1
2026-05-07,QLD,Brisbane,ulp91,179.7
2026-05-07,QLD,Cairns,diesel,222.3
2026-05-07,QLD,Cairns,p95,199.9
2026-05-07,QLD,Cairns,ulp91,186.7
2026-05-07,QLD,Gladstone,diesel,220.7
2026-05-07,QLD,Gladstone,p95,193.8
2026-05-07,QLD,Gladstone,ulp91,186.9
2026-05-07,QLD,Mackay,diesel,220.6
2026-05-07,QLD,Mackay,ulp91,187.4
2026-05-07,QLD,Townsville,diesel,222.1
2026-05-07,QLD,Townsville,p95,195.6
2026-05-07,QLD,Townsville,p98,211.6
2026-05-07,QLD,Townsville,ulp91,186.5
2026-05-07,QLD,Weipa,diesel,233.6
2026-05-07,QLD,Weipa,ulp91,210.8
2026-05-07,SA,Adelaide,diesel,218.6
2026-05-07,SA,Adelaide,e10,182.9
2026-05-07,SA,Adelaide,p95,189.2
2026-05-07,SA,Adelaide,p98,204.0
2026-05-07,SA,Adelaide,ulp91,181.2
2026-05-07,SA,Port Lincoln,diesel,226.8
2026-05-07,SA,Port Lincoln,p98,213.8
2026-05-07,SA,Port Lincoln,ulp91,189.6
2026-05-07,TAS,Devonport,diesel,224.4
2026-05-07,TAS,Devonport,p95,197.1
2026-05-07,TAS,Devonport,ulp91,186.1
2026-05-07,TAS,Hobart,diesel,223.7
2026-05-07,TAS,Hobart,p95,197.2
2026-05-07,TAS,Hobart,p98,212.7
2026-05-07,TAS,Hobart,ulp91,186.2
2026-05-07,VIC,Geelong,diesel,217.0
2026-05-07,VIC,Geelong,p95,187.4
2026-05-07,VIC,Geelong,p98,201.6
2026-05-07,VIC,Geelong,ulp91,178.9
2026-05-07,VIC,Melbourne,diesel,217.0
2026-05-07,VIC,Melbourne,e10,180.0
2026-05-07,VIC,Melbourne,p95,187.4
2026-05-07,VIC,Melbourne,p98,201.6
2026-05-07,VIC,Melbourne,ulp91,178.9
2026-05-07,WA,Broome,diesel,250.3
2026-05-07,WA,Broome,p95,245.7
2026-05-07,WA,Broome,ulp91,236.2
2026-05-07,WA,Cocos Island,diesel,262.4
2026-05-07,WA,Cocos Island,p95,400.8
2026-05-07,WA,Dampier,diesel,238.1
2026-05-07,WA,Esperance,diesel,222.5
2026-05-07,WA,King Bay,diesel,238.1
2026-05-07,WA,Perth,diesel,216.4
2026-05-07,WA,Perth,p95,192.8
2026-05-07,WA,Perth,p98,206.8
2026-05-07,WA,Perth,ulp91,180.2
2026-05-07,WA,Port Hedland,diesel,245.2
2026-05-08,NSW,Newcastle,diesel,216.7
2026-05-08,NSW,Sydney,diesel,216.7
2026-05-08,NSW,Sydney,e10,182.0
2026-05-08,NSW,Sydney,p95,190.2
2026-05-08,NSW,Sydney,p98,203.8
2026-05-08,NSW,Sydney,ulp91,181.7
2026-05-08,NT,Darwin,diesel,221.9
2026-05-08,NT,Darwin,p95,195.9
2026-05-08,NT,Darwin,ulp91,185.2
2026-05-08,QLD,Brisbane,b5,222.2
2026-05-08,QLD,Brisbane,diesel,215.4
2026-05-08,QLD,Brisbane,e10,181.0
2026-05-08,QLD,Brisbane,p95,188.2
2026-05-08,QLD,Brisbane,p98,202.1
2026-05-08,QLD,Brisbane,ulp91,179.8
2026-05-08,QLD,Cairns,diesel,221.1
2026-05-08,QLD,Cairns,p95,199.9
2026-05-08,QLD,Cairns,ulp91,186.9
2026-05-08,QLD,Gladstone,diesel,219.5
2026-05-08,QLD,Gladstone,p95,193.8
2026-05-08,QLD,Gladstone,ulp91,187.0
2026-05-08,QLD,Mackay,diesel,219.4
2026-05-08,QLD,Mackay,ulp91,187.5
2026-05-08,QLD,Townsville,diesel,220.9
2026-05-08,QLD,Townsville,p95,195.6
2026-05-08,QLD,Townsville,p98,211.6
2026-05-08,QLD,Townsville,ulp91,186.6
2026-05-08,QLD,Weipa,diesel,232.3
2026-05-08,QLD,Weipa,ulp91,210.9
2026-05-08,SA,Adelaide,diesel,217.4
2026-05-08,SA,Adelaide,e10,183.0
2026-05-08,SA,Adelaide,p95,189.2
2026-05-08,SA,Adelaide,p98,204.0
2026-05-08,SA,Adelaide,ulp91,181.4
2026-05-08,SA,Port Lincoln,diesel,225.6
2026-05-08,SA,Port Lincoln,p98,213.8
2026-05-08,SA,Port Lincoln,ulp91,189.7
2026-05-08,TAS,Devonport,diesel,223.2
2026-05-08,TAS,Devonport,p95,197.1
2026-05-08,TAS,Devonport,ulp91,186.2
2026-05-08,TAS,Hobart,diesel,222.5
2026-05-08,TAS,Hobart,p95,197.2
2026-05-08,TAS,Hobart,p98,212.7
2026-05-08,TAS,Hobart,ulp91,186.3
2026-05-08,VIC,Geelong,diesel,215.8
2026-05-08,VIC,Geelong,p95,187.4
2026-05-08,VIC,Geelong,p98,201.6
2026-05-08,VIC,Geelong,ulp91,179.1
2026-05-08,VIC,Melbourne,diesel,215.8
2026-05-08,VIC,Melbourne,e10,180.2
2026-05-08,VIC,Melbourne,p95,187.4
2026-05-08,VIC,Melbourne,p98,201.6
2026-05-08,VIC,Melbourne,ulp91,179.1
2026-05-08,WA,Broome,diesel,249.1
2026-05-08,WA,Broome,p95,245.4
2026-05-08,WA,Broome,ulp91,236.1
2026-05-08,WA,Cocos Island,diesel,261.4
2026-05-08,WA,Cocos Island,p95,400.8
2026-05-08,WA,Dampier,diesel,236.9
2026-05-08,WA,Esperance,diesel,221.3
2026-05-08,WA,King Bay,diesel,236.9
2026-05-08,WA,Perth,diesel,215.3
2026-05-08,WA,Perth,p95,192.8
2026-05-08,WA,Perth,p98,206.8
2026-05-08,WA,Perth,ulp91,180.3
2026-05-08,WA,Port Hedland,diesel,244.1
2026-05-09,NSW,Newcastle,diesel,210.0
2026-05-09,NSW,Sydney,diesel,210.0
2026-05-09,NSW,Sydney,e10,178.3
2026-05-09,NSW,Sydney,p95,186.4
2026-05-09,NSW,Sydney,p98,200.0
2026-05-09,NSW,Sydney,ulp91,178.1
2026-05-09,NT,Darwin,diesel,215.2
2026-05-09,NT,Darwin,p95,192.1
2026-05-09,NT,Darwin,ulp91,181.6
2026-05-09,QLD,Brisbane,b5,215.8
2026-05-09,QLD,Brisbane,diesel,208.7
2026-05-09,QLD,Brisbane,e10,177.3
2026-05-09,QLD,Brisbane,p95,184.4
2026-05-09,QLD,Brisbane,p98,198.3
2026-05-09,QLD,Brisbane,ulp91,176.2
2026-05-09,QLD,Cairns,diesel,214.4
2026-05-09,QLD,Cairns,p95,196.1
2026-05-09,QLD,Cairns,ulp91,183.2
2026-05-09,QLD,Gladstone,diesel,212.8
2026-05-09,QLD,Gladstone,p95,190.1
2026-05-09,QLD,Gladstone,ulp91,183.4
2026-05-09,QLD,Mackay,diesel,212.7
2026-05-09,QLD,Mackay,ulp91,183.8
2026-05-09,QLD,Townsville,diesel,214.2
2026-05-09,QLD,Townsville,p95,191.8
2026-05-09,QLD,Townsville,p98,207.8
2026-05-09,QLD,Townsville,ulp91,183.0
2026-05-09,QLD,Weipa,diesel,225.6
2026-05-09,QLD,Weipa,ulp91,207.2
2026-05-09,SA,Adelaide,diesel,210.6
2026-05-09,SA,Adelaide,e10,179.4
2026-05-09,SA,Adelaide,p95,185.4
2026-05-09,SA,Adelaide,p98,200.2
2026-05-09,SA,Adelaide,ulp91,177.7
2026-05-09,SA,Port Lincoln,diesel,218.9
2026-05-09,SA,Port Lincoln,p98,210.0
2026-05-09,SA,Port Lincoln,ulp91,186.0
2026-05-09,TAS,Devonport,diesel,216.5
2026-05-09,TAS,Devonport,p95,193.3
2026-05-09,TAS,Devonport,ulp91,182.5
2026-05-09,TAS,Hobart,diesel,215.7
2026-05-09,TAS,Hobart,p95,193.4
2026-05-09,TAS,Hobart,p98,208.9
2026-05-09,TAS,Hobart,ulp91,182.6
2026-05-09,VIC,Geelong,diesel,209.1
2026-05-09,VIC,Geelong,p95,183.6
2026-05-09,VIC,Geelong,p98,197.8
2026-05-09,VIC,Geelong,ulp91,175.4
2026-05-09,VIC,Melbourne,diesel,209.1
2026-05-09,VIC,Melbourne,e10,176.5
2026-05-09,VIC,Melbourne,p95,183.6
2026-05-09,VIC,Melbourne,p98,197.8
2026-05-09,VIC,Melbourne,ulp91,175.4
2026-05-09,WA,Broome,diesel,242.3
2026-05-09,WA,Broome,p95,241.1
2026-05-09,WA,Broome,ulp91,231.9
2026-05-09,WA,Cocos Island,diesel,255.3
2026-05-09,WA,Cocos Island,p95,397.4
2026-05-09,WA,Dampier,diesel,230.2
2026-05-09,WA,Esperance,diesel,214.6
2026-05-09,WA,King Bay,diesel,230.2
2026-05-09,WA,Perth,diesel,208.6
2026-05-09,WA,Perth,p95,189.0
2026-05-09,WA,Perth,p98,203.0
2026-05-09,WA,Perth,ulp91,176.7
2026-05-09,WA,Port Hedland,diesel,237.3
2026-05-12,NSW,Newcastle,diesel,203.6
2026-05-12,NSW,Sydney,diesel,203.6
2026-05-12,NSW,Sydney,e10,175.8
2026-05-12,NSW,Sydney,p95,183.8
2026-05-12,NSW,Sydney,p98,197.4
2026-05-12,NSW,Sydney,ulp91,175.6
2026-05-12,NT,Darwin,diesel,208.9
2026-05-12,NT,Darwin,p95,189.5
2026-05-12,NT,Darwin,ulp91,179.1
2026-05-12,QLD,Brisbane,b5,209.9
2026-05-12,QLD,Brisbane,diesel,202.3
2026-05-12,QLD,Brisbane,e10,174.8
2026-05-12,QLD,Brisbane,p95,181.8
2026-05-12,QLD,Brisbane,p98,195.6
2026-05-12,QLD,Brisbane,ulp91,173.7
2026-05-12,QLD,Cairns,diesel,208.0
2026-05-12,QLD,Cairns,p95,193.5
2026-05-12,QLD,Cairns,ulp91,180.7
2026-05-12,QLD,Gladstone,diesel,206.4
2026-05-12,QLD,Gladstone,p95,187.4
2026-05-12,QLD,Gladstone,ulp91,180.8
2026-05-12,QLD,Mackay,diesel,206.3
2026-05-12,QLD,Mackay,ulp91,181.3
2026-05-12,QLD,Townsville,diesel,207.8
2026-05-12,QLD,Townsville,p95,189.1
2026-05-12,QLD,Townsville,p98,205.1
2026-05-12,QLD,Townsville,ulp91,180.4
2026-05-12,QLD,Weipa,diesel,219.1
2026-05-12,QLD,Weipa,ulp91,204.6
2026-05-12,SA,Adelaide,diesel,204.3
2026-05-12,SA,Adelaide,e10,176.8
2026-05-12,SA,Adelaide,p95,182.7
2026-05-12,SA,Adelaide,p98,197.5
2026-05-12,SA,Adelaide,ulp91,175.2
2026-05-12,SA,Port Lincoln,diesel,212.4
2026-05-12,SA,Port Lincoln,p98,207.3
2026-05-12,SA,Port Lincoln,ulp91,183.5
2026-05-12,TAS,Devonport,diesel,210.1
2026-05-12,TAS,Devonport,p95,190.7
2026-05-12,TAS,Devonport,ulp91,180.0
2026-05-12,TAS,Hobart,diesel,209.3
2026-05-12,TAS,Hobart,p95,190.7
2026-05-12,TAS,Hobart,p98,206.2
2026-05-12,TAS,Hobart,ulp91,180.1
2026-05-12,VIC,Geelong,diesel,202.8
2026-05-12,VIC,Geelong,p95,181.0
2026-05-12,VIC,Geelong,p98,195.1
2026-05-12,VIC,Geelong,ulp91,172.9
2026-05-12,VIC,Melbourne,diesel,202.8
2026-05-12,VIC,Melbourne,e10,174.0
2026-05-12,VIC,Melbourne,p95,181.0
2026-05-12,VIC,Melbourne,p98,195.1
2026-05-12,VIC,Melbourne,ulp91,172.9
2026-05-12,WA,Broome,diesel,235.9
2026-05-12,WA,Broome,p95,238.0
2026-05-12,WA,Broome,ulp91,228.9
2026-05-12,WA,Cocos Island,diesel,249.5
2026-05-12,WA,Cocos Island,p95,395.0
2026-05-12,WA,Dampier,diesel,223.9
2026-05-12,WA,Esperance,diesel,208.3
2026-05-12,WA,King Bay,diesel,223.9
2026-05-12,WA,Perth,diesel,202.2
2026-05-12,WA,Perth,p95,186.4
2026-05-12,WA,Perth,p98,200.4
2026-05-12,WA,Perth,ulp91,174.2
2026-05-12,WA,Port Hedland,diesel,231.0
2026-05-13,NSW,Newcastle,diesel,200.7
2026-05-13,NSW,Sydney,diesel,200.8
2026-05-13,NSW,Sydney,e10,173.2
2026-05-13,NSW,Sydney,p95,181.1
2026-05-13,NSW,Sydney,p98,194.7
2026-05-13,NSW,Sydney,ulp91,172.9
2026-05-13,NT,Darwin,diesel,206.1
2026-05-13,NT,Darwin,p95,186.8
2026-05-13,NT,Darwin,ulp91,176.5
2026-05-13,QLD,Brisbane,b5,207.3
2026-05-13,QLD,Brisbane,diesel,199.4
2026-05-13,QLD,Brisbane,e10,172.2
2026-05-13,QLD,Brisbane,p95,179.1
2026-05-13,QLD,Brisbane,p98,192.9
2026-05-13,QLD,Brisbane,ulp91,171.0
2026-05-13,QLD,Cairns,diesel,205.2
2026-05-13,QLD,Cairns,p95,190.7
2026-05-13,QLD,Cairns,ulp91,178.0
2026-05-13,QLD,Gladstone,diesel,203.5
2026-05-13,QLD,Gladstone,p95,184.7
2026-05-13,QLD,Gladstone,ulp91,178.1
2026-05-13,QLD,Mackay,diesel,203.4
2026-05-13,QLD,Mackay,ulp91,178.6
2026-05-13,QLD,Townsville,diesel,204.9
2026-05-13,QLD,Townsville,p95,186.4
2026-05-13,QLD,Townsville,p98,202.4
2026-05-13,QLD,Townsville,ulp91,177.8
2026-05-13,QLD,Weipa,diesel,216.2
2026-05-13,QLD,Weipa,ulp91,201.9
2026-05-13,SA,Adelaide,diesel,201.4
2026-05-13,SA,Adelaide,e10,174.2
2026-05-13,SA,Adelaide,p95,180.0
2026-05-13,SA,Adelaide,p98,194.8
2026-05-13,SA,Adelaide,ulp91,172.5
2026-05-13,SA,Port Lincoln,diesel,209.5
2026-05-13,SA,Port Lincoln,p98,204.6
2026-05-13,SA,Port Lincoln,ulp91,180.8
2026-05-13,TAS,Devonport,diesel,207.2
2026-05-13,TAS,Devonport,p95,187.9
2026-05-13,TAS,Devonport,ulp91,177.3
2026-05-13,TAS,Hobart,diesel,206.4
2026-05-13,TAS,Hobart,p95,188.0
2026-05-13,TAS,Hobart,p98,203.4
2026-05-13,TAS,Hobart,ulp91,177.4
2026-05-13,VIC,Geelong,diesel,199.9
2026-05-13,VIC,Geelong,p95,178.3
2026-05-13,VIC,Geelong,p98,192.4
2026-05-13,VIC,Geelong,ulp91,170.2
2026-05-13,VIC,Melbourne,diesel,199.9
2026-05-13,VIC,Melbourne,e10,171.4
2026-05-13,VIC,Melbourne,p95,178.3
2026-05-13,VIC,Melbourne,p98,192.4
2026-05-13,VIC,Melbourne,ulp91,170.2
2026-05-13,WA,Broome,diesel,232.9
2026-05-13,WA,Broome,p95,234.8
2026-05-13,WA,Broome,ulp91,225.8
2026-05-13,WA,Cocos Island,diesel,246.9
2026-05-13,WA,Cocos Island,p95,392.6
2026-05-13,WA,Dampier,diesel,221.1
2026-05-13,WA,Esperance,diesel,205.5
2026-05-13,WA,King Bay,diesel,221.1
2026-05-13,WA,Perth,diesel,199.4
2026-05-13,WA,Perth,p95,183.8
2026-05-13,WA,Perth,p98,197.7
2026-05-13,WA,Perth,ulp91,171.6
2026-05-13,WA,Port Hedland,diesel,228.1
2026-05-14,NSW,Newcastle,diesel,199.5
2026-05-14,NSW,Sydney,diesel,199.5
2026-05-14,NSW,Sydney,e10,172.3
2026-05-14,NSW,Sydney,p95,180.2
2026-05-14,NSW,Sydney,p98,193.8
2026-05-14,NSW,Sydney,ulp91,172.1
2026-05-14,NT,Darwin,diesel,204.8
2026-05-14,NT,Darwin,p95,186.0
2026-05-14,NT,Darwin,ulp91,175.7
2026-05-14,QLD,Brisbane,b5,206.1
2026-05-14,QLD,Brisbane,diesel,198.2
2026-05-14,QLD,Brisbane,e10,171.4
2026-05-14,QLD,Brisbane,p95,178.3
2026-05-14,QLD,Brisbane,p98,192.1
2026-05-14,QLD,Brisbane,ulp91,170.2
2026-05-14,QLD,Cairns,diesel,203.9
2026-05-14,QLD,Cairns,p95,189.9
2026-05-14,QLD,Cairns,ulp91,177.2
2026-05-14,QLD,Gladstone,diesel,202.3
2026-05-14,QLD,Gladstone,p95,183.8
2026-05-14,QLD,Gladstone,ulp91,177.3
2026-05-14,QLD,Mackay,diesel,202.2
2026-05-14,QLD,Mackay,ulp91,177.8
2026-05-14,QLD,Townsville,diesel,203.7
2026-05-14,QLD,Townsville,p95,185.6
2026-05-14,QLD,Townsville,p98,201.6
2026-05-14,QLD,Townsville,ulp91,177.0
2026-05-14,QLD,Weipa,diesel,214.9
2026-05-14,QLD,Weipa,ulp91,201.0
2026-05-14,SA,Adelaide,diesel,200.1
2026-05-14,SA,Adelaide,e10,173.4
2026-05-14,SA,Adelaide,p95,179.2
2026-05-14,SA,Adelaide,p98,194.0
2026-05-14,SA,Adelaide,ulp91,171.7
2026-05-14,SA,Port Lincoln,diesel,208.3
2026-05-14,SA,Port Lincoln,p98,203.8
2026-05-14,SA,Port Lincoln,ulp91,179.9
2026-05-14,TAS,Devonport,diesel,205.9
2026-05-14,TAS,Devonport,p95,187.1
2026-05-14,TAS,Devonport,ulp91,176.5
2026-05-14,TAS,Hobart,diesel,205.2
2026-05-14,TAS,Hobart,p95,187.2
2026-05-14,TAS,Hobart,p98,202.6
2026-05-14,TAS,Hobart,ulp91,176.6
2026-05-14,VIC,Geelong,diesel,198.7
2026-05-14,VIC,Geelong,p95,177.5
2026-05-14,VIC,Geelong,p98,191.6
2026-05-14,VIC,Geelong,ulp91,169.4
2026-05-14,VIC,Melbourne,diesel,198.7
2026-05-14,VIC,Melbourne,e10,170.6
2026-05-14,VIC,Melbourne,p95,177.5
2026-05-14,VIC,Melbourne,p98,191.6
2026-05-14,VIC,Melbourne,ulp91,169.4
2026-05-14,WA,Broome,diesel,231.6
2026-05-14,WA,Broome,p95,233.6
2026-05-14,WA,Broome,ulp91,224.5
2026-05-14,WA,Cocos Island,diesel,245.8
2026-05-14,WA,Cocos Island,p95,391.9
2026-05-14,WA,Dampier,diesel,219.8
2026-05-14,WA,Esperance,diesel,204.2
2026-05-14,WA,King Bay,diesel,219.8
2026-05-14,WA,Perth,diesel,198.2
2026-05-14,WA,Perth,p95,183.0
2026-05-14,WA,Perth,p98,196.9
2026-05-14,WA,Perth,ulp91,170.8
2026-05-14,WA,Port Hedland,diesel,226.9
2026-05-15,NSW,Newcastle,diesel,197.3
2026-05-15,NSW,Sydney,diesel,197.3
2026-05-15,NSW,Sydney,e10,170.3
2026-05-15,NSW,Sydney,p95,178.2
2026-05-15,NSW,Sydney,p98,191.8
2026-05-15,NSW,Sydney,ulp91,170.0
2026-05-15,NT,Darwin,diesel,202.7
2026-05-15,NT,Darwin,p95,184.0
2026-05-15,NT,Darwin,ulp91,173.7
2026-05-15,QLD,Brisbane,b5,203.9
2026-05-15,QLD,Brisbane,diesel,196.0
2026-05-15,QLD,Brisbane,e10,169.3
2026-05-15,QLD,Brisbane,p95,176.3
2026-05-15,QLD,Brisbane,p98,190.1
2026-05-15,QLD,Brisbane,ulp91,168.2
2026-05-15,QLD,Cairns,diesel,201.7
2026-05-15,QLD,Cairns,p95,187.9
2026-05-15,QLD,Cairns,ulp91,175.2
2026-05-15,QLD,Gladstone,diesel,200.1
2026-05-15,QLD,Gladstone,p95,181.8
2026-05-15,QLD,Gladstone,ulp91,175.2
2026-05-15,QLD,Mackay,diesel,200.0
2026-05-15,QLD,Mackay,ulp91,175.7
2026-05-15,QLD,Townsville,diesel,201.5
2026-05-15,QLD,Townsville,p95,183.6
2026-05-15,QLD,Townsville,p98,199.5
2026-05-15,QLD,Townsville,ulp91,174.9
2026-05-15,QLD,Weipa,diesel,212.6
2026-05-15,QLD,Weipa,ulp91,198.9
2026-05-15,SA,Adelaide,diesel,197.9
2026-05-15,SA,Adelaide,e10,171.4
2026-05-15,SA,Adelaide,p95,177.2
2026-05-15,SA,Adelaide,p98,192.0
2026-05-15,SA,Adelaide,ulp91,169.7
2026-05-15,SA,Port Lincoln,diesel,206.0
2026-05-15,SA,Port Lincoln,p98,201.8
2026-05-15,SA,Port Lincoln,ulp91,177.9
2026-05-15,TAS,Devonport,diesel,203.7
2026-05-15,TAS,Devonport,p95,185.1
2026-05-15,TAS,Devonport,ulp91,174.4
2026-05-15,TAS,Hobart,diesel,202.9
2026-05-15,TAS,Hobart,p95,185.1
2026-05-15,TAS,Hobart,p98,200.6
2026-05-15,TAS,Hobart,ulp91,174.5
2026-05-15,VIC,Geelong,diesel,196.5
2026-05-15,VIC,Geelong,p95,175.5
2026-05-15,VIC,Geelong,p98,189.6
2026-05-15,VIC,Geelong,ulp91,167.4
2026-05-15,VIC,Melbourne,diesel,196.5
2026-05-15,VIC,Melbourne,e10,168.5
2026-05-15,VIC,Melbourne,p95,175.5
2026-05-15,VIC,Melbourne,p98,189.6
2026-05-15,VIC,Melbourne,ulp91,167.4
2026-05-15,WA,Broome,diesel,229.4
2026-05-15,WA,Broome,p95,231.3
2026-05-15,WA,Broome,ulp91,222.2
2026-05-15,WA,Cocos Island,diesel,243.8
2026-05-15,WA,Cocos Island,p95,390.1
2026-05-15,WA,Dampier,diesel,217.7
2026-05-15,WA,Esperance,diesel,202.1
2026-05-15,WA,King Bay,diesel,217.7
2026-05-15,WA,Perth,diesel,196.0
2026-05-15,WA,Perth,p95,181.0
2026-05-15,WA,Perth,p98,194.9
2026-05-15,WA,Perth,ulp91,168.8
2026-05-15,WA,Port Hedland,diesel,224.7
2026-05-16,NSW,Newcastle,diesel,200.0
2026-05-16,NSW,Sydney,diesel,200.0
2026-05-16,NSW,Sydney,e10,170.8
2026-05-16,NSW,Sydney,p95,178.8
2026-05-16,NSW,Sydney,p98,192.3
2026-05-16,NSW,Sydney,ulp91,170.5
2026-05-16,NT,Darwin,diesel,205.3
2026-05-16,NT,Darwin,p95,184.6
2026-05-16,NT,Darwin,ulp91,174.2
2026-05-16,QLD,Brisbane,b5,206.5
2026-05-16,QLD,Brisbane,diesel,198.7
2026-05-16,QLD,Brisbane,e10,169.8
2026-05-16,QLD,Brisbane,p95,176.8
2026-05-16,QLD,Brisbane,p98,190.6
2026-05-16,QLD,Brisbane,ulp91,168.7
2026-05-16,QLD,Cairns,diesel,204.4
2026-05-16,QLD,Cairns,p95,188.4
2026-05-16,QLD,Cairns,ulp91,175.6
2026-05-16,QLD,Gladstone,diesel,202.8
2026-05-16,QLD,Gladstone,p95,182.3
2026-05-16,QLD,Gladstone,ulp91,175.7
2026-05-16,QLD,Mackay,diesel,202.6
2026-05-16,QLD,Mackay,ulp91,176.2
2026-05-16,QLD,Townsville,diesel,204.1
2026-05-16,QLD,Townsville,p95,184.1
2026-05-16,QLD,Townsville,p98,200.1
2026-05-16,QLD,Townsville,ulp91,175.4
2026-05-16,QLD,Weipa,diesel,215.3
2026-05-16,QLD,Weipa,ulp91,199.4
2026-05-16,SA,Adelaide,diesel,200.6
2026-05-16,SA,Adelaide,e10,171.8
2026-05-16,SA,Adelaide,p95,177.8
2026-05-16,SA,Adelaide,p98,192.5
2026-05-16,SA,Adelaide,ulp91,170.1
2026-05-16,SA,Port Lincoln,diesel,208.7
2026-05-16,SA,Port Lincoln,p98,202.3
2026-05-16,SA,Port Lincoln,ulp91,178.3
2026-05-16,TAS,Devonport,diesel,206.3
2026-05-16,TAS,Devonport,p95,185.6
2026-05-16,TAS,Devonport,ulp91,174.9
2026-05-16,TAS,Hobart,diesel,205.6
2026-05-16,TAS,Hobart,p95,185.6
2026-05-16,TAS,Hobart,p98,201.1
2026-05-16,TAS,Hobart,ulp91,175.0
2026-05-16,VIC,Geelong,diesel,199.1
2026-05-16,VIC,Geelong,p95,176.0
2026-05-16,VIC,Geelong,p98,190.1
2026-05-16,VIC,Geelong,ulp91,167.9
2026-05-16,VIC,Melbourne,diesel,199.1
2026-05-16,VIC,Melbourne,e10,169.0
2026-05-16,VIC,Melbourne,p95,176.0
2026-05-16,VIC,Melbourne,p98,190.1
2026-05-16,VIC,Melbourne,ulp91,167.9
2026-05-16,WA,Broome,diesel,232.0
2026-05-16,WA,Broome,p95,231.5
2026-05-16,WA,Broome,ulp91,222.4
2026-05-16,WA,Cocos Island,diesel,246.3
2026-05-16,WA,Cocos Island,p95,390.6
2026-05-16,WA,Dampier,diesel,220.3
2026-05-16,WA,Esperance,diesel,204.7
2026-05-16,WA,King Bay,diesel,220.3
2026-05-16,WA,Perth,diesel,198.7
2026-05-16,WA,Perth,p95,181.5
2026-05-16,WA,Perth,p98,195.5
2026-05-16,WA,Perth,ulp91,169.3
2026-05-16,WA,Port Hedland,diesel,227.4
2026-05-19,NSW,Newcastle,diesel,202.2
2026-05-19,NSW,Sydney,diesel,202.2
2026-05-19,NSW,Sydney,e10,172.9
2026-05-19,NSW,Sydney,p95,180.9
2026-05-19,NSW,Sydney,p98,194.5
2026-05-19,NSW,Sydney,ulp91,172.6
2026-05-19,NT,Darwin,diesel,207.7
2026-05-19,NT,Darwin,p95,186.8
2026-05-19,NT,Darwin,ulp91,176.3
2026-05-19,QLD,Brisbane,b5,208.7
2026-05-19,QLD,Brisbane,diesel,201.0
2026-05-19,QLD,Brisbane,e10,171.9
2026-05-19,QLD,Brisbane,p95,179.0
2026-05-19,QLD,Brisbane,p98,192.8
2026-05-19,QLD,Brisbane,ulp91,170.8
2026-05-19,QLD,Cairns,diesel,206.7
2026-05-19,QLD,Cairns,p95,190.6
2026-05-19,QLD,Cairns,ulp91,177.8
2026-05-19,QLD,Gladstone,diesel,205.1
2026-05-19,QLD,Gladstone,p95,184.5
2026-05-19,QLD,Gladstone,ulp91,177.8
2026-05-19,QLD,Mackay,diesel,204.9
2026-05-19,QLD,Mackay,ulp91,178.3
2026-05-19,QLD,Townsville,diesel,206.4
2026-05-19,QLD,Townsville,p95,186.2
2026-05-19,QLD,Townsville,p98,202.2
2026-05-19,QLD,Townsville,ulp91,177.5
2026-05-19,QLD,Weipa,diesel,217.5
2026-05-19,QLD,Weipa,ulp91,201.4
2026-05-19,SA,Adelaide,diesel,202.8
2026-05-19,SA,Adelaide,e10,173.9
2026-05-19,SA,Adelaide,p95,179.9
2026-05-19,SA,Adelaide,p98,194.7
2026-05-19,SA,Adelaide,ulp91,172.2
2026-05-19,SA,Port Lincoln,diesel,210.9
2026-05-19,SA,Port Lincoln,p98,204.5
2026-05-19,SA,Port Lincoln,ulp91,180.4
2026-05-19,TAS,Devonport,diesel,208.6
2026-05-19,TAS,Devonport,p95,187.8
2026-05-19,TAS,Devonport,ulp91,177.0
2026-05-19,TAS,Hobart,diesel,207.9
2026-05-19,TAS,Hobart,p95,187.8
2026-05-19,TAS,Hobart,p98,203.3
2026-05-19,TAS,Hobart,ulp91,177.1
2026-05-19,VIC,Geelong,diesel,201.4
2026-05-19,VIC,Geelong,p95,178.2
2026-05-19,VIC,Geelong,p98,192.3
2026-05-19,VIC,Geelong,ulp91,170.0
2026-05-19,VIC,Melbourne,diesel,201.4
2026-05-19,VIC,Melbourne,e10,171.1
2026-05-19,VIC,Melbourne,p95,178.2
2026-05-19,VIC,Melbourne,p98,192.3
2026-05-19,VIC,Melbourne,ulp91,170.0
2026-05-19,WA,Broome,diesel,234.2
2026-05-19,WA,Broome,p95,233.3
2026-05-19,WA,Broome,ulp91,224.2
2026-05-19,WA,Cocos Island,diesel,248.4
2026-05-19,WA,Cocos Island,p95,392.6
2026-05-19,WA,Dampier,diesel,222.7
2026-05-19,WA,Esperance,diesel,207.1
2026-05-19,WA,King Bay,diesel,222.7
2026-05-19,WA,Perth,diesel,201.0
2026-05-19,WA,Perth,p95,183.8
2026-05-19,WA,Perth,p98,197.7
2026-05-19,WA,Perth,ulp91,171.4
2026-05-19,WA,Port Hedland,diesel,229.7
2026-05-20,NSW,Newcastle,diesel,203.3
2026-05-20,NSW,Sydney,diesel,203.3
2026-05-20,NSW,Sydney,e10,175.8
2026-05-20,NSW,Sydney,p95,183.9
2026-05-20,NSW,Sydney,p98,197.6
2026-05-20,NSW,Sydney,ulp91,175.5
2026-05-20,NT,Darwin,diesel,208.7
2026-05-20,NT,Darwin,p95,189.8
2026-05-20,NT,Darwin,ulp91,179.3
2026-05-20,QLD,Brisbane,b5,209.6
2026-05-20,QLD,Brisbane,diesel,202.0
2026-05-20,QLD,Brisbane,e10,174.9
2026-05-20,QLD,Brisbane,p95,182.0
2026-05-20,QLD,Brisbane,p98,195.9
2026-05-20,QLD,Brisbane,ulp91,173.7
2026-05-20,QLD,Cairns,diesel,207.7
2026-05-20,QLD,Cairns,p95,193.6
2026-05-20,QLD,Cairns,ulp91,180.7
2026-05-20,QLD,Gladstone,diesel,206.1
2026-05-20,QLD,Gladstone,p95,187.5
2026-05-20,QLD,Gladstone,ulp91,180.7
2026-05-20,QLD,Mackay,diesel,205.9
2026-05-20,QLD,Mackay,ulp91,181.2
2026-05-20,QLD,Townsville,diesel,207.4
2026-05-20,QLD,Townsville,p95,189.3
2026-05-20,QLD,Townsville,p98,205.2
2026-05-20,QLD,Townsville,ulp91,180.4
2026-05-20,QLD,Weipa,diesel,218.5
2026-05-20,QLD,Weipa,ulp91,204.3
2026-05-20,SA,Adelaide,diesel,203.9
2026-05-20,SA,Adelaide,e10,176.9
2026-05-20,SA,Adelaide,p95,183.0
2026-05-20,SA,Adelaide,p98,197.7
2026-05-20,SA,Adelaide,ulp91,175.2
2026-05-20,SA,Port Lincoln,diesel,211.9
2026-05-20,SA,Port Lincoln,p98,207.5
2026-05-20,SA,Port Lincoln,ulp91,183.3
2026-05-20,TAS,Devonport,diesel,209.6
2026-05-20,TAS,Devonport,p95,190.8
2026-05-20,TAS,Devonport,ulp91,179.9
2026-05-20,TAS,Hobart,diesel,208.9
2026-05-20,TAS,Hobart,p95,190.8
2026-05-20,TAS,Hobart,p98,206.3
2026-05-20,TAS,Hobart,ulp91,180.0
2026-05-20,VIC,Geelong,diesel,202.5
2026-05-20,VIC,Geelong,p95,181.2
2026-05-20,VIC,Geelong,p98,195.3
2026-05-20,VIC,Geelong,ulp91,172.9
2026-05-20,VIC,Melbourne,diesel,202.5
2026-05-20,VIC,Melbourne,e10,174.1
2026-05-20,VIC,Melbourne,p95,181.2
2026-05-20,VIC,Melbourne,p98,195.3
2026-05-20,VIC,Melbourne,ulp91,172.9
2026-05-20,WA,Broome,diesel,235.2
2026-05-20,WA,Broome,p95,236.1
2026-05-20,WA,Broome,ulp91,226.8
2026-05-20,WA,Cocos Island,diesel,249.3
2026-05-20,WA,Cocos Island,p95,395.4
2026-05-20,WA,Dampier,diesel,223.7
2026-05-20,WA,Esperance,diesel,208.1
2026-05-20,WA,King Bay,diesel,223.7
2026-05-20,WA,Perth,diesel,202.1
2026-05-20,WA,Perth,p95,186.8
2026-05-20,WA,Perth,p98,200.8
2026-05-20,WA,Perth,ulp91,174.4
2026-05-20,WA,Port Hedland,diesel,230.8
2026-05-21,NSW,Newcastle,diesel,205.5
2026-05-21,NSW,Sydney,diesel,205.5
2026-05-21,NSW,Sydney,e10,178.5
2026-05-21,NSW,Sydney,p95,186.7
2026-05-21,NSW,Sydney,p98,200.3
2026-05-21,NSW,Sydney,ulp91,178.2
2026-05-21,NT,Darwin,diesel,211.0
2026-05-21,NT,Darwin,p95,192.6
2026-05-21,NT,Darwin,ulp91,181.9
2026-05-21,QLD,Brisbane,b5,211.8
2026-05-21,QLD,Brisbane,diesel,204.3
2026-05-21,QLD,Brisbane,e10,177.6
2026-05-21,QLD,Brisbane,p95,184.8
2026-05-21,QLD,Brisbane,p98,198.6
2026-05-21,QLD,Brisbane,ulp91,176.4
2026-05-21,QLD,Cairns,diesel,209.9
2026-05-21,QLD,Cairns,p95,196.3
2026-05-21,QLD,Cairns,ulp91,183.3
2026-05-21,QLD,Gladstone,diesel,208.3
2026-05-21,QLD,Gladstone,p95,190.2
2026-05-21,QLD,Gladstone,ulp91,183.4
2026-05-21,QLD,Mackay,diesel,208.2
2026-05-21,QLD,Mackay,ulp91,183.8
2026-05-21,QLD,Townsville,diesel,209.7
2026-05-21,QLD,Townsville,p95,192.0
2026-05-21,QLD,Townsville,p98,208.0
2026-05-21,QLD,Townsville,ulp91,183.1
2026-05-21,QLD,Weipa,diesel,220.7
2026-05-21,QLD,Weipa,ulp91,207.0
2026-05-21,SA,Adelaide,diesel,206.2
2026-05-21,SA,Adelaide,e10,179.5
2026-05-21,SA,Adelaide,p95,185.7
2026-05-21,SA,Adelaide,p98,200.4
2026-05-21,SA,Adelaide,ulp91,177.8
2026-05-21,SA,Port Lincoln,diesel,214.2
2026-05-21,SA,Port Lincoln,p98,210.2
2026-05-21,SA,Port Lincoln,ulp91,186.0
2026-05-21,TAS,Devonport,diesel,211.8
2026-05-21,TAS,Devonport,p95,193.4
2026-05-21,TAS,Devonport,ulp91,182.5
2026-05-21,TAS,Hobart,diesel,211.1
2026-05-21,TAS,Hobart,p95,193.5
2026-05-21,TAS,Hobart,p98,209.0
2026-05-21,TAS,Hobart,ulp91,182.6
2026-05-21,VIC,Geelong,diesel,204.7
2026-05-21,VIC,Geelong,p95,183.9
2026-05-21,VIC,Geelong,p98,198.1
2026-05-21,VIC,Geelong,ulp91,175.6
2026-05-21,VIC,Melbourne,diesel,204.7
2026-05-21,VIC,Melbourne,e10,176.7
2026-05-21,VIC,Melbourne,p95,183.9
2026-05-21,VIC,Melbourne,p98,198.1
2026-05-21,VIC,Melbourne,ulp91,175.6
2026-05-21,WA,Broome,diesel,237.4
2026-05-21,WA,Broome,p95,238.6
2026-05-21,WA,Broome,ulp91,229.3
2026-05-21,WA,Cocos Island,diesel,251.4
2026-05-21,WA,Cocos Island,p95,397.8
2026-05-21,WA,Dampier,diesel,226.0
2026-05-21,WA,Esperance,diesel,210.3
2026-05-21,WA,King Bay,diesel,226.0
2026-05-21,WA,Perth,diesel,204.3
2026-05-21,WA,Perth,p95,189.5
2026-05-21,WA,Perth,p98,203.5
2026-05-21,WA,Perth,ulp91,177.1
2026-05-21,WA,Port Hedland,diesel,233.1
2026-05-22,NSW,Newcastle,diesel,207.1
2026-05-22,NSW,Sydney,diesel,207.1
2026-05-22,NSW,Sydney,e10,180.1
2026-05-22,NSW,Sydney,p95,188.3
2026-05-22,NSW,Sydney,p98,201.9
2026-05-22,NSW,Sydney,ulp91,179.8
2026-05-22,NT,Darwin,diesel,212.6
2026-05-22,NT,Darwin,p95,194.2
2026-05-22,NT,Darwin,ulp91,183.6
2026-05-22,QLD,Brisbane,b5,213.3
2026-05-22,QLD,Brisbane,diesel,205.9
2026-05-22,QLD,Brisbane,e10,179.2
2026-05-22,QLD,Brisbane,p95,186.4
2026-05-22,QLD,Brisbane,p98,200.2
2026-05-22,QLD,Brisbane,ulp91,178.0
2026-05-22,QLD,Cairns,diesel,211.5
2026-05-22,QLD,Cairns,p95,198.0
2026-05-22,QLD,Cairns,ulp91,184.9
2026-05-22,QLD,Gladstone,diesel,209.9
2026-05-22,QLD,Gladstone,p95,191.9
2026-05-22,QLD,Gladstone,ulp91,185.0
2026-05-22,QLD,Mackay,diesel,209.8
2026-05-22,QLD,Mackay,ulp91,185.4
2026-05-22,QLD,Townsville,diesel,211.3
2026-05-22,QLD,Townsville,p95,193.6
2026-05-22,QLD,Townsville,p98,209.6
2026-05-22,QLD,Townsville,ulp91,184.7
2026-05-22,QLD,Weipa,diesel,222.3
2026-05-22,QLD,Weipa,ulp91,208.5
2026-05-22,SA,Adelaide,diesel,207.7
2026-05-22,SA,Adelaide,e10,181.1
2026-05-22,SA,Adelaide,p95,187.3
2026-05-22,SA,Adelaide,p98,202.1
2026-05-22,SA,Adelaide,ulp91,179.4
2026-05-22,SA,Port Lincoln,diesel,215.7
2026-05-22,SA,Port Lincoln,p98,211.9
2026-05-22,SA,Port Lincoln,ulp91,187.5
2026-05-22,TAS,Devonport,diesel,213.4
2026-05-22,TAS,Devonport,p95,195.1
2026-05-22,TAS,Devonport,ulp91,184.1
2026-05-22,TAS,Hobart,diesel,212.7
2026-05-22,TAS,Hobart,p95,195.1
2026-05-22,TAS,Hobart,p98,210.6
2026-05-22,TAS,Hobart,ulp91,184.2
2026-05-22,VIC,Geelong,diesel,206.3
2026-05-22,VIC,Geelong,p95,185.6
2026-05-22,VIC,Geelong,p98,199.7
2026-05-22,VIC,Geelong,ulp91,177.2
2026-05-22,VIC,Melbourne,diesel,206.3
2026-05-22,VIC,Melbourne,e10,178.3
2026-05-22,VIC,Melbourne,p95,185.6
2026-05-22,VIC,Melbourne,p98,199.7
2026-05-22,VIC,Melbourne,ulp91,177.2
2026-05-22,WA,Broome,diesel,239.0
2026-05-22,WA,Broome,p95,239.9
2026-05-22,WA,Broome,ulp91,230.5
2026-05-22,WA,Cocos Island,diesel,252.9
2026-05-22,WA,Cocos Island,p95,399.4
2026-05-22,WA,Dampier,diesel,227.6
2026-05-22,WA,Esperance,diesel,211.9
2026-05-22,WA,King Bay,diesel,227.6
2026-05-22,WA,Perth,diesel,206.0
2026-05-22,WA,Perth,p95,191.2
2026-05-22,WA,Perth,p98,205.2
2026-05-22,WA,Perth,ulp91,178.7
2026-05-22,WA,Port Hedland,diesel,234.7
2026-05-23,NSW,Newcastle,diesel,207.4
2026-05-23,NSW,Sydney,diesel,207.4
2026-05-23,NSW,Sydney,e10,180.6
2026-05-23,NSW,Sydney,p95,188.8
2026-05-23,NSW,Sydney,p98,202.4
2026-05-23,NSW,Sydney,ulp91,180.3
2026-05-23,NT,Darwin,diesel,212.9
2026-05-23,NT,Darwin,p95,194.8
2026-05-23,NT,Darwin,ulp91,184.1
2026-05-23,QLD,Brisbane,b5,213.6
2026-05-23,QLD,Brisbane,diesel,206.2
2026-05-23,QLD,Brisbane,e10,179.7
2026-05-23,QLD,Brisbane,p95,186.9
2026-05-23,QLD,Brisbane,p98,200.8
2026-05-23,QLD,Brisbane,ulp91,178.5
2026-05-23,QLD,Cairns,diesel,211.8
2026-05-23,QLD,Cairns,p95,198.4
2026-05-23,QLD,Cairns,ulp91,185.5
2026-05-23,QLD,Gladstone,diesel,210.2
2026-05-23,QLD,Gladstone,p95,192.4
2026-05-23,QLD,Gladstone,ulp91,185.5
2026-05-23,QLD,Mackay,diesel,210.1
2026-05-23,QLD,Mackay,ulp91,185.9
2026-05-23,QLD,Townsville,diesel,211.6
2026-05-23,QLD,Townsville,p95,194.1
2026-05-23,QLD,Townsville,p98,210.1
2026-05-23,QLD,Townsville,ulp91,185.2
2026-05-23,QLD,Weipa,diesel,222.5
2026-05-23,QLD,Weipa,ulp91,209.0
2026-05-23,SA,Adelaide,diesel,208.0
2026-05-23,SA,Adelaide,e10,181.7
2026-05-23,SA,Adelaide,p95,187.8
2026-05-23,SA,Adelaide,p98,202.6
2026-05-23,SA,Adelaide,ulp91,179.9
2026-05-23,SA,Port Lincoln,diesel,216.0
2026-05-23,SA,Port Lincoln,p98,212.4
2026-05-23,SA,Port Lincoln,ulp91,188.0
2026-05-23,TAS,Devonport,diesel,213.7
2026-05-23,TAS,Devonport,p95,195.6
2026-05-23,TAS,Devonport,ulp91,184.6
2026-05-23,TAS,Hobart,diesel,212.9
2026-05-23,TAS,Hobart,p95,195.6
2026-05-23,TAS,Hobart,p98,211.1
2026-05-23,TAS,Hobart,ulp91,184.7
2026-05-23,VIC,Geelong,diesel,206.6
2026-05-23,VIC,Geelong,p95,186.1
2026-05-23,VIC,Geelong,p98,200.2
2026-05-23,VIC,Geelong,ulp91,177.7
2026-05-23,VIC,Melbourne,diesel,206.6
2026-05-23,VIC,Melbourne,e10,178.8
2026-05-23,VIC,Melbourne,p95,186.1
2026-05-23,VIC,Melbourne,p98,200.2
2026-05-23,VIC,Melbourne,ulp91,177.7
2026-05-23,WA,Broome,diesel,239.2
2026-05-23,WA,Broome,p95,240.2
2026-05-23,WA,Broome,ulp91,230.9
2026-05-23,WA,Cocos Island,diesel,253.2
2026-05-23,WA,Cocos Island,p95,399.8
2026-05-23,WA,Dampier,diesel,227.9
2026-05-23,WA,Esperance,diesel,212.2
2026-05-23,WA,King Bay,diesel,227.9
2026-05-23,WA,Perth,diesel,206.3
2026-05-23,WA,Perth,p95,191.7
2026-05-23,WA,Perth,p98,205.7
2026-05-23,WA,Perth,ulp91,179.2
2026-05-23,WA,Port Hedland,diesel,235.0
2026-05-26,NSW,Newcastle,diesel,207.0
2026-05-26,NSW,Sydney,diesel,206.9
2026-05-26,NSW,Sydney,e10,179.3
2026-05-26,NSW,Sydney,p95,187.4
2026-05-26,NSW,Sydney,p98,201.1
2026-05-26,NSW,Sydney,ulp91,179.0
2026-05-26,NT,Darwin,diesel,212.4
2026-05-26,NT,Darwin,p95,193.4
2026-05-26,NT,Darwin,ulp91,182.8
2026-05-26,QLD,Brisbane,b5,213.2
2026-05-26,QLD,Brisbane,diesel,205.7
2026-05-26,QLD,Brisbane,e10,178.4
2026-05-26,QLD,Brisbane,p95,185.5
2026-05-26,QLD,Brisbane,p98,199.4
2026-05-26,QLD,Brisbane,ulp91,177.2
2026-05-26,QLD,Cairns,diesel,211.4
2026-05-26,QLD,Cairns,p95,197.1
2026-05-26,QLD,Cairns,ulp91,184.2
2026-05-26,QLD,Gladstone,diesel,209.8
2026-05-26,QLD,Gladstone,p95,191.0
2026-05-26,QLD,Gladstone,ulp91,184.2
2026-05-26,QLD,Mackay,diesel,209.7
2026-05-26,QLD,Mackay,ulp91,184.7
2026-05-26,QLD,Townsville,diesel,211.1
2026-05-26,QLD,Townsville,p95,192.7
2026-05-26,QLD,Townsville,p98,208.8
2026-05-26,QLD,Townsville,ulp91,184.0
2026-05-26,QLD,Weipa,diesel,222.1
2026-05-26,QLD,Weipa,ulp91,207.7
2026-05-26,SA,Adelaide,diesel,207.6
2026-05-26,SA,Adelaide,e10,180.4
2026-05-26,SA,Adelaide,p95,186.4
2026-05-26,SA,Adelaide,p98,201.2
2026-05-26,SA,Adelaide,ulp91,178.7
2026-05-26,SA,Port Lincoln,diesel,215.6
2026-05-26,SA,Port Lincoln,p98,211.0
2026-05-26,SA,Port Lincoln,ulp91,186.8
2026-05-26,TAS,Devonport,diesel,213.2
2026-05-26,TAS,Devonport,p95,194.2
2026-05-26,TAS,Devonport,ulp91,183.3
2026-05-26,TAS,Hobart,diesel,212.5
2026-05-26,TAS,Hobart,p95,194.2
2026-05-26,TAS,Hobart,p98,209.7
2026-05-26,TAS,Hobart,ulp91,183.4
2026-05-26,VIC,Geelong,diesel,206.2
2026-05-26,VIC,Geelong,p95,184.7
2026-05-26,VIC,Geelong,p98,198.9
2026-05-26,VIC,Geelong,ulp91,176.4
2026-05-26,VIC,Melbourne,diesel,206.2
2026-05-26,VIC,Melbourne,e10,177.6
2026-05-26,VIC,Melbourne,p95,184.7
2026-05-26,VIC,Melbourne,p98,198.9
2026-05-26,VIC,Melbourne,ulp91,176.4
2026-05-26,WA,Broome,diesel,238.8
2026-05-26,WA,Broome,p95,238.7
2026-05-26,WA,Broome,ulp91,229.5
2026-05-26,WA,Cocos Island,diesel,252.8
2026-05-26,WA,Cocos Island,p95,398.6
2026-05-26,WA,Dampier,diesel,227.5
2026-05-26,WA,Esperance,diesel,211.8
2026-05-26,WA,King Bay,diesel,227.5
2026-05-26,WA,Perth,diesel,205.8
2026-05-26,WA,Perth,p95,190.3
2026-05-26,WA,Perth,p98,204.3
2026-05-26,WA,Perth,ulp91,177.9
2026-05-26,WA,Port Hedland,diesel,234.6
2026-05-27,NSW,Newcastle,diesel,200.6
2026-05-27,NSW,Sydney,diesel,200.6
2026-05-27,NSW,Sydney,e10,174.9
2026-05-27,NSW,Sydney,p95,182.8
2026-05-27,NSW,Sydney,p98,196.5
2026-05-27,NSW,Sydney,ulp91,174.6
2026-05-27,NT,Darwin,diesel,206.2
2026-05-27,NT,Darwin,p95,188.9
2026-05-27,NT,Darwin,ulp91,178.5
2026-05-27,QLD,Brisbane,b5,206.9
2026-05-27,QLD,Brisbane,diesel,199.4
2026-05-27,QLD,Brisbane,e10,174.0
2026-05-27,QLD,Brisbane,p95,181.0
2026-05-27,QLD,Brisbane,p98,194.9
2026-05-27,QLD,Brisbane,ulp91,172.8
2026-05-27,QLD,Cairns,diesel,205.1
2026-05-27,QLD,Cairns,p95,192.5
2026-05-27,QLD,Cairns,ulp91,179.8
2026-05-27,QLD,Gladstone,diesel,203.5
2026-05-27,QLD,Gladstone,p95,186.4
2026-05-27,QLD,Gladstone,ulp91,179.8
2026-05-27,QLD,Mackay,diesel,203.3
2026-05-27,QLD,Mackay,ulp91,180.3
2026-05-27,QLD,Townsville,diesel,204.8
2026-05-27,QLD,Townsville,p95,188.2
2026-05-27,QLD,Townsville,p98,204.2
2026-05-27,QLD,Townsville,ulp91,179.6
2026-05-27,QLD,Weipa,diesel,215.7
2026-05-27,QLD,Weipa,ulp91,203.3
2026-05-27,SA,Adelaide,diesel,201.2
2026-05-27,SA,Adelaide,e10,176.0
2026-05-27,SA,Adelaide,p95,181.9
2026-05-27,SA,Adelaide,p98,196.7
2026-05-27,SA,Adelaide,ulp91,174.3
2026-05-27,SA,Port Lincoln,diesel,209.2
2026-05-27,SA,Port Lincoln,p98,206.5
2026-05-27,SA,Port Lincoln,ulp91,182.4
2026-05-27,TAS,Devonport,diesel,206.9
2026-05-27,TAS,Devonport,p95,189.6
2026-05-27,TAS,Devonport,ulp91,178.9
2026-05-27,TAS,Hobart,diesel,206.2
2026-05-27,TAS,Hobart,p95,189.7
2026-05-27,TAS,Hobart,p98,205.2
2026-05-27,TAS,Hobart,ulp91,179.0
2026-05-27,VIC,Geelong,diesel,199.8
2026-05-27,VIC,Geelong,p95,180.2
2026-05-27,VIC,Geelong,p98,194.4
2026-05-27,VIC,Geelong,ulp91,172.0
2026-05-27,VIC,Melbourne,diesel,199.8
2026-05-27,VIC,Melbourne,e10,173.2
2026-05-27,VIC,Melbourne,p95,180.2
2026-05-27,VIC,Melbourne,p98,194.4
2026-05-27,VIC,Melbourne,ulp91,172.0
2026-05-27,WA,Broome,diesel,232.4
2026-05-27,WA,Broome,p95,233.9
2026-05-27,WA,Broome,ulp91,224.8
2026-05-27,WA,Cocos Island,diesel,247.1
2026-05-27,WA,Cocos Island,p95,394.5
2026-05-27,WA,Dampier,diesel,221.2
2026-05-27,WA,Esperance,diesel,205.5
2026-05-27,WA,King Bay,diesel,221.2
2026-05-27,WA,Perth,diesel,199.6
2026-05-27,WA,Perth,p95,185.8
2026-05-27,WA,Perth,p98,199.8
2026-05-27,WA,Perth,ulp91,173.6
2026-05-27,WA,Port Hedland,diesel,228.3
2026-05-28,NSW,Newcastle,diesel,196.2
2026-05-28,NSW,Sydney,diesel,196.2
2026-05-28,NSW,Sydney,e10,171.4
2026-05-28,NSW,Sydney,p95,179.2
2026-05-28,NSW,Sydney,p98,192.8
2026-05-28,NSW,Sydney,ulp91,171.1
2026-05-28,NT,Darwin,diesel,201.8
2026-05-28,NT,Darwin,p95,185.2
2026-05-28,NT,Darwin,ulp91,174.9
2026-05-28,QLD,Brisbane,b5,202.7
2026-05-28,QLD,Brisbane,diesel,195.0
2026-05-28,QLD,Brisbane,e10,170.5
2026-05-28,QLD,Brisbane,p95,177.3
2026-05-28,QLD,Brisbane,p98,191.2
2026-05-28,QLD,Brisbane,ulp91,169.3
2026-05-28,QLD,Cairns,diesel,200.6
2026-05-28,QLD,Cairns,p95,188.8
2026-05-28,QLD,Cairns,ulp91,176.3
2026-05-28,QLD,Gladstone,diesel,199.0
2026-05-28,QLD,Gladstone,p95,182.7
2026-05-28,QLD,Gladstone,ulp91,176.2
2026-05-28,QLD,Mackay,diesel,198.9
2026-05-28,QLD,Mackay,ulp91,176.7
2026-05-28,QLD,Townsville,diesel,200.4
2026-05-28,QLD,Townsville,p95,184.4
2026-05-28,QLD,Townsville,p98,200.5
2026-05-28,QLD,Townsville,ulp91,176.0
2026-05-28,QLD,Weipa,diesel,211.2
2026-05-28,QLD,Weipa,ulp91,199.7
2026-05-28,SA,Adelaide,diesel,196.8
2026-05-28,SA,Adelaide,e10,172.4
2026-05-28,SA,Adelaide,p95,178.2
2026-05-28,SA,Adelaide,p98,193.0
2026-05-28,SA,Adelaide,ulp91,170.7
2026-05-28,SA,Port Lincoln,diesel,204.7
2026-05-28,SA,Port Lincoln,p98,202.8
2026-05-28,SA,Port Lincoln,ulp91,178.8
2026-05-28,TAS,Devonport,diesel,202.5
2026-05-28,TAS,Devonport,p95,185.9
2026-05-28,TAS,Devonport,ulp91,175.3
2026-05-28,TAS,Hobart,diesel,201.7
2026-05-28,TAS,Hobart,p95,186.0
2026-05-28,TAS,Hobart,p98,201.5
2026-05-28,TAS,Hobart,ulp91,175.4
2026-05-28,VIC,Geelong,diesel,195.4
2026-05-28,VIC,Geelong,p95,176.4
2026-05-28,VIC,Geelong,p98,190.7
2026-05-28,VIC,Geelong,ulp91,168.4
2026-05-28,VIC,Melbourne,diesel,195.4
2026-05-28,VIC,Melbourne,e10,169.6
2026-05-28,VIC,Melbourne,p95,176.4
2026-05-28,VIC,Melbourne,p98,190.7
2026-05-28,VIC,Melbourne,ulp91,168.4
2026-05-28,WA,Broome,diesel,227.9
2026-05-28,WA,Broome,p95,229.9
2026-05-28,WA,Broome,ulp91,220.9
2026-05-28,WA,Cocos Island,diesel,243.1
2026-05-28,WA,Cocos Island,p95,391.1
2026-05-28,WA,Dampier,diesel,216.8
2026-05-28,WA,Esperance,diesel,201.1
2026-05-28,WA,King Bay,diesel,216.8
2026-05-28,WA,Perth,diesel,195.1
2026-05-28,WA,Perth,p95,182.1
2026-05-28,WA,Perth,p98,196.2
2026-05-28,WA,Perth,ulp91,170.0
2026-05-28,WA,Port Hedland,diesel,223.8
2026-05-29,NSW,Newcastle,diesel,191.7
2026-05-29,NSW,Sydney,diesel,191.7
2026-05-29,NSW,Sydney,e10,168.0
2026-05-29,NSW,Sydney,p95,175.7
2026-05-29,NSW,Sydney,p98,189.4
2026-05-29,NSW,Sydney,ulp91,167.7
2026-05-29,NT,Darwin,diesel,197.3
2026-05-29,NT,Darwin,p95,181.8
2026-05-29,NT,Darwin,ulp91,171.6
2026-05-29,QLD,Brisbane,b5,198.4
2026-05-29,QLD,Brisbane,diesel,190.5
2026-05-29,QLD,Brisbane,e10,167.1
2026-05-29,QLD,Brisbane,p95,173.9
2026-05-29,QLD,Brisbane,p98,187.8
2026-05-29,QLD,Brisbane,ulp91,165.9
2026-05-29,QLD,Cairns,diesel,196.1
2026-05-29,QLD,Cairns,p95,185.4
2026-05-29,QLD,Cairns,ulp91,172.9
2026-05-29,QLD,Gladstone,diesel,194.5
2026-05-29,QLD,Gladstone,p95,179.3
2026-05-29,QLD,Gladstone,ulp91,172.9
2026-05-29,QLD,Mackay,diesel,194.4
2026-05-29,QLD,Mackay,ulp91,173.3
2026-05-29,QLD,Townsville,diesel,195.9
2026-05-29,QLD,Townsville,p95,181.0
2026-05-29,QLD,Townsville,p98,197.1
2026-05-29,QLD,Townsville,ulp91,172.7
2026-05-29,QLD,Weipa,diesel,206.7
2026-05-29,QLD,Weipa,ulp91,196.3
2026-05-29,SA,Adelaide,diesel,192.3
2026-05-29,SA,Adelaide,e10,169.1
2026-05-29,SA,Adelaide,p95,174.8
2026-05-29,SA,Adelaide,p98,189.6
2026-05-29,SA,Adelaide,ulp91,167.3
2026-05-29,SA,Port Lincoln,diesel,200.2
2026-05-29,SA,Port Lincoln,p98,199.4
2026-05-29,SA,Port Lincoln,ulp91,175.4
2026-05-29,TAS,Devonport,diesel,197.9
2026-05-29,TAS,Devonport,p95,182.5
2026-05-29,TAS,Devonport,ulp91,172.0
2026-05-29,TAS,Hobart,diesel,197.2
2026-05-29,TAS,Hobart,p95,182.6
2026-05-29,TAS,Hobart,p98,198.1
2026-05-29,TAS,Hobart,ulp91,172.1
2026-05-29,VIC,Geelong,diesel,190.9
2026-05-29,VIC,Geelong,p95,173.1
2026-05-29,VIC,Geelong,p98,187.2
2026-05-29,VIC,Geelong,ulp91,165.1
2026-05-29,VIC,Melbourne,diesel,190.9
2026-05-29,VIC,Melbourne,e10,166.3
2026-05-29,VIC,Melbourne,p95,173.1
2026-05-29,VIC,Melbourne,p98,187.2
2026-05-29,VIC,Melbourne,ulp91,165.1
2026-05-29,WA,Broome,diesel,223.4
2026-05-29,WA,Broome,p95,226.2
2026-05-29,WA,Broome,ulp91,217.3
2026-05-29,WA,Cocos Island,diesel,239.0
2026-05-29,WA,Cocos Island,p95,388.0
2026-05-29,WA,Dampier,diesel,212.3
2026-05-29,WA,Esperance,diesel,196.6
2026-05-29,WA,King Bay,diesel,212.3
2026-05-29,WA,Perth,diesel,190.6
2026-05-29,WA,Perth,p95,178.7
2026-05-29,WA,Perth,p98,192.8
2026-05-29,WA,Perth,ulp91,166.7
2026-05-29,WA,Port Hedland,diesel,219.3
2026-05-30,NSW,Newcastle,diesel,187.6
2026-05-30,NSW,Sydney,diesel,187.6
2026-05-30,NSW,Sydney,e10,165.4
2026-05-30,NSW,Sydney,p95,173.2
2026-05-30,NSW,Sydney,p98,186.8
2026-05-30,NSW,Sydney,ulp91,165.1
2026-05-30,NT,Darwin,diesel,193.2
2026-05-30,NT,Darwin,p95,179.2
2026-05-30,NT,Darwin,ulp91,169.0
2026-05-30,QLD,Brisbane,b5,194.6
2026-05-30,QLD,Brisbane,diesel,186.4
2026-05-30,QLD,Brisbane,e10,164.5
2026-05-30,QLD,Brisbane,p95,171.3
2026-05-30,QLD,Brisbane,p98,185.2
2026-05-30,QLD,Brisbane,ulp91,163.3
2026-05-30,QLD,Cairns,diesel,192.0
2026-05-30,QLD,Cairns,p95,182.8
2026-05-30,QLD,Cairns,ulp91,170.3
2026-05-30,QLD,Gladstone,diesel,190.4
2026-05-30,QLD,Gladstone,p95,176.7
2026-05-30,QLD,Gladstone,ulp91,170.3
2026-05-30,QLD,Mackay,diesel,190.3
2026-05-30,QLD,Mackay,ulp91,170.7
2026-05-30,QLD,Townsville,diesel,191.8
2026-05-30,QLD,Townsville,p95,178.4
2026-05-30,QLD,Townsville,p98,194.5
2026-05-30,QLD,Townsville,ulp91,170.0
2026-05-30,QLD,Weipa,diesel,202.6
2026-05-30,QLD,Weipa,ulp91,193.7
2026-05-30,SA,Adelaide,diesel,188.2
2026-05-30,SA,Adelaide,e10,166.5
2026-05-30,SA,Adelaide,p95,172.2
2026-05-30,SA,Adelaide,p98,187.0
2026-05-30,SA,Adelaide,ulp91,164.7
2026-05-30,SA,Port Lincoln,diesel,196.1
2026-05-30,SA,Port Lincoln,p98,196.8
2026-05-30,SA,Port Lincoln,ulp91,172.8
2026-05-30,TAS,Devonport,diesel,193.8
2026-05-30,TAS,Devonport,p95,179.9
2026-05-30,TAS,Devonport,ulp91,169.4
2026-05-30,TAS,Hobart,diesel,193.1
2026-05-30,TAS,Hobart,p95,180.0
2026-05-30,TAS,Hobart,p98,195.5
2026-05-30,TAS,Hobart,ulp91,169.4
2026-05-30,VIC,Geelong,diesel,186.8
2026-05-30,VIC,Geelong,p95,170.5
2026-05-30,VIC,Geelong,p98,184.7
2026-05-30,VIC,Geelong,ulp91,162.5
2026-05-30,VIC,Melbourne,diesel,186.8
2026-05-30,VIC,Melbourne,e10,163.7
2026-05-30,VIC,Melbourne,p95,170.5
2026-05-30,VIC,Melbourne,p98,184.7
2026-05-30,VIC,Melbourne,ulp91,162.5
2026-05-30,WA,Broome,diesel,219.3
2026-05-30,WA,Broome,p95,223.4
2026-05-30,WA,Broome,ulp91,214.4
2026-05-30,WA,Cocos Island,diesel,235.3
2026-05-30,WA,Cocos Island,p95,385.7
2026-05-30,WA,Dampier,diesel,208.2
2026-05-30,WA,Esperance,diesel,192.5
2026-05-30,WA,King Bay,diesel,208.2
2026-05-30,WA,Perth,diesel,186.6
2026-05-30,WA,Perth,p95,176.2
2026-05-30,WA,Perth,p98,190.2
2026-05-30,WA,Perth,ulp91,164.1
2026-05-30,WA,Port Hedland,diesel,215.3
2026-06-02,NSW,Newcastle,diesel,184.3
2026-06-02,NSW,Sydney,diesel,184.3
2026-06-02,NSW,Sydney,e10,163.1
2026-06-02,NSW,Sydney,p95,170.9
2026-06-02,NSW,Sydney,p98,184.6
2026-06-02,NSW,Sydney,ulp91,162.8
2026-06-02,NT,Darwin,diesel,189.8
2026-06-02,NT,Darwin,p95,176.9
2026-06-02,NT,Darwin,ulp91,166.6
2026-06-02,QLD,Brisbane,b5,191.4
2026-06-02,QLD,Brisbane,diesel,183.1
2026-06-02,QLD,Brisbane,e10,162.2
2026-06-02,QLD,Brisbane,p95,169.0
2026-06-02,QLD,Brisbane,p98,182.9
2026-06-02,QLD,Brisbane,ulp91,161.0
2026-06-02,QLD,Cairns,diesel,188.7
2026-06-02,QLD,Cairns,p95,180.5
2026-06-02,QLD,Cairns,ulp91,167.9
2026-06-02,QLD,Gladstone,diesel,187.1
2026-06-02,QLD,Gladstone,p95,174.4
2026-06-02,QLD,Gladstone,ulp91,167.9
2026-06-02,QLD,Mackay,diesel,187.0
2026-06-02,QLD,Mackay,ulp91,168.3
2026-06-02,QLD,Townsville,diesel,188.4
2026-06-02,QLD,Townsville,p95,176.1
2026-06-02,QLD,Townsville,p98,192.2
2026-06-02,QLD,Townsville,ulp91,167.7
2026-06-02,QLD,Weipa,diesel,199.2
2026-06-02,QLD,Weipa,ulp91,191.3
2026-06-02,SA,Adelaide,diesel,184.9
2026-06-02,SA,Adelaide,e10,164.2
2026-06-02,SA,Adelaide,p95,169.9
2026-06-02,SA,Adelaide,p98,184.8
2026-06-02,SA,Adelaide,ulp91,162.4
2026-06-02,SA,Port Lincoln,diesel,192.9
2026-06-02,SA,Port Lincoln,p98,194.6
2026-06-02,SA,Port Lincoln,ulp91,170.5
2026-06-02,TAS,Devonport,diesel,190.7
2026-06-02,TAS,Devonport,p95,177.7
2026-06-02,TAS,Devonport,ulp91,167.1
2026-06-02,TAS,Hobart,diesel,189.9
2026-06-02,TAS,Hobart,p95,177.8
2026-06-02,TAS,Hobart,p98,193.3
2026-06-02,TAS,Hobart,ulp91,167.2
2026-06-02,VIC,Geelong,diesel,183.5
2026-06-02,VIC,Geelong,p95,168.2
2026-06-02,VIC,Geelong,p98,182.4
2026-06-02,VIC,Geelong,ulp91,160.2
2026-06-02,VIC,Melbourne,diesel,183.5
2026-06-02,VIC,Melbourne,e10,161.4
2026-06-02,VIC,Melbourne,p95,168.2
2026-06-02,VIC,Melbourne,p98,182.4
2026-06-02,VIC,Melbourne,ulp91,160.2
2026-06-02,WA,Broome,diesel,215.8
2026-06-02,WA,Broome,p95,220.7
2026-06-02,WA,Broome,ulp91,211.7
2026-06-02,WA,Cocos Island,diesel,232.2
2026-06-02,WA,Cocos Island,p95,383.6
2026-06-02,WA,Dampier,diesel,204.8
2026-06-02,WA,Esperance,diesel,189.4
2026-06-02,WA,King Bay,diesel,204.8
2026-06-02,WA,Perth,diesel,183.3
2026-06-02,WA,Perth,p95,173.9
2026-06-02,WA,Perth,p98,188.0
2026-06-02,WA,Perth,ulp91,161.8
2026-06-02,WA,Port Hedland,diesel,211.8
2026-06-03,NSW,Newcastle,diesel,182.2
2026-06-03,NSW,Sydney,diesel,182.2
2026-06-03,NSW,Sydney,e10,160.4
2026-06-03,NSW,Sydney,p95,168.3
2026-06-03,NSW,Sydney,p98,181.9
2026-06-03,NSW,Sydney,ulp91,160.1
2026-06-03,NT,Darwin,diesel,187.7
2026-06-03,NT,Darwin,p95,174.3
2026-06-03,NT,Darwin,ulp91,163.9
2026-06-03,QLD,Brisbane,b5,189.4
2026-06-03,QLD,Brisbane,diesel,180.9
2026-06-03,QLD,Brisbane,e10,159.5
2026-06-03,QLD,Brisbane,p95,166.4
2026-06-03,QLD,Brisbane,p98,180.3
2026-06-03,QLD,Brisbane,ulp91,158.3
2026-06-03,QLD,Cairns,diesel,186.5
2026-06-03,QLD,Cairns,p95,177.8
2026-06-03,QLD,Cairns,ulp91,165.2
2026-06-03,QLD,Gladstone,diesel,184.9
2026-06-03,QLD,Gladstone,p95,171.7
2026-06-03,QLD,Gladstone,ulp91,165.2
2026-06-03,QLD,Mackay,diesel,184.8
2026-06-03,QLD,Mackay,ulp91,165.6
2026-06-03,QLD,Townsville,diesel,186.2
2026-06-03,QLD,Townsville,p95,173.5
2026-06-03,QLD,Townsville,p98,189.5
2026-06-03,QLD,Townsville,ulp91,165.0
2026-06-03,QLD,Weipa,diesel,197.0
2026-06-03,QLD,Weipa,ulp91,188.6
2026-06-03,SA,Adelaide,diesel,182.8
2026-06-03,SA,Adelaide,e10,161.5
2026-06-03,SA,Adelaide,p95,167.3
2026-06-03,SA,Adelaide,p98,182.1
2026-06-03,SA,Adelaide,ulp91,159.7
2026-06-03,SA,Port Lincoln,diesel,190.7
2026-06-03,SA,Port Lincoln,p98,191.9
2026-06-03,SA,Port Lincoln,ulp91,167.7
2026-06-03,TAS,Devonport,diesel,188.5
2026-06-03,TAS,Devonport,p95,175.0
2026-06-03,TAS,Devonport,ulp91,164.3
2026-06-03,TAS,Hobart,diesel,187.8
2026-06-03,TAS,Hobart,p95,175.1
2026-06-03,TAS,Hobart,p98,190.6
2026-06-03,TAS,Hobart,ulp91,164.4
2026-06-03,VIC,Geelong,diesel,181.3
2026-06-03,VIC,Geelong,p95,165.6
2026-06-03,VIC,Geelong,p98,179.8
2026-06-03,VIC,Geelong,ulp91,157.5
2026-06-03,VIC,Melbourne,diesel,181.3
2026-06-03,VIC,Melbourne,e10,158.7
2026-06-03,VIC,Melbourne,p95,165.6
2026-06-03,VIC,Melbourne,p98,179.8
2026-06-03,VIC,Melbourne,ulp91,157.5
2026-06-03,WA,Broome,diesel,213.6
2026-06-03,WA,Broome,p95,217.7
2026-06-03,WA,Broome,ulp91,208.6
2026-06-03,WA,Cocos Island,diesel,230.3
2026-06-03,WA,Cocos Island,p95,381.2
2026-06-03,WA,Dampier,diesel,202.7
2026-06-03,WA,Esperance,diesel,187.2
2026-06-03,WA,King Bay,diesel,202.7
2026-06-03,WA,Perth,diesel,181.2
2026-06-03,WA,Perth,p95,171.3
2026-06-03,WA,Perth,p98,185.3
2026-06-03,WA,Perth,ulp91,159.1
2026-06-03,WA,Port Hedland,diesel,209.7
2026-06-04,NSW,Newcastle,diesel,182.1
2026-06-04,NSW,Sydney,diesel,182.0
2026-06-04,NSW,Sydney,e10,159.4
2026-06-04,NSW,Sydney,p95,167.3
2026-06-04,NSW,Sydney,p98,181.0
2026-06-04,NSW,Sydney,ulp91,159.0
2026-06-04,NT,Darwin,diesel,187.5
2026-06-04,NT,Darwin,p95,173.4
2026-06-04,NT,Darwin,ulp91,163.0
2026-06-04,QLD,Brisbane,b5,189.4
2026-06-04,QLD,Brisbane,diesel,180.8
2026-06-04,QLD,Brisbane,e10,158.5
2026-06-04,QLD,Brisbane,p95,165.5
2026-06-04,QLD,Brisbane,p98,179.3
2026-06-04,QLD,Brisbane,ulp91,157.3
2026-06-04,QLD,Cairns,diesel,186.4
2026-06-04,QLD,Cairns,p95,176.9
2026-06-04,QLD,Cairns,ulp91,164.2
2026-06-04,QLD,Gladstone,diesel,184.8
2026-06-04,QLD,Gladstone,p95,170.8
2026-06-04,QLD,Gladstone,ulp91,164.1
2026-06-04,QLD,Mackay,diesel,184.7
2026-06-04,QLD,Mackay,ulp91,164.6
2026-06-04,QLD,Townsville,diesel,186.1
2026-06-04,QLD,Townsville,p95,172.5
2026-06-04,QLD,Townsville,p98,188.5
2026-06-04,QLD,Townsville,ulp91,164.0
2026-06-04,QLD,Weipa,diesel,196.8
2026-06-04,QLD,Weipa,ulp91,187.5
2026-06-04,SA,Adelaide,diesel,182.6
2026-06-04,SA,Adelaide,e10,160.5
2026-06-04,SA,Adelaide,p95,166.3
2026-06-04,SA,Adelaide,p98,181.2
2026-06-04,SA,Adelaide,ulp91,158.7
2026-06-04,SA,Port Lincoln,diesel,190.5
2026-06-04,SA,Port Lincoln,p98,191.0
2026-06-04,SA,Port Lincoln,ulp91,166.7
2026-06-04,TAS,Devonport,diesel,188.3
2026-06-04,TAS,Devonport,p95,174.1
2026-06-04,TAS,Devonport,ulp91,163.3
2026-06-04,TAS,Hobart,diesel,187.6
2026-06-04,TAS,Hobart,p95,174.1
2026-06-04,TAS,Hobart,p98,189.7
2026-06-04,TAS,Hobart,ulp91,163.4
2026-06-04,VIC,Geelong,diesel,181.2
2026-06-04,VIC,Geelong,p95,164.7
2026-06-04,VIC,Geelong,p98,178.8
2026-06-04,VIC,Geelong,ulp91,156.5
2026-06-04,VIC,Melbourne,diesel,181.2
2026-06-04,VIC,Melbourne,e10,157.7
2026-06-04,VIC,Melbourne,p95,164.7
2026-06-04,VIC,Melbourne,p98,178.8
2026-06-04,VIC,Melbourne,ulp91,156.5
2026-06-04,WA,Broome,diesel,213.4
2026-06-04,WA,Broome,p95,216.4
2026-06-04,WA,Broome,ulp91,207.2
2026-06-04,WA,Cocos Island,diesel,230.2
2026-06-04,WA,Cocos Island,p95,380.4
2026-06-04,WA,Dampier,diesel,202.6
2026-06-04,WA,Esperance,diesel,187.1
2026-06-04,WA,King Bay,diesel,202.6
2026-06-04,WA,Perth,diesel,181.0
2026-06-04,WA,Perth,p95,170.4
2026-06-04,WA,Perth,p98,184.4
2026-06-04,WA,Perth,ulp91,158.1
2026-06-04,WA,Port Hedland,diesel,209.5
2026-06-05,NSW,Newcastle,diesel,183.5
2026-06-05,NSW,Sydney,diesel,183.4
2026-06-05,NSW,Sydney,e10,157.9
2026-06-05,NSW,Sydney,p95,165.8
2026-06-05,NSW,Sydney,p98,179.5
2026-06-05,NSW,Sydney,ulp91,157.5
2026-06-05,NT,Darwin,diesel,189.0
2026-06-05,NT,Darwin,p95,171.9
2026-06-05,NT,Darwin,ulp91,161.5
2026-06-05,QLD,Brisbane,b5,190.8
2026-06-05,QLD,Brisbane,diesel,182.2
2026-06-05,QLD,Brisbane,e10,157.0
2026-06-05,QLD,Brisbane,p95,164.0
2026-06-05,QLD,Brisbane,p98,177.8
2026-06-05,QLD,Brisbane,ulp91,155.8
2026-06-05,QLD,Cairns,diesel,187.8
2026-06-05,QLD,Cairns,p95,175.4
2026-06-05,QLD,Cairns,ulp91,162.7
2026-06-05,QLD,Gladstone,diesel,186.2
2026-06-05,QLD,Gladstone,p95,169.3
2026-06-05,QLD,Gladstone,ulp91,162.7
2026-06-05,QLD,Mackay,diesel,186.1
2026-06-05,QLD,Mackay,ulp91,163.1
2026-06-05,QLD,Townsville,diesel,187.5
2026-06-05,QLD,Townsville,p95,171.0
2026-06-05,QLD,Townsville,p98,187.0
2026-06-05,QLD,Townsville,ulp91,162.5
2026-06-05,QLD,Weipa,diesel,198.1
2026-06-05,QLD,Weipa,ulp91,186.0
2026-06-05,SA,Adelaide,diesel,184.0
2026-06-05,SA,Adelaide,e10,159.0
2026-06-05,SA,Adelaide,p95,164.8
2026-06-05,SA,Adelaide,p98,179.7
2026-06-05,SA,Adelaide,ulp91,157.2
2026-06-05,SA,Port Lincoln,diesel,191.9
2026-06-05,SA,Port Lincoln,p98,189.5
2026-06-05,SA,Port Lincoln,ulp91,165.2
2026-06-05,TAS,Devonport,diesel,189.7
2026-06-05,TAS,Devonport,p95,172.6
2026-06-05,TAS,Devonport,ulp91,161.8
2026-06-05,TAS,Hobart,diesel,189.0
2026-06-05,TAS,Hobart,p95,172.6
2026-06-05,TAS,Hobart,p98,188.1
2026-06-05,TAS,Hobart,ulp91,161.9
2026-06-05,VIC,Geelong,diesel,182.6
2026-06-05,VIC,Geelong,p95,163.2
2026-06-05,VIC,Geelong,p98,177.3
2026-06-05,VIC,Geelong,ulp91,155.0
2026-06-05,VIC,Melbourne,diesel,182.6
2026-06-05,VIC,Melbourne,e10,156.2
2026-06-05,VIC,Melbourne,p95,163.2
2026-06-05,VIC,Melbourne,p98,177.3
2026-06-05,VIC,Melbourne,ulp91,155.0
2026-06-05,WA,Broome,diesel,214.8
2026-06-05,WA,Broome,p95,214.6
2026-06-05,WA,Broome,ulp91,205.4
2026-06-05,WA,Cocos Island,diesel,231.5
2026-06-05,WA,Cocos Island,p95,379.1
2026-06-05,WA,Dampier,diesel,204.0
2026-06-05,WA,Esperance,diesel,188.5
2026-06-05,WA,King Bay,diesel,204.0
2026-06-05,WA,Perth,diesel,182.5
2026-06-05,WA,Perth,p95,168.9
2026-06-05,WA,Perth,p98,182.9
2026-06-05,WA,Perth,ulp91,156.7
2026-06-05,WA,Port Hedland,diesel,211.0
2026-06-06,NSW,Newcastle,diesel,185.3
2026-06-06,NSW,Sydney,diesel,185.3
2026-06-06,NSW,Sydney,e10,157.0
2026-06-06,NSW,Sydney,p95,164.9
2026-06-06,NSW,Sydney,p98,178.6
2026-06-06,NSW,Sydney,ulp91,156.6
2026-06-06,NT,Darwin,diesel,190.9
2026-06-06,NT,Darwin,p95,171.1
2026-06-06,NT,Darwin,ulp91,160.6
2026-06-06,QLD,Brisbane,b5,192.7
2026-06-06,QLD,Brisbane,diesel,184.0
2026-06-06,QLD,Brisbane,e10,156.1
2026-06-06,QLD,Brisbane,p95,163.1
2026-06-06,QLD,Brisbane,p98,176.9
2026-06-06,QLD,Brisbane,ulp91,154.9
2026-06-06,QLD,Cairns,diesel,189.6
2026-06-06,QLD,Cairns,p95,174.5
2026-06-06,QLD,Cairns,ulp91,161.8
2026-06-06,QLD,Gladstone,diesel,188.1
2026-06-06,QLD,Gladstone,p95,168.4
2026-06-06,QLD,Gladstone,ulp91,161.7
2026-06-06,QLD,Mackay,diesel,187.9
2026-06-06,QLD,Mackay,ulp91,162.1
2026-06-06,QLD,Townsville,diesel,189.3
2026-06-06,QLD,Townsville,p95,170.1
2026-06-06,QLD,Townsville,p98,186.1
2026-06-06,QLD,Townsville,ulp91,161.5
2026-06-06,QLD,Weipa,diesel,199.9
2026-06-06,QLD,Weipa,ulp91,185.0
2026-06-06,SA,Adelaide,diesel,185.9
2026-06-06,SA,Adelaide,e10,158.1
2026-06-06,SA,Adelaide,p95,163.9
2026-06-06,SA,Adelaide,p98,178.8
2026-06-06,SA,Adelaide,ulp91,156.3
2026-06-06,SA,Port Lincoln,diesel,193.7
2026-06-06,SA,Port Lincoln,p98,188.6
2026-06-06,SA,Port Lincoln,ulp91,164.2
2026-06-06,TAS,Devonport,diesel,191.5
2026-06-06,TAS,Devonport,p95,171.7
2026-06-06,TAS,Devonport,ulp91,160.9
2026-06-06,TAS,Hobart,diesel,190.8
2026-06-06,TAS,Hobart,p95,171.7
2026-06-06,TAS,Hobart,p98,187.2
2026-06-06,TAS,Hobart,ulp91,161.0
2026-06-06,VIC,Geelong,diesel,184.4
2026-06-06,VIC,Geelong,p95,162.3
2026-06-06,VIC,Geelong,p98,176.4
2026-06-06,VIC,Geelong,ulp91,154.1
2026-06-06,VIC,Melbourne,diesel,184.4
2026-06-06,VIC,Melbourne,e10,155.3
2026-06-06,VIC,Melbourne,p95,162.3
2026-06-06,VIC,Melbourne,p98,176.4
2026-06-06,VIC,Melbourne,ulp91,154.1
2026-06-06,WA,Broome,diesel,216.6
2026-06-06,WA,Broome,p95,213.3
2026-06-06,WA,Broome,ulp91,204.1
2026-06-06,WA,Cocos Island,diesel,233.2
2026-06-06,WA,Cocos Island,p95,378.3
2026-06-06,WA,Dampier,diesel,205.9
2026-06-06,WA,Esperance,diesel,190.4
2026-06-06,WA,King Bay,diesel,205.9
2026-06-06,WA,Perth,diesel,184.4
2026-06-06,WA,Perth,p95,168.1
2026-06-06,WA,Perth,p98,182.1
2026-06-06,WA,Perth,ulp91,155.8
2026-06-06,WA,Port Hedland,diesel,212.9
2026-06-09,NSW,Newcastle,diesel,187.0
2026-06-09,NSW,Sydney,diesel,187.0
2026-06-09,NSW,Sydney,e10,156.7
2026-06-09,NSW,Sydney,p95,164.6
2026-06-09,NSW,Sydney,p98,178.3
2026-06-09,NSW,Sydney,ulp91,156.3
2026-06-09,NT,Darwin,diesel,192.6
2026-06-09,NT,Darwin,p95,170.8
2026-06-09,NT,Darwin,ulp91,160.3
2026-06-09,QLD,Brisbane,b5,194.4
2026-06-09,QLD,Brisbane,diesel,185.8
2026-06-09,QLD,Brisbane,e10,155.8
2026-06-09,QLD,Brisbane,p95,162.8
2026-06-09,QLD,Brisbane,p98,176.7
2026-06-09,QLD,Brisbane,ulp91,154.5
2026-06-09,QLD,Cairns,diesel,191.4
2026-06-09,QLD,Cairns,p95,174.2
2026-06-09,QLD,Cairns,ulp91,161.5
2026-06-09,QLD,Gladstone,diesel,189.8
2026-06-09,QLD,Gladstone,p95,168.1
2026-06-09,QLD,Gladstone,ulp91,161.4
2026-06-09,QLD,Mackay,diesel,189.7
2026-06-09,QLD,Mackay,ulp91,161.8
2026-06-09,QLD,Townsville,diesel,191.1
2026-06-09,QLD,Townsville,p95,169.8
2026-06-09,QLD,Townsville,p98,185.8
2026-06-09,QLD,Townsville,ulp91,161.2
2026-06-09,QLD,Weipa,diesel,201.6
2026-06-09,QLD,Weipa,ulp91,184.6
2026-06-09,SA,Adelaide,diesel,187.6
2026-06-09,SA,Adelaide,e10,157.7
2026-06-09,SA,Adelaide,p95,163.7
2026-06-09,SA,Adelaide,p98,178.4
2026-06-09,SA,Adelaide,ulp91,155.9
2026-06-09,SA,Port Lincoln,diesel,195.5
2026-06-09,SA,Port Lincoln,p98,188.3
2026-06-09,SA,Port Lincoln,ulp91,163.9
2026-06-09,TAS,Devonport,diesel,193.2
2026-06-09,TAS,Devonport,p95,171.3
2026-06-09,TAS,Devonport,ulp91,160.5
2026-06-09,TAS,Hobart,diesel,192.5
2026-06-09,TAS,Hobart,p95,171.4
2026-06-09,TAS,Hobart,p98,186.9
2026-06-09,TAS,Hobart,ulp91,160.6
2026-06-09,VIC,Geelong,diesel,186.2
2026-06-09,VIC,Geelong,p95,162.0
2026-06-09,VIC,Geelong,p98,176.1
2026-06-09,VIC,Geelong,ulp91,153.7
2026-06-09,VIC,Melbourne,diesel,186.2
2026-06-09,VIC,Melbourne,e10,155.0
2026-06-09,VIC,Melbourne,p95,162.0
2026-06-09,VIC,Melbourne,p98,176.1
2026-06-09,VIC,Melbourne,ulp91,153.7
2026-06-09,WA,Broome,diesel,218.3
2026-06-09,WA,Broome,p95,212.7
2026-06-09,WA,Broome,ulp91,203.5
2026-06-09,WA,Cocos Island,diesel,234.8
2026-06-09,WA,Cocos Island,p95,378.0
2026-06-09,WA,Dampier,diesel,207.7
2026-06-09,WA,Esperance,diesel,192.2
2026-06-09,WA,King Bay,diesel,207.7
2026-06-09,WA,Perth,diesel,186.1
2026-06-09,WA,Perth,p95,167.8
2026-06-09,WA,Perth,p98,181.8
2026-06-09,WA,Perth,ulp91,155.4
2026-06-09,WA,Port Hedland,diesel,214.6
2026-06-10,NSW,Newcastle,diesel,187.8
2026-06-10,NSW,Sydney,diesel,187.7
2026-06-10,NSW,Sydney,e10,156.8
2026-06-10,NSW,Sydney,p95,164.8
2026-06-10,NSW,Sydney,p98,178.5
2026-06-10,NSW,Sydney,ulp91,156.5
2026-06-10,NT,Darwin,diesel,193.3
2026-06-10,NT,Darwin,p95,171.0
2026-06-10,NT,Darwin,ulp91,160.5
2026-06-10,QLD,Brisbane,b5,195.2
2026-06-10,QLD,Brisbane,diesel,186.5
2026-06-10,QLD,Brisbane,e10,156.0
2026-06-10,QLD,Brisbane,p95,163.0
2026-06-10,QLD,Brisbane,p98,176.9
2026-06-10,QLD,Brisbane,ulp91,154.7
2026-06-10,QLD,Cairns,diesel,192.1
2026-06-10,QLD,Cairns,p95,174.4
2026-06-10,QLD,Cairns,ulp91,161.7
2026-06-10,QLD,Gladstone,diesel,190.5
2026-06-10,QLD,Gladstone,p95,168.3
2026-06-10,QLD,Gladstone,ulp91,161.5
2026-06-10,QLD,Mackay,diesel,190.4
2026-06-10,QLD,Mackay,ulp91,161.9
2026-06-10,QLD,Townsville,diesel,191.8
2026-06-10,QLD,Townsville,p95,170.0
2026-06-10,QLD,Townsville,p98,186.0
2026-06-10,QLD,Townsville,ulp91,161.4
2026-06-10,QLD,Weipa,diesel,202.3
2026-06-10,QLD,Weipa,ulp91,184.8
2026-06-10,SA,Adelaide,diesel,188.3
2026-06-10,SA,Adelaide,e10,157.9
2026-06-10,SA,Adelaide,p95,163.8
2026-06-10,SA,Adelaide,p98,178.7
2026-06-10,SA,Adelaide,ulp91,156.1
2026-06-10,SA,Port Lincoln,diesel,196.2
2026-06-10,SA,Port Lincoln,p98,188.5
2026-06-10,SA,Port Lincoln,ulp91,164.1
2026-06-10,TAS,Devonport,diesel,193.9
2026-06-10,TAS,Devonport,p95,171.6
2026-06-10,TAS,Devonport,ulp91,160.7
2026-06-10,TAS,Hobart,diesel,193.2
2026-06-10,TAS,Hobart,p95,171.6
2026-06-10,TAS,Hobart,p98,187.1
2026-06-10,TAS,Hobart,ulp91,160.8
2026-06-10,VIC,Geelong,diesel,186.9
2026-06-10,VIC,Geelong,p95,162.2
2026-06-10,VIC,Geelong,p98,176.3
2026-06-10,VIC,Geelong,ulp91,153.9
2026-06-10,VIC,Melbourne,diesel,186.9
2026-06-10,VIC,Melbourne,e10,155.1
2026-06-10,VIC,Melbourne,p95,162.2
2026-06-10,VIC,Melbourne,p98,176.3
2026-06-10,VIC,Melbourne,ulp91,153.9
2026-06-10,WA,Broome,diesel,219.0
2026-06-10,WA,Broome,p95,212.8
2026-06-10,WA,Broome,ulp91,203.5
2026-06-10,WA,Cocos Island,diesel,235.4
2026-06-10,WA,Cocos Island,p95,378.2
2026-06-10,WA,Dampier,diesel,208.4
2026-06-10,WA,Esperance,diesel,192.9
2026-06-10,WA,King Bay,diesel,208.4
2026-06-10,WA,Perth,diesel,186.9
2026-06-10,WA,Perth,p95,168.0
2026-06-10,WA,Perth,p98,182.0
2026-06-10,WA,Perth,ulp91,155.6
2026-06-10,WA,Port Hedland,diesel,215.3
2026-06-11,NSW,Newcastle,diesel,189.6
2026-06-11,NSW,Sydney,diesel,189.6
2026-06-11,NSW,Sydney,e10,158.5
2026-06-11,NSW,Sydney,p95,166.7
2026-06-11,NSW,Sydney,p98,180.4
2026-06-11,NSW,Sydney,ulp91,158.2
2026-06-11,NT,Darwin,diesel,195.2
2026-06-11,NT,Darwin,p95,172.9
2026-06-11,NT,Darwin,ulp91,162.2
2026-06-11,QLD,Brisbane,b5,196.9
2026-06-11,QLD,Brisbane,diesel,188.4
2026-06-11,QLD,Brisbane,e10,157.7
2026-06-11,QLD,Brisbane,p95,164.9
2026-06-11,QLD,Brisbane,p98,178.7
2026-06-11,QLD,Brisbane,ulp91,156.4
2026-06-11,QLD,Cairns,diesel,193.9
2026-06-11,QLD,Cairns,p95,176.2
2026-06-11,QLD,Cairns,ulp91,163.4
2026-06-11,QLD,Gladstone,diesel,192.4
2026-06-11,QLD,Gladstone,p95,170.1
2026-06-11,QLD,Gladstone,ulp91,163.2
2026-06-11,QLD,Mackay,diesel,192.3
2026-06-11,QLD,Mackay,ulp91,163.7
2026-06-11,QLD,Townsville,diesel,193.6
2026-06-11,QLD,Townsville,p95,171.8
2026-06-11,QLD,Townsville,p98,187.9
2026-06-11,QLD,Townsville,ulp91,163.1
2026-06-11,QLD,Weipa,diesel,204.2
2026-06-11,QLD,Weipa,ulp91,186.5
2026-06-11,SA,Adelaide,diesel,190.2
2026-06-11,SA,Adelaide,e10,159.6
2026-06-11,SA,Adelaide,p95,165.7
2026-06-11,SA,Adelaide,p98,180.5
2026-06-11,SA,Adelaide,ulp91,157.8
2026-06-11,SA,Port Lincoln,diesel,198.0
2026-06-11,SA,Port Lincoln,p98,190.4
2026-06-11,SA,Port Lincoln,ulp91,165.8
2026-06-11,TAS,Devonport,diesel,195.8
2026-06-11,TAS,Devonport,p95,173.4
2026-06-11,TAS,Devonport,ulp91,162.4
2026-06-11,TAS,Hobart,diesel,195.1
2026-06-11,TAS,Hobart,p95,173.5
2026-06-11,TAS,Hobart,p98,189.0
2026-06-11,TAS,Hobart,ulp91,162.5
2026-06-11,VIC,Geelong,diesel,188.8
2026-06-11,VIC,Geelong,p95,164.1
2026-06-11,VIC,Geelong,p98,178.2
2026-06-11,VIC,Geelong,ulp91,155.6
2026-06-11,VIC,Melbourne,diesel,188.8
2026-06-11,VIC,Melbourne,e10,156.8
2026-06-11,VIC,Melbourne,p95,164.1
2026-06-11,VIC,Melbourne,p98,178.2
2026-06-11,VIC,Melbourne,ulp91,155.6
2026-06-11,WA,Broome,diesel,220.8
2026-06-11,WA,Broome,p95,214.5
2026-06-11,WA,Broome,ulp91,205.1
2026-06-11,WA,Cocos Island,diesel,237.2
2026-06-11,WA,Cocos Island,p95,379.9
2026-06-11,WA,Dampier,diesel,210.2
2026-06-11,WA,Esperance,diesel,194.8
2026-06-11,WA,King Bay,diesel,210.2
2026-06-11,WA,Perth,diesel,188.7
2026-06-11,WA,Perth,p95,169.9
2026-06-11,WA,Perth,p98,183.9
2026-06-11,WA,Perth,ulp91,157.4
2026-06-11,WA,Port Hedland,diesel,217.2
2026-06-12,NSW,Newcastle,diesel,188.6
2026-06-12,NSW,Sydney,diesel,188.6
2026-06-12,NSW,Sydney,e10,159.9
2026-06-12,NSW,Sydney,p95,168.3
2026-06-12,NSW,Sydney,p98,181.9
2026-06-12,NSW,Sydney,ulp91,159.6
2026-06-12,NT,Darwin,diesel,194.2
2026-06-12,NT,Darwin,p95,174.5
2026-06-12,NT,Darwin,ulp91,163.6
2026-06-12,QLD,Brisbane,b5,195.9
2026-06-12,QLD,Brisbane,diesel,187.4
2026-06-12,QLD,Brisbane,e10,159.1
2026-06-12,QLD,Brisbane,p95,166.4
2026-06-12,QLD,Brisbane,p98,180.3
2026-06-12,QLD,Brisbane,ulp91,157.8
2026-06-12,QLD,Cairns,diesel,192.9
2026-06-12,QLD,Cairns,p95,177.8
2026-06-12,QLD,Cairns,ulp91,164.8
2026-06-12,QLD,Gladstone,diesel,191.3
2026-06-12,QLD,Gladstone,p95,171.7
2026-06-12,QLD,Gladstone,ulp91,164.7
2026-06-12,QLD,Mackay,diesel,191.2
2026-06-12,QLD,Mackay,ulp91,165.1
2026-06-12,QLD,Townsville,diesel,192.6
2026-06-12,QLD,Townsville,p95,173.4
2026-06-12,QLD,Townsville,p98,189.5
2026-06-12,QLD,Townsville,ulp91,164.5
2026-06-12,QLD,Weipa,diesel,203.1
2026-06-12,QLD,Weipa,ulp91,187.9
2026-06-12,SA,Adelaide,diesel,189.2
2026-06-12,SA,Adelaide,e10,161.0
2026-06-12,SA,Adelaide,p95,167.3
2026-06-12,SA,Adelaide,p98,182.1
2026-06-12,SA,Adelaide,ulp91,159.2
2026-06-12,SA,Port Lincoln,diesel,197.0
2026-06-12,SA,Port Lincoln,p98,191.9
2026-06-12,SA,Port Lincoln,ulp91,167.2
2026-06-12,TAS,Devonport,diesel,194.8
2026-06-12,TAS,Devonport,p95,175.0
2026-06-12,TAS,Devonport,ulp91,163.8
2026-06-12,TAS,Hobart,diesel,194.1
2026-06-12,TAS,Hobart,p95,175.0
2026-06-12,TAS,Hobart,p98,190.6
2026-06-12,TAS,Hobart,ulp91,163.9
2026-06-12,VIC,Geelong,diesel,187.8
2026-06-12,VIC,Geelong,p95,165.6
2026-06-12,VIC,Geelong,p98,179.8
2026-06-12,VIC,Geelong,ulp91,157.0
2026-06-12,VIC,Melbourne,diesel,187.8
2026-06-12,VIC,Melbourne,e10,158.2
2026-06-12,VIC,Melbourne,p95,165.6
2026-06-12,VIC,Melbourne,p98,179.8
2026-06-12,VIC,Melbourne,ulp91,157.0
2026-06-12,WA,Broome,diesel,219.8
2026-06-12,WA,Broome,p95,216.0
2026-06-12,WA,Broome,ulp91,206.4
2026-06-12,WA,Cocos Island,diesel,236.2
2026-06-12,WA,Cocos Island,p95,381.4
2026-06-12,WA,Dampier,diesel,209.2
2026-06-12,WA,Esperance,diesel,193.7
2026-06-12,WA,King Bay,diesel,209.2
2026-06-12,WA,Perth,diesel,187.7
2026-06-12,WA,Perth,p95,171.5
2026-06-12,WA,Perth,p98,185.5
2026-06-12,WA,Perth,ulp91,158.8
2026-06-12,WA,Port Hedland,diesel,216.2
2026-06-13,NSW,Newcastle,diesel,185.8
2026-06-13,NSW,Sydney,diesel,185.7
2026-06-13,NSW,Sydney,e10,160.0
2026-06-13,NSW,Sydney,p95,168.5
2026-06-13,NSW,Sydney,p98,182.2
2026-06-13,NSW,Sydney,ulp91,159.6
2026-06-13,NT,Darwin,diesel,191.4
2026-06-13,NT,Darwin,p95,174.7
2026-06-13,NT,Darwin,ulp91,163.7
2026-06-13,QLD,Brisbane,b5,193.3
2026-06-13,QLD,Brisbane,diesel,184.5
2026-06-13,QLD,Brisbane,e10,159.1
2026-06-13,QLD,Brisbane,p95,166.6
2026-06-13,QLD,Brisbane,p98,180.6
2026-06-13,QLD,Brisbane,ulp91,157.9
2026-06-13,QLD,Cairns,diesel,190.1
2026-06-13,QLD,Cairns,p95,178.0
2026-06-13,QLD,Cairns,ulp91,164.8
2026-06-13,QLD,Gladstone,diesel,188.5
2026-06-13,QLD,Gladstone,p95,171.9
2026-06-13,QLD,Gladstone,ulp91,164.7
2026-06-13,QLD,Mackay,diesel,188.4
2026-06-13,QLD,Mackay,ulp91,165.1
2026-06-13,QLD,Townsville,diesel,189.8
2026-06-13,QLD,Townsville,p95,173.6
2026-06-13,QLD,Townsville,p98,189.7
2026-06-13,QLD,Townsville,ulp91,164.6
2026-06-13,QLD,Weipa,diesel,200.3
2026-06-13,QLD,Weipa,ulp91,188.0
2026-06-13,SA,Adelaide,diesel,186.3
2026-06-13,SA,Adelaide,e10,161.1
2026-06-13,SA,Adelaide,p95,167.5
2026-06-13,SA,Adelaide,p98,182.4
2026-06-13,SA,Adelaide,ulp91,159.3
2026-06-13,SA,Port Lincoln,diesel,194.2
2026-06-13,SA,Port Lincoln,p98,192.2
2026-06-13,SA,Port Lincoln,ulp91,167.2
2026-06-13,TAS,Devonport,diesel,191.9
2026-06-13,TAS,Devonport,p95,175.2
2026-06-13,TAS,Devonport,ulp91,163.8
2026-06-13,TAS,Hobart,diesel,191.2
2026-06-13,TAS,Hobart,p95,175.2
2026-06-13,TAS,Hobart,p98,190.8
2026-06-13,TAS,Hobart,ulp91,163.9
2026-06-13,VIC,Geelong,diesel,184.9
2026-06-13,VIC,Geelong,p95,165.8
2026-06-13,VIC,Geelong,p98,180.1
2026-06-13,VIC,Geelong,ulp91,157.1
2026-06-13,VIC,Melbourne,diesel,184.9
2026-06-13,VIC,Melbourne,e10,158.3
2026-06-13,VIC,Melbourne,p95,165.8
2026-06-13,VIC,Melbourne,p98,180.1
2026-06-13,VIC,Melbourne,ulp91,157.1
2026-06-13,WA,Broome,diesel,216.9
2026-06-13,WA,Broome,p95,216.2
2026-06-13,WA,Broome,ulp91,206.4
2026-06-13,WA,Cocos Island,diesel,233.7
2026-06-13,WA,Cocos Island,p95,381.6
2026-06-13,WA,Dampier,diesel,206.4
2026-06-13,WA,Esperance,diesel,190.9
2026-06-13,WA,King Bay,diesel,206.4
2026-06-13,WA,Perth,diesel,184.9
2026-06-13,WA,Perth,p95,171.7
2026-06-13,WA,Perth,p98,185.8
2026-06-13,WA,Perth,ulp91,158.8
2026-06-13,WA,Port Hedland,diesel,213.4
2026-06-16,NSW,Newcastle,diesel,183.8
2026-06-16,NSW,Sydney,diesel,183.8
2026-06-16,NSW,Sydney,e10,160.8
2026-06-16,NSW,Sydney,p95,169.5
2026-06-16,NSW,Sydney,p98,183.2
2026-06-16,NSW,Sydney,ulp91,160.5
2026-06-16,NT,Darwin,diesel,189.4
2026-06-16,NT,Darwin,p95,175.7
2026-06-16,NT,Darwin,ulp91,164.6
2026-06-16,QLD,Brisbane,b5,191.4
2026-06-16,QLD,Brisbane,diesel,182.6
2026-06-16,QLD,Brisbane,e10,160.0
2026-06-16,QLD,Brisbane,p95,167.7
2026-06-16,QLD,Brisbane,p98,181.6
2026-06-16,QLD,Brisbane,ulp91,158.7
2026-06-16,QLD,Cairns,diesel,188.2
2026-06-16,QLD,Cairns,p95,179.1
2026-06-16,QLD,Cairns,ulp91,165.7
2026-06-16,QLD,Gladstone,diesel,186.6
2026-06-16,QLD,Gladstone,p95,172.9
2026-06-16,QLD,Gladstone,ulp91,165.6
2026-06-16,QLD,Mackay,diesel,186.5
2026-06-16,QLD,Mackay,ulp91,166.0
2026-06-16,QLD,Townsville,diesel,187.9
2026-06-16,QLD,Townsville,p95,174.6
2026-06-16,QLD,Townsville,p98,190.8
2026-06-16,QLD,Townsville,ulp91,165.4
2026-06-16,QLD,Weipa,diesel,198.3
2026-06-16,QLD,Weipa,ulp91,188.8
2026-06-16,SA,Adelaide,diesel,184.4
2026-06-16,SA,Adelaide,e10,161.9
2026-06-16,SA,Adelaide,p95,168.5
2026-06-16,SA,Adelaide,p98,183.4
2026-06-16,SA,Adelaide,ulp91,160.2
2026-06-16,SA,Port Lincoln,diesel,192.2
2026-06-16,SA,Port Lincoln,p98,193.2
2026-06-16,SA,Port Lincoln,ulp91,168.1
2026-06-16,TAS,Devonport,diesel,190.0
2026-06-16,TAS,Devonport,p95,176.2
2026-06-16,TAS,Devonport,ulp91,164.7
2026-06-16,TAS,Hobart,diesel,189.3
2026-06-16,TAS,Hobart,p95,176.2
2026-06-16,TAS,Hobart,p98,191.8
2026-06-16,TAS,Hobart,ulp91,164.8
2026-06-16,VIC,Geelong,diesel,183.0
2026-06-16,VIC,Geelong,p95,166.8
2026-06-16,VIC,Geelong,p98,181.1
2026-06-16,VIC,Geelong,ulp91,157.9
2026-06-16,VIC,Melbourne,diesel,183.0
2026-06-16,VIC,Melbourne,e10,159.2
2026-06-16,VIC,Melbourne,p95,166.8
2026-06-16,VIC,Melbourne,p98,181.1
2026-06-16,VIC,Melbourne,ulp91,157.9
2026-06-16,WA,Broome,diesel,215.0
2026-06-16,WA,Broome,p95,217.1
2026-06-16,WA,Broome,ulp91,207.2
2026-06-16,WA,Cocos Island,diesel,231.9
2026-06-16,WA,Cocos Island,p95,382.5
2026-06-16,WA,Dampier,diesel,204.5
2026-06-16,WA,Esperance,diesel,189.0
2026-06-16,WA,King Bay,diesel,204.5
2026-06-16,WA,Perth,diesel,183.0
2026-06-16,WA,Perth,p95,172.7
2026-06-16,WA,Perth,p98,186.8
2026-06-16,WA,Perth,ulp91,159.7
2026-06-16,WA,Port Hedland,diesel,211.5
2026-06-17,NSW,Newcastle,diesel,179.3
2026-06-17,NSW,Sydney,diesel,179.3
2026-06-17,NSW,Sydney,e10,159.7
2026-06-17,NSW,Sydney,p95,168.4
2026-06-17,NSW,Sydney,p98,182.2
2026-06-17,NSW,Sydney,ulp91,159.3
2026-06-17,NT,Darwin,diesel,184.9
2026-06-17,NT,Darwin,p95,174.7
2026-06-17,NT,Darwin,ulp91,163.4
2026-06-17,QLD,Brisbane,b5,187.0
2026-06-17,QLD,Brisbane,diesel,178.1
2026-06-17,QLD,Brisbane,e10,158.8
2026-06-17,QLD,Brisbane,p95,166.6
2026-06-17,QLD,Brisbane,p98,180.6
2026-06-17,QLD,Brisbane,ulp91,157.6
2026-06-17,QLD,Cairns,diesel,183.6
2026-06-17,QLD,Cairns,p95,178.0
2026-06-17,QLD,Cairns,ulp91,164.5
2026-06-17,QLD,Gladstone,diesel,182.1
2026-06-17,QLD,Gladstone,p95,171.9
2026-06-17,QLD,Gladstone,ulp91,164.4
2026-06-17,QLD,Mackay,diesel,181.9
2026-06-17,QLD,Mackay,ulp91,164.8
2026-06-17,QLD,Townsville,diesel,183.3
2026-06-17,QLD,Townsville,p95,173.6
2026-06-17,QLD,Townsville,p98,189.7
2026-06-17,QLD,Townsville,ulp91,164.3
2026-06-17,QLD,Weipa,diesel,193.8
2026-06-17,QLD,Weipa,ulp91,187.6
2026-06-17,SA,Adelaide,diesel,179.8
2026-06-17,SA,Adelaide,e10,160.7
2026-06-17,SA,Adelaide,p95,167.5
2026-06-17,SA,Adelaide,p98,182.4
2026-06-17,SA,Adelaide,ulp91,158.9
2026-06-17,SA,Port Lincoln,diesel,187.7
2026-06-17,SA,Port Lincoln,p98,192.2
2026-06-17,SA,Port Lincoln,ulp91,166.9
2026-06-17,TAS,Devonport,diesel,185.5
2026-06-17,TAS,Devonport,p95,175.1
2026-06-17,TAS,Devonport,ulp91,163.5
2026-06-17,TAS,Hobart,diesel,184.8
2026-06-17,TAS,Hobart,p95,175.2
2026-06-17,TAS,Hobart,p98,190.8
2026-06-17,TAS,Hobart,ulp91,163.6
2026-06-17,VIC,Geelong,diesel,178.5
2026-06-17,VIC,Geelong,p95,165.8
2026-06-17,VIC,Geelong,p98,180.1
2026-06-17,VIC,Geelong,ulp91,156.8
2026-06-17,VIC,Melbourne,diesel,178.5
2026-06-17,VIC,Melbourne,e10,158.0
2026-06-17,VIC,Melbourne,p95,165.8
2026-06-17,VIC,Melbourne,p98,180.1
2026-06-17,VIC,Melbourne,ulp91,156.8
2026-06-17,WA,Broome,diesel,210.4
2026-06-17,WA,Broome,p95,215.8
2026-06-17,WA,Broome,ulp91,205.8
2026-06-17,WA,Cocos Island,diesel,227.8
2026-06-17,WA,Cocos Island,p95,381.6
2026-06-17,WA,Dampier,diesel,200.0
2026-06-17,WA,Esperance,diesel,184.5
2026-06-17,WA,King Bay,diesel,200.0
2026-06-17,WA,Perth,diesel,178.5
2026-06-17,WA,Perth,p95,171.7
2026-06-17,WA,Perth,p98,185.8
2026-06-17,WA,Perth,ulp91,158.5
2026-06-17,WA,Port Hedland,diesel,206.9
2026-06-18,NSW,Newcastle,diesel,174.4
2026-06-18,NSW,Sydney,diesel,174.4
2026-06-18,NSW,Sydney,e10,157.0
2026-06-18,NSW,Sydney,p95,165.8
2026-06-18,NSW,Sydney,p98,179.5
2026-06-18,NSW,Sydney,ulp91,156.6
2026-06-18,NT,Darwin,diesel,180.1
2026-06-18,NT,Darwin,p95,172.1
2026-06-18,NT,Darwin,ulp91,160.7
2026-06-18,QLD,Brisbane,b5,182.4
2026-06-18,QLD,Brisbane,diesel,173.2
2026-06-18,QLD,Brisbane,e10,156.1
2026-06-18,QLD,Brisbane,p95,164.0
2026-06-18,QLD,Brisbane,p98,177.9
2026-06-18,QLD,Brisbane,ulp91,154.9
2026-06-18,QLD,Cairns,diesel,178.8
2026-06-18,QLD,Cairns,p95,175.3
2026-06-18,QLD,Cairns,ulp91,161.8
2026-06-18,QLD,Gladstone,diesel,177.2
2026-06-18,QLD,Gladstone,p95,169.2
2026-06-18,QLD,Gladstone,ulp91,161.7
2026-06-18,QLD,Mackay,diesel,177.1
2026-06-18,QLD,Mackay,ulp91,162.1
2026-06-18,QLD,Townsville,diesel,178.5
2026-06-18,QLD,Townsville,p95,170.9
2026-06-18,QLD,Townsville,p98,187.0
2026-06-18,QLD,Townsville,ulp91,161.6
2026-06-18,QLD,Weipa,diesel,188.9
2026-06-18,QLD,Weipa,ulp91,184.9
2026-06-18,SA,Adelaide,diesel,174.9
2026-06-18,SA,Adelaide,e10,158.1
2026-06-18,SA,Adelaide,p95,164.8
2026-06-18,SA,Adelaide,p98,179.7
2026-06-18,SA,Adelaide,ulp91,156.3
2026-06-18,SA,Port Lincoln,diesel,182.8
2026-06-18,SA,Port Lincoln,p98,189.5
2026-06-18,SA,Port Lincoln,ulp91,164.2
2026-06-18,TAS,Devonport,diesel,180.6
2026-06-18,TAS,Devonport,p95,172.4
2026-06-18,TAS,Devonport,ulp91,160.8
2026-06-18,TAS,Hobart,diesel,179.9
2026-06-18,TAS,Hobart,p95,172.5
2026-06-18,TAS,Hobart,p98,188.1
2026-06-18,TAS,Hobart,ulp91,160.9
2026-06-18,VIC,Geelong,diesel,173.6
2026-06-18,VIC,Geelong,p95,163.1
2026-06-18,VIC,Geelong,p98,177.4
2026-06-18,VIC,Geelong,ulp91,154.1
2026-06-18,VIC,Melbourne,diesel,173.6
2026-06-18,VIC,Melbourne,e10,155.3
2026-06-18,VIC,Melbourne,p95,163.1
2026-06-18,VIC,Melbourne,p98,177.4
2026-06-18,VIC,Melbourne,ulp91,154.1
2026-06-18,WA,Broome,diesel,205.5
2026-06-18,WA,Broome,p95,213.0
2026-06-18,WA,Broome,ulp91,202.9
2026-06-18,WA,Cocos Island,diesel,223.4
2026-06-18,WA,Cocos Island,p95,379.2
2026-06-18,WA,Dampier,diesel,195.1
2026-06-18,WA,Esperance,diesel,179.6
2026-06-18,WA,King Bay,diesel,195.1
2026-06-18,WA,Perth,diesel,173.6
2026-06-18,WA,Perth,p95,169.1
2026-06-18,WA,Perth,p98,183.2
2026-06-18,WA,Perth,ulp91,155.9
2026-06-18,WA,Port Hedland,diesel,202.1
2026-06-19,NSW,Newcastle,diesel,170.1
2026-06-19,NSW,Sydney,diesel,170.0
2026-06-19,NSW,Sydney,e10,154.5
2026-06-19,NSW,Sydney,p95,163.3
2026-06-19,NSW,Sydney,p98,177.1
2026-06-19,NSW,Sydney,ulp91,154.1
2026-06-19,NT,Darwin,diesel,175.7
2026-06-19,NT,Darwin,p95,169.6
2026-06-19,NT,Darwin,ulp91,158.3
2026-06-19,QLD,Brisbane,b5,178.2
2026-06-19,QLD,Brisbane,diesel,168.8
2026-06-19,QLD,Brisbane,e10,153.7
2026-06-19,QLD,Brisbane,p95,161.5
2026-06-19,QLD,Brisbane,p98,175.5
2026-06-19,QLD,Brisbane,ulp91,152.4
2026-06-19,QLD,Cairns,diesel,174.4
2026-06-19,QLD,Cairns,p95,172.8
2026-06-19,QLD,Cairns,ulp91,159.4
2026-06-19,QLD,Gladstone,diesel,172.8
2026-06-19,QLD,Gladstone,p95,166.8
2026-06-19,QLD,Gladstone,ulp91,159.2
2026-06-19,QLD,Mackay,diesel,172.7
2026-06-19,QLD,Mackay,ulp91,159.6
2026-06-19,QLD,Townsville,diesel,174.1
2026-06-19,QLD,Townsville,p95,168.4
2026-06-19,QLD,Townsville,p98,184.6
2026-06-19,QLD,Townsville,ulp91,159.1
2026-06-19,QLD,Weipa,diesel,184.5
2026-06-19,QLD,Weipa,ulp91,182.4
2026-06-19,SA,Adelaide,diesel,170.5
2026-06-19,SA,Adelaide,e10,155.6
2026-06-19,SA,Adelaide,p95,162.3
2026-06-19,SA,Adelaide,p98,177.2
2026-06-19,SA,Adelaide,ulp91,153.8
2026-06-19,SA,Port Lincoln,diesel,178.4
2026-06-19,SA,Port Lincoln,p98,187.1
2026-06-19,SA,Port Lincoln,ulp91,161.7
2026-06-19,TAS,Devonport,diesel,176.2
2026-06-19,TAS,Devonport,p95,170.0
2026-06-19,TAS,Devonport,ulp91,158.3
2026-06-19,TAS,Hobart,diesel,175.5
2026-06-19,TAS,Hobart,p95,170.0
2026-06-19,TAS,Hobart,p98,185.6
2026-06-19,TAS,Hobart,ulp91,158.4
2026-06-19,VIC,Geelong,diesel,169.2
2026-06-19,VIC,Geelong,p95,160.7
2026-06-19,VIC,Geelong,p98,175.0
2026-06-19,VIC,Geelong,ulp91,151.6
2026-06-19,VIC,Melbourne,diesel,169.2
2026-06-19,VIC,Melbourne,e10,152.8
2026-06-19,VIC,Melbourne,p95,160.7
2026-06-19,VIC,Melbourne,p98,175.0
2026-06-19,VIC,Melbourne,ulp91,151.6
2026-06-19,WA,Broome,diesel,201.1
2026-06-19,WA,Broome,p95,210.2
2026-06-19,WA,Broome,ulp91,200.1
2026-06-19,WA,Cocos Island,diesel,219.5
2026-06-19,WA,Cocos Island,p95,376.9
2026-06-19,WA,Dampier,diesel,190.8
2026-06-19,WA,Esperance,diesel,175.2
2026-06-19,WA,King Bay,diesel,190.8
2026-06-19,WA,Perth,diesel,169.2
2026-06-19,WA,Perth,p95,166.6
2026-06-19,WA,Perth,p98,180.7
2026-06-19,WA,Perth,ulp91,153.4
2026-06-19,WA,Port Hedland,diesel,197.7
2026-06-20,NSW,Newcastle,diesel,165.6
2026-06-20,NSW,Sydney,diesel,165.5
2026-06-20,NSW,Sydney,e10,151.7
2026-06-20,NSW,Sydney,p95,160.5
2026-06-20,NSW,Sydney,p98,174.2
2026-06-20,NSW,Sydney,ulp91,151.3
2026-06-20,NT,Darwin,diesel,171.3
2026-06-20,NT,Darwin,p95,166.8
2026-06-20,NT,Darwin,ulp91,155.5
2026-06-20,QLD,Brisbane,b5,173.9
2026-06-20,QLD,Brisbane,diesel,164.3
2026-06-20,QLD,Brisbane,e10,150.9
2026-06-20,QLD,Brisbane,p95,158.7
2026-06-20,QLD,Brisbane,p98,172.7
2026-06-20,QLD,Brisbane,ulp91,149.6
2026-06-20,QLD,Cairns,diesel,169.9
2026-06-20,QLD,Cairns,p95,170.0
2026-06-20,QLD,Cairns,ulp91,156.6
2026-06-20,QLD,Gladstone,diesel,168.3
2026-06-20,QLD,Gladstone,p95,163.9
2026-06-20,QLD,Gladstone,ulp91,156.4
2026-06-20,QLD,Mackay,diesel,168.2
2026-06-20,QLD,Mackay,ulp91,156.8
2026-06-20,QLD,Townsville,diesel,169.6
2026-06-20,QLD,Townsville,p95,165.6
2026-06-20,QLD,Townsville,p98,181.8
2026-06-20,QLD,Townsville,ulp91,156.3
2026-06-20,QLD,Weipa,diesel,179.9
2026-06-20,QLD,Weipa,ulp91,179.5
2026-06-20,SA,Adelaide,diesel,166.1
2026-06-20,SA,Adelaide,e10,152.8
2026-06-20,SA,Adelaide,p95,159.5
2026-06-20,SA,Adelaide,p98,174.4
2026-06-20,SA,Adelaide,ulp91,151.0
2026-06-20,SA,Port Lincoln,diesel,173.9
2026-06-20,SA,Port Lincoln,p98,184.2
2026-06-20,SA,Port Lincoln,ulp91,158.9
2026-06-20,TAS,Devonport,diesel,171.7
2026-06-20,TAS,Devonport,p95,167.2
2026-06-20,TAS,Devonport,ulp91,155.5
2026-06-20,TAS,Hobart,diesel,171.0
2026-06-20,TAS,Hobart,p95,167.2
2026-06-20,TAS,Hobart,p98,182.8
2026-06-20,TAS,Hobart,ulp91,155.6
2026-06-20,VIC,Geelong,diesel,164.7
2026-06-20,VIC,Geelong,p95,157.9
2026-06-20,VIC,Geelong,p98,172.2
2026-06-20,VIC,Geelong,ulp91,148.8
2026-06-20,VIC,Melbourne,diesel,164.7
2026-06-20,VIC,Melbourne,e10,150.1
2026-06-20,VIC,Melbourne,p95,157.9
2026-06-20,VIC,Melbourne,p98,172.2
2026-06-20,VIC,Melbourne,ulp91,148.8
2026-06-20,WA,Broome,diesel,196.6
2026-06-20,WA,Broome,p95,207.1
2026-06-20,WA,Broome,ulp91,197.0
2026-06-20,WA,Cocos Island,diesel,215.4
2026-06-20,WA,Cocos Island,p95,374.4
2026-06-20,WA,Dampier,diesel,186.3
2026-06-20,WA,Esperance,diesel,170.8
2026-06-20,WA,King Bay,diesel,186.3
2026-06-20,WA,Perth,diesel,164.8
2026-06-20,WA,Perth,p95,163.8
2026-06-20,WA,Perth,p98,177.9
2026-06-20,WA,Perth,ulp91,150.6
2026-06-20,WA,Port Hedland,diesel,193.2
2026-06-23,NSW,Newcastle,diesel,160.5
2026-06-23,NSW,Sydney,diesel,160.4
2026-06-23,NSW,Sydney,e10,148.7
2026-06-23,NSW,Sydney,p95,157.4
2026-06-23,NSW,Sydney,p98,171.2
2026-06-23,NSW,Sydney,ulp91,148.3
2026-06-23,NT,Darwin,diesel,166.2
2026-06-23,NT,Darwin,p95,163.8
2026-06-23,NT,Darwin,ulp91,152.4
2026-06-23,QLD,Brisbane,b5,169.1
2026-06-23,QLD,Brisbane,diesel,159.2
2026-06-23,QLD,Brisbane,e10,147.8
2026-06-23,QLD,Brisbane,p95,155.6
2026-06-23,QLD,Brisbane,p98,169.6
2026-06-23,QLD,Brisbane,ulp91,146.5
2026-06-23,QLD,Cairns,diesel,164.8
2026-06-23,QLD,Cairns,p95,167.0
2026-06-23,QLD,Cairns,ulp91,153.5
2026-06-23,QLD,Gladstone,diesel,163.2
2026-06-23,QLD,Gladstone,p95,160.8
2026-06-23,QLD,Gladstone,ulp91,153.3
2026-06-23,QLD,Mackay,diesel,163.1
2026-06-23,QLD,Mackay,ulp91,153.7
2026-06-23,QLD,Townsville,diesel,164.5
2026-06-23,QLD,Townsville,p95,162.5
2026-06-23,QLD,Townsville,p98,178.7
2026-06-23,QLD,Townsville,ulp91,153.2
2026-06-23,QLD,Weipa,diesel,174.8
2026-06-23,QLD,Weipa,ulp91,176.4
2026-06-23,SA,Adelaide,diesel,160.9
2026-06-23,SA,Adelaide,e10,149.7
2026-06-23,SA,Adelaide,p95,156.5
2026-06-23,SA,Adelaide,p98,171.4
2026-06-23,SA,Adelaide,ulp91,147.9
2026-06-23,SA,Port Lincoln,diesel,168.7
2026-06-23,SA,Port Lincoln,p98,181.2
2026-06-23,SA,Port Lincoln,ulp91,155.8
2026-06-23,TAS,Devonport,diesel,166.6
2026-06-23,TAS,Devonport,p95,164.1
2026-06-23,TAS,Devonport,ulp91,152.4
2026-06-23,TAS,Hobart,diesel,165.8
2026-06-23,TAS,Hobart,p95,164.2
2026-06-23,TAS,Hobart,p98,179.7
2026-06-23,TAS,Hobart,ulp91,152.5
2026-06-23,VIC,Geelong,diesel,159.6
2026-06-23,VIC,Geelong,p95,154.8
2026-06-23,VIC,Geelong,p98,169.1
2026-06-23,VIC,Geelong,ulp91,145.8
2026-06-23,VIC,Melbourne,diesel,159.6
2026-06-23,VIC,Melbourne,e10,147.0
2026-06-23,VIC,Melbourne,p95,154.8
2026-06-23,VIC,Melbourne,p98,169.1
2026-06-23,VIC,Melbourne,ulp91,145.8
2026-06-23,WA,Broome,diesel,191.4
2026-06-23,WA,Broome,p95,203.7
2026-06-23,WA,Broome,ulp91,193.6
2026-06-23,WA,Cocos Island,diesel,210.8
2026-06-23,WA,Cocos Island,p95,371.6
2026-06-23,WA,Dampier,diesel,181.3
2026-06-23,WA,Esperance,diesel,165.7
2026-06-23,WA,King Bay,diesel,181.3
2026-06-23,WA,Perth,diesel,159.7
2026-06-23,WA,Perth,p95,160.8
2026-06-23,WA,Perth,p98,174.9
2026-06-23,WA,Perth,ulp91,147.6
2026-06-23,WA,Port Hedland,diesel,188.1
2026-06-24,NSW,Newcastle,diesel,157.8
2026-06-24,NSW,Sydney,diesel,157.7
2026-06-24,NSW,Sydney,e10,147.3
2026-06-24,NSW,Sydney,p95,156.1
2026-06-24,NSW,Sydney,p98,169.8
2026-06-24,NSW,Sydney,ulp91,146.9
2026-06-24,NT,Darwin,diesel,163.5
2026-06-24,NT,Darwin,p95,162.5
2026-06-24,NT,Darwin,ulp91,151.1
2026-06-24,QLD,Brisbane,b5,166.6
2026-06-24,QLD,Brisbane,diesel,156.5
2026-06-24,QLD,Brisbane,e10,146.5
2026-06-24,QLD,Brisbane,p95,154.3
2026-06-24,QLD,Brisbane,p98,168.3
2026-06-24,QLD,Brisbane,ulp91,145.2
2026-06-24,QLD,Cairns,diesel,162.1
2026-06-24,QLD,Cairns,p95,165.6
2026-06-24,QLD,Cairns,ulp91,152.2
2026-06-24,QLD,Gladstone,diesel,160.5
2026-06-24,QLD,Gladstone,p95,159.5
2026-06-24,QLD,Gladstone,ulp91,152.0
2026-06-24,QLD,Mackay,diesel,160.4
2026-06-24,QLD,Mackay,ulp91,152.4
2026-06-24,QLD,Townsville,diesel,161.8
2026-06-24,QLD,Townsville,p95,161.2
2026-06-24,QLD,Townsville,p98,177.3
2026-06-24,QLD,Townsville,ulp91,151.9
2026-06-24,QLD,Weipa,diesel,172.1
2026-06-24,QLD,Weipa,ulp91,175.1
2026-06-24,SA,Adelaide,diesel,158.3
2026-06-24,SA,Adelaide,e10,148.4
2026-06-24,SA,Adelaide,p95,155.1
2026-06-24,SA,Adelaide,p98,170.0
2026-06-24,SA,Adelaide,ulp91,146.6
2026-06-24,SA,Port Lincoln,diesel,166.1
2026-06-24,SA,Port Lincoln,p98,179.8
2026-06-24,SA,Port Lincoln,ulp91,154.5
2026-06-24,TAS,Devonport,diesel,163.9
2026-06-24,TAS,Devonport,p95,162.7
2026-06-24,TAS,Devonport,ulp91,151.1
2026-06-24,TAS,Hobart,diesel,163.2
2026-06-24,TAS,Hobart,p95,162.8
2026-06-24,TAS,Hobart,p98,178.4
2026-06-24,TAS,Hobart,ulp91,151.2
2026-06-24,VIC,Geelong,diesel,157.0
2026-06-24,VIC,Geelong,p95,153.5
2026-06-24,VIC,Geelong,p98,167.8
2026-06-24,VIC,Geelong,ulp91,144.4
2026-06-24,VIC,Melbourne,diesel,157.0
2026-06-24,VIC,Melbourne,e10,145.7
2026-06-24,VIC,Melbourne,p95,153.5
2026-06-24,VIC,Melbourne,p98,167.8
2026-06-24,VIC,Melbourne,ulp91,144.4
2026-06-24,WA,Broome,diesel,188.7
2026-06-24,WA,Broome,p95,202.2
2026-06-24,WA,Broome,ulp91,192.1
2026-06-24,WA,Cocos Island,diesel,208.4
2026-06-24,WA,Cocos Island,p95,370.4
2026-06-24,WA,Dampier,diesel,178.6
2026-06-24,WA,Esperance,diesel,163.0
2026-06-24,WA,King Bay,diesel,178.6
2026-06-24,WA,Perth,diesel,157.0
2026-06-24,WA,Perth,p95,159.5
2026-06-24,WA,Perth,p98,173.6
2026-06-24,WA,Perth,ulp91,146.3
2026-06-24,WA,Port Hedland,diesel,185.5
2026-06-25,NSW,Newcastle,diesel,157.0
2026-06-25,NSW,Sydney,diesel,156.9
2026-06-25,NSW,Sydney,e10,148.3
2026-06-25,NSW,Sydney,p95,157.0
2026-06-25,NSW,Sydney,p98,170.8
2026-06-25,NSW,Sydney,ulp91,147.9
2026-06-25,NT,Darwin,diesel,162.7
2026-06-25,NT,Darwin,p95,163.4
2026-06-25,NT,Darwin,ulp91,152.1
2026-06-25,QLD,Brisbane,b5,165.8
2026-06-25,QLD,Brisbane,diesel,155.7
2026-06-25,QLD,Brisbane,e10,147.5
2026-06-25,QLD,Brisbane,p95,155.2
2026-06-25,QLD,Brisbane,p98,169.2
2026-06-25,QLD,Brisbane,ulp91,146.2
2026-06-25,QLD,Cairns,diesel,161.3
2026-06-25,QLD,Cairns,p95,166.5
2026-06-25,QLD,Cairns,ulp91,153.2
2026-06-25,QLD,Gladstone,diesel,159.7
2026-06-25,QLD,Gladstone,p95,160.4
2026-06-25,QLD,Gladstone,ulp91,153.0
2026-06-25,QLD,Mackay,diesel,159.6
2026-06-25,QLD,Mackay,ulp91,153.4
2026-06-25,QLD,Townsville,diesel,161.0
2026-06-25,QLD,Townsville,p95,162.1
2026-06-25,QLD,Townsville,p98,178.3
2026-06-25,QLD,Townsville,ulp91,152.9
2026-06-25,QLD,Weipa,diesel,171.2
2026-06-25,QLD,Weipa,ulp91,176.0
2026-06-25,SA,Adelaide,diesel,157.4
2026-06-25,SA,Adelaide,e10,149.4
2026-06-25,SA,Adelaide,p95,156.1
2026-06-25,SA,Adelaide,p98,171.0
2026-06-25,SA,Adelaide,ulp91,147.6
2026-06-25,SA,Port Lincoln,diesel,165.2
2026-06-25,SA,Port Lincoln,p98,180.8
2026-06-25,SA,Port Lincoln,ulp91,155.4
2026-06-25,TAS,Devonport,diesel,163.0
2026-06-25,TAS,Devonport,p95,163.7
2026-06-25,TAS,Devonport,ulp91,152.1
2026-06-25,TAS,Hobart,diesel,162.3
2026-06-25,TAS,Hobart,p95,163.7
2026-06-25,TAS,Hobart,p98,179.3
2026-06-25,TAS,Hobart,ulp91,152.2
2026-06-25,VIC,Geelong,diesel,156.1
2026-06-25,VIC,Geelong,p95,154.4
2026-06-25,VIC,Geelong,p98,168.7
2026-06-25,VIC,Geelong,ulp91,145.4
2026-06-25,VIC,Melbourne,diesel,156.1
2026-06-25,VIC,Melbourne,e10,146.7
2026-06-25,VIC,Melbourne,p95,154.4
2026-06-25,VIC,Melbourne,p98,168.7
2026-06-25,VIC,Melbourne,ulp91,145.4
2026-06-25,WA,Broome,diesel,187.9
2026-06-25,WA,Broome,p95,203.0
2026-06-25,WA,Broome,ulp91,192.9
2026-06-25,WA,Cocos Island,diesel,207.6
2026-06-25,WA,Cocos Island,p95,371.3
2026-06-25,WA,Dampier,diesel,177.8
2026-06-25,WA,Esperance,diesel,162.2
2026-06-25,WA,King Bay,diesel,177.8
2026-06-25,WA,Perth,diesel,156.2
2026-06-25,WA,Perth,p95,160.4
2026-06-25,WA,Perth,p98,174.5
2026-06-25,WA,Perth,ulp91,147.2
2026-06-25,WA,Port Hedland,diesel,184.7
2026-06-26,NSW,Newcastle,diesel,156.1
2026-06-26,NSW,Sydney,diesel,156.1
2026-06-26,NSW,Sydney,e10,147.7
2026-06-26,NSW,Sydney,p95,156.4
2026-06-26,NSW,Sydney,p98,170.2
2026-06-26,NSW,Sydney,ulp91,147.3
2026-06-26,NT,Darwin,diesel,161.9
2026-06-26,NT,Darwin,p95,162.8
2026-06-26,NT,Darwin,ulp91,151.5
2026-06-26,QLD,Brisbane,b5,165.0
2026-06-26,QLD,Brisbane,diesel,154.9
2026-06-26,QLD,Brisbane,e10,146.9
2026-06-26,QLD,Brisbane,p95,154.6
2026-06-26,QLD,Brisbane,p98,168.6
2026-06-26,QLD,Brisbane,ulp91,145.6
2026-06-26,QLD,Cairns,diesel,160.4
2026-06-26,QLD,Cairns,p95,165.9
2026-06-26,QLD,Cairns,ulp91,152.6
2026-06-26,QLD,Gladstone,diesel,158.9
2026-06-26,QLD,Gladstone,p95,159.8
2026-06-26,QLD,Gladstone,ulp91,152.4
2026-06-26,QLD,Mackay,diesel,158.8
2026-06-26,QLD,Mackay,ulp91,152.8
2026-06-26,QLD,Townsville,diesel,160.2
2026-06-26,QLD,Townsville,p95,161.5
2026-06-26,QLD,Townsville,p98,177.7
2026-06-26,QLD,Townsville,ulp91,152.3
2026-06-26,QLD,Weipa,diesel,170.4
2026-06-26,QLD,Weipa,ulp91,175.5
2026-06-26,SA,Adelaide,diesel,156.6
2026-06-26,SA,Adelaide,e10,148.8
2026-06-26,SA,Adelaide,p95,155.4
2026-06-26,SA,Adelaide,p98,170.4
2026-06-26,SA,Adelaide,ulp91,147.0
2026-06-26,SA,Port Lincoln,diesel,164.4
2026-06-26,SA,Port Lincoln,p98,180.2
2026-06-26,SA,Port Lincoln,ulp91,154.9
2026-06-26,TAS,Devonport,diesel,162.2
2026-06-26,TAS,Devonport,p95,163.1
2026-06-26,TAS,Devonport,ulp91,151.5
2026-06-26,TAS,Hobart,diesel,161.5
2026-06-26,TAS,Hobart,p95,163.1
2026-06-26,TAS,Hobart,p98,178.8
2026-06-26,TAS,Hobart,ulp91,151.6
2026-06-26,VIC,Geelong,diesel,155.3
2026-06-26,VIC,Geelong,p95,153.8
2026-06-26,VIC,Geelong,p98,168.1
2026-06-26,VIC,Geelong,ulp91,144.8
2026-06-26,VIC,Melbourne,diesel,155.3
2026-06-26,VIC,Melbourne,e10,146.1
2026-06-26,VIC,Melbourne,p95,153.8
2026-06-26,VIC,Melbourne,p98,168.1
2026-06-26,VIC,Melbourne,ulp91,144.8
2026-06-26,WA,Broome,diesel,187.0
2026-06-26,WA,Broome,p95,202.4
2026-06-26,WA,Broome,ulp91,192.4
2026-06-26,WA,Cocos Island,diesel,206.9
2026-06-26,WA,Cocos Island,p95,370.8
2026-06-26,WA,Dampier,diesel,176.9
2026-06-26,WA,Esperance,diesel,161.4
2026-06-26,WA,King Bay,diesel,176.9
2026-06-26,WA,Perth,diesel,155.3
2026-06-26,WA,Perth,p95,159.8
2026-06-26,WA,Perth,p98,173.9
2026-06-26,WA,Perth,ulp91,146.7
2026-06-26,WA,Port Hedland,diesel,183.8
2026-06-27,NSW,Newcastle,diesel,153.8
2026-06-27,NSW,Sydney,diesel,153.8
2026-06-27,NSW,Sydney,e10,145.1
2026-06-27,NSW,Sydney,p95,153.8
2026-06-27,NSW,Sydney,p98,167.6
2026-06-27,NSW,Sydney,ulp91,144.7
2026-06-27,NT,Darwin,diesel,159.5
2026-06-27,NT,Darwin,p95,160.2
2026-06-27,NT,Darwin,ulp91,148.9
2026-06-27,QLD,Brisbane,b5,162.7
2026-06-27,QLD,Brisbane,diesel,152.6
2026-06-27,QLD,Brisbane,e10,144.3
2026-06-27,QLD,Brisbane,p95,152.0
2026-06-27,QLD,Brisbane,p98,166.0
2026-06-27,QLD,Brisbane,ulp91,143.0
2026-06-27,QLD,Cairns,diesel,158.1
2026-06-27,QLD,Cairns,p95,163.3
2026-06-27,QLD,Cairns,ulp91,150.0
2026-06-27,QLD,Gladstone,diesel,156.6
2026-06-27,QLD,Gladstone,p95,157.2
2026-06-27,QLD,Gladstone,ulp91,149.8
2026-06-27,QLD,Mackay,diesel,156.4
2026-06-27,QLD,Mackay,ulp91,150.2
2026-06-27,QLD,Townsville,diesel,157.8
2026-06-27,QLD,Townsville,p95,158.9
2026-06-27,QLD,Townsville,p98,175.1
2026-06-27,QLD,Townsville,ulp91,149.7
2026-06-27,QLD,Weipa,diesel,168.1
2026-06-27,QLD,Weipa,ulp91,172.9
2026-06-27,SA,Adelaide,diesel,154.3
2026-06-27,SA,Adelaide,e10,146.2
2026-06-27,SA,Adelaide,p95,152.8
2026-06-27,SA,Adelaide,p98,167.8
2026-06-27,SA,Adelaide,ulp91,144.4
2026-06-27,SA,Port Lincoln,diesel,162.1
2026-06-27,SA,Port Lincoln,p98,177.6
2026-06-27,SA,Port Lincoln,ulp91,152.3
2026-06-27,TAS,Devonport,diesel,159.9
2026-06-27,TAS,Devonport,p95,160.5
2026-06-27,TAS,Devonport,ulp91,148.9
2026-06-27,TAS,Hobart,diesel,159.2
2026-06-27,TAS,Hobart,p95,160.5
2026-06-27,TAS,Hobart,p98,176.2
2026-06-27,TAS,Hobart,ulp91,149.0
2026-06-27,VIC,Geelong,diesel,153.0
2026-06-27,VIC,Geelong,p95,151.2
2026-06-27,VIC,Geelong,p98,165.5
2026-06-27,VIC,Geelong,ulp91,142.2
2026-06-27,VIC,Melbourne,diesel,153.0
2026-06-27,VIC,Melbourne,e10,143.5
2026-06-27,VIC,Melbourne,p95,151.2
2026-06-27,VIC,Melbourne,p98,165.5
2026-06-27,VIC,Melbourne,ulp91,142.2
2026-06-27,WA,Broome,diesel,184.8
2026-06-27,WA,Broome,p95,200.0
2026-06-27,WA,Broome,ulp91,190.0
2026-06-27,WA,Cocos Island,diesel,204.8
2026-06-27,WA,Cocos Island,p95,368.4
2026-06-27,WA,Dampier,diesel,174.6
2026-06-27,WA,Esperance,diesel,159.1
2026-06-27,WA,King Bay,diesel,174.6
2026-06-27,WA,Perth,diesel,153.0
2026-06-27,WA,Perth,p95,157.2
2026-06-27,WA,Perth,p98,171.3
2026-06-27,WA,Perth,ulp91,144.1
2026-06-27,WA,Port Hedland,diesel,181.5
2026-06-30,NSW,Newcastle,diesel,156.4
2026-06-30,NSW,Sydney,diesel,156.3
2026-06-30,NSW,Sydney,e10,146.7
2026-06-30,NSW,Sydney,p95,155.3
2026-06-30,NSW,Sydney,p98,169.2
2026-06-30,NSW,Sydney,ulp91,146.3
2026-06-30,NT,Darwin,diesel,162.1
2026-06-30,NT,Darwin,p95,161.7
2026-06-30,NT,Darwin,ulp91,150.4
2026-06-30,QLD,Brisbane,b5,165.2
2026-06-30,QLD,Brisbane,diesel,155.2
2026-06-30,QLD,Brisbane,e10,145.8
2026-06-30,QLD,Brisbane,p95,153.5
2026-06-30,QLD,Brisbane,p98,167.6
2026-06-30,QLD,Brisbane,ulp91,144.5
2026-06-30,QLD,Cairns,diesel,160.7
2026-06-30,QLD,Cairns,p95,164.9
2026-06-30,QLD,Cairns,ulp91,151.6
2026-06-30,QLD,Gladstone,diesel,159.2
2026-06-30,QLD,Gladstone,p95,158.8
2026-06-30,QLD,Gladstone,ulp91,151.4
2026-06-30,QLD,Mackay,diesel,159.1
2026-06-30,QLD,Mackay,ulp91,151.8
2026-06-30,QLD,Townsville,diesel,160.4
2026-06-30,QLD,Townsville,p95,160.4
2026-06-30,QLD,Townsville,p98,176.7
2026-06-30,QLD,Townsville,ulp91,151.3
2026-06-30,QLD,Weipa,diesel,170.8
2026-06-30,QLD,Weipa,ulp91,174.5
2026-06-30,SA,Adelaide,diesel,156.9
2026-06-30,SA,Adelaide,e10,147.7
2026-06-30,SA,Adelaide,p95,154.3
2026-06-30,SA,Adelaide,p98,169.3
2026-06-30,SA,Adelaide,ulp91,145.9
2026-06-30,SA,Port Lincoln,diesel,164.7
2026-06-30,SA,Port Lincoln,p98,179.1
2026-06-30,SA,Port Lincoln,ulp91,153.8
2026-06-30,TAS,Devonport,diesel,162.5
2026-06-30,TAS,Devonport,p95,162.0
2026-06-30,TAS,Devonport,ulp91,150.4
2026-06-30,TAS,Hobart,diesel,161.8
2026-06-30,TAS,Hobart,p95,162.0
2026-06-30,TAS,Hobart,p98,177.7
2026-06-30,TAS,Hobart,ulp91,150.5
2026-06-30,VIC,Geelong,diesel,155.6
2026-06-30,VIC,Geelong,p95,152.7
2026-06-30,VIC,Geelong,p98,167.1
2026-06-30,VIC,Geelong,ulp91,143.8
2026-06-30,VIC,Melbourne,diesel,155.6
2026-06-30,VIC,Melbourne,e10,145.0
2026-06-30,VIC,Melbourne,p95,152.7
2026-06-30,VIC,Melbourne,p98,167.1
2026-06-30,VIC,Melbourne,ulp91,143.8
2026-06-30,WA,Broome,diesel,187.4
2026-06-30,WA,Broome,p95,201.8
2026-06-30,WA,Broome,ulp91,191.8
2026-06-30,WA,Cocos Island,diesel,207.1
2026-06-30,WA,Cocos Island,p95,369.7
2026-06-30,WA,Dampier,diesel,177.2
2026-06-30,WA,Esperance,diesel,161.6
2026-06-30,WA,King Bay,diesel,177.2
2026-06-30,WA,Perth,diesel,155.6
2026-06-30,WA,Perth,p95,158.7
2026-06-30,WA,Perth,p98,172.8
2026-06-30,WA,Perth,ulp91,145.6
2026-06-30,WA,Port Hedland,diesel,184.1
2026-07-01,NSW,Newcastle,diesel,173.9
2026-07-01,NSW,Sydney,diesel,173.8
2026-07-01,NSW,Sydney,e10,163.3
2026-07-01,NSW,Sydney,p95,172.0
2026-07-01,NSW,Sydney,p98,185.8
2026-07-01,NSW,Sydney,ulp91,162.9
2026-07-01,NT,Darwin,diesel,179.3
2026-07-01,NT,Darwin,p95,178.1
2026-07-01,NT,Darwin,ulp91,166.8
2026-07-01,QLD,Brisbane,b5,182.0
2026-07-01,QLD,Brisbane,diesel,172.5
2026-07-01,QLD,Brisbane,e10,162.4
2026-07-01,QLD,Brisbane,p95,170.1
2026-07-01,QLD,Brisbane,p98,184.2
2026-07-01,QLD,Brisbane,ulp91,161.1
2026-07-01,QLD,Cairns,diesel,178.1
2026-07-01,QLD,Cairns,p95,181.4
2026-07-01,QLD,Cairns,ulp91,168.1
2026-07-01,QLD,Gladstone,diesel,176.4
2026-07-01,QLD,Gladstone,p95,175.3
2026-07-01,QLD,Gladstone,ulp91,167.9
2026-07-01,QLD,Mackay,diesel,176.4
2026-07-01,QLD,Mackay,ulp91,168.3
2026-07-01,QLD,Townsville,diesel,177.7
2026-07-01,QLD,Townsville,p95,177.0
2026-07-01,QLD,Townsville,p98,193.2
2026-07-01,QLD,Townsville,ulp91,167.8
2026-07-01,QLD,Weipa,diesel,188.1
2026-07-01,QLD,Weipa,ulp91,191.1
2026-07-01,SA,Adelaide,diesel,174.4
2026-07-01,SA,Adelaide,e10,164.4
2026-07-01,SA,Adelaide,p95,171.0
2026-07-01,SA,Adelaide,p98,186.0
2026-07-01,SA,Adelaide,ulp91,162.6
2026-07-01,SA,Port Lincoln,diesel,182.3
2026-07-01,SA,Port Lincoln,p98,195.9
2026-07-01,SA,Port Lincoln,ulp91,170.6
2026-07-01,TAS,Devonport,diesel,180.2
2026-07-01,TAS,Devonport,p95,178.9
2026-07-01,TAS,Devonport,ulp91,167.3
2026-07-01,TAS,Hobart,diesel,179.5
2026-07-01,TAS,Hobart,p95,178.9
2026-07-01,TAS,Hobart,p98,194.6
2026-07-01,TAS,Hobart,ulp91,167.4
2026-07-01,VIC,Geelong,diesel,172.8
2026-07-01,VIC,Geelong,p95,169.3
2026-07-01,VIC,Geelong,p98,183.7
2026-07-01,VIC,Geelong,ulp91,160.3
2026-07-01,VIC,Melbourne,diesel,172.8
2026-07-01,VIC,Melbourne,e10,161.6
2026-07-01,VIC,Melbourne,p95,169.3
2026-07-01,VIC,Melbourne,p98,183.7
2026-07-01,VIC,Melbourne,ulp91,160.3
2026-07-01,WA,Broome,diesel,204.2
2026-07-01,WA,Broome,p95,218.6
2026-07-01,WA,Broome,ulp91,208.6
2026-07-01,WA,Cocos Island,diesel,222.7
2026-07-01,WA,Cocos Island,p95,384.6
2026-07-01,WA,Dampier,diesel,193.9
2026-07-01,WA,Esperance,diesel,179.2
2026-07-01,WA,King Bay,diesel,193.9
2026-07-01,WA,Perth,diesel,173.0
2026-07-01,WA,Perth,p95,175.3
2026-07-01,WA,Perth,p98,189.5
2026-07-01,WA,Perth,ulp91,162.2
2026-07-01,WA,Port Hedland,diesel,201.2
2026-07-02,NSW,Newcastle,diesel,173.9
2026-07-02,NSW,Sydney,diesel,173.8
2026-07-02,NSW,Sydney,e10,162.8
2026-07-02,NSW,Sydney,p95,171.6
2026-07-02,NSW,Sydney,p98,185.4
2026-07-02,NSW,Sydney,ulp91,162.4
2026-07-02,NT,Darwin,diesel,179.2
2026-07-02,NT,Darwin,p95,177.6
2026-07-02,NT,Darwin,ulp91,166.3
2026-07-02,QLD,Brisbane,b5,182.0
2026-07-02,QLD,Brisbane,diesel,172.5
2026-07-02,QLD,Brisbane,e10,161.9
2026-07-02,QLD,Brisbane,p95,169.7
2026-07-02,QLD,Brisbane,p98,183.8
2026-07-02,QLD,Brisbane,ulp91,160.7
2026-07-02,QLD,Cairns,diesel,178.1
2026-07-02,QLD,Cairns,p95,181.1
2026-07-02,QLD,Cairns,ulp91,167.7
2026-07-02,QLD,Gladstone,diesel,176.4
2026-07-02,QLD,Gladstone,p95,174.9
2026-07-02,QLD,Gladstone,ulp91,167.5
2026-07-02,QLD,Mackay,diesel,176.4
2026-07-02,QLD,Mackay,ulp91,167.9
2026-07-02,QLD,Townsville,diesel,177.7
2026-07-02,QLD,Townsville,p95,176.6
2026-07-02,QLD,Townsville,p98,192.8
2026-07-02,QLD,Townsville,ulp91,167.3
2026-07-02,QLD,Weipa,diesel,188.2
2026-07-02,QLD,Weipa,ulp91,190.7
2026-07-02,SA,Adelaide,diesel,174.4
2026-07-02,SA,Adelaide,e10,163.9
2026-07-02,SA,Adelaide,p95,170.6
2026-07-02,SA,Adelaide,p98,185.7
2026-07-02,SA,Adelaide,ulp91,162.2
2026-07-02,SA,Port Lincoln,diesel,182.4
2026-07-02,SA,Port Lincoln,p98,195.5
2026-07-02,SA,Port Lincoln,ulp91,170.2
2026-07-02,TAS,Devonport,diesel,180.2
2026-07-02,TAS,Devonport,p95,178.5
2026-07-02,TAS,Devonport,ulp91,166.9
2026-07-02,TAS,Hobart,diesel,179.6
2026-07-02,TAS,Hobart,p95,178.5
2026-07-02,TAS,Hobart,p98,194.3
2026-07-02,TAS,Hobart,ulp91,167.0
2026-07-02,VIC,Geelong,diesel,172.8
2026-07-02,VIC,Geelong,p95,168.9
2026-07-02,VIC,Geelong,p98,183.3
2026-07-02,VIC,Geelong,ulp91,159.9
2026-07-02,VIC,Melbourne,diesel,172.8
2026-07-02,VIC,Melbourne,e10,161.1
2026-07-02,VIC,Melbourne,p95,168.9
2026-07-02,VIC,Melbourne,p98,183.3
2026-07-02,VIC,Melbourne,ulp91,159.9
2026-07-02,WA,Broome,diesel,204.3
2026-07-02,WA,Broome,p95,218.8
2026-07-02,WA,Broome,ulp91,208.7
2026-07-02,WA,Cocos Island,diesel,222.7
2026-07-02,WA,Cocos Island,p95,384.2
2026-07-02,WA,Dampier,diesel,193.8
2026-07-02,WA,Esperance,diesel,179.1
2026-07-02,WA,King Bay,diesel,193.8
2026-07-02,WA,Perth,diesel,172.9
2026-07-02,WA,Perth,p95,174.9
2026-07-02,WA,Perth,p98,189.1
2026-07-02,WA,Perth,ulp91,161.7
2026-07-02,WA,Port Hedland,diesel,201.1
2026-07-03,NSW,Newcastle,diesel,174.8
2026-07-03,NSW,Sydney,diesel,174.8
2026-07-03,NSW,Sydney,e10,162.7
2026-07-03,NSW,Sydney,p95,171.4
2026-07-03,NSW,Sydney,p98,185.3
2026-07-03,NSW,Sydney,ulp91,162.3
2026-07-03,NT,Darwin,diesel,180.2
2026-07-03,NT,Darwin,p95,177.4
2026-07-03,NT,Darwin,ulp91,166.2
2026-07-03,QLD,Brisbane,b5,182.9
2026-07-03,QLD,Brisbane,diesel,173.4
2026-07-03,QLD,Brisbane,e10,161.8
2026-07-03,QLD,Brisbane,p95,169.6
2026-07-03,QLD,Brisbane,p98,183.7
2026-07-03,QLD,Brisbane,ulp91,160.5
2026-07-03,QLD,Cairns,diesel,179.0
2026-07-03,QLD,Cairns,p95,180.9
2026-07-03,QLD,Cairns,ulp91,167.5
2026-07-03,QLD,Gladstone,diesel,177.4
2026-07-03,QLD,Gladstone,p95,174.8
2026-07-03,QLD,Gladstone,ulp91,167.4
2026-07-03,QLD,Mackay,diesel,177.3
2026-07-03,QLD,Mackay,ulp91,167.8
2026-07-03,QLD,Townsville,diesel,178.6
2026-07-03,QLD,Townsville,p95,176.5
2026-07-03,QLD,Townsville,p98,192.7
2026-07-03,QLD,Townsville,ulp91,167.2
2026-07-03,QLD,Weipa,diesel,189.2
2026-07-03,QLD,Weipa,ulp91,190.6
2026-07-03,SA,Adelaide,diesel,175.3
2026-07-03,SA,Adelaide,e10,163.8
2026-07-03,SA,Adelaide,p95,170.5
2026-07-03,SA,Adelaide,p98,185.6
2026-07-03,SA,Adelaide,ulp91,162.0
2026-07-03,SA,Port Lincoln,diesel,183.4
2026-07-03,SA,Port Lincoln,p98,195.4
2026-07-03,SA,Port Lincoln,ulp91,170.1
2026-07-03,TAS,Devonport,diesel,181.2
2026-07-03,TAS,Devonport,p95,178.4
2026-07-03,TAS,Devonport,ulp91,166.8
2026-07-03,TAS,Hobart,diesel,180.6
2026-07-03,TAS,Hobart,p95,178.4
2026-07-03,TAS,Hobart,p98,194.2
2026-07-03,TAS,Hobart,ulp91,166.9
2026-07-03,VIC,Geelong,diesel,173.8
2026-07-03,VIC,Geelong,p95,168.8
2026-07-03,VIC,Geelong,p98,183.2
2026-07-03,VIC,Geelong,ulp91,159.8
2026-07-03,VIC,Melbourne,diesel,173.8
2026-07-03,VIC,Melbourne,e10,161.0
2026-07-03,VIC,Melbourne,p95,168.8
2026-07-03,VIC,Melbourne,p98,183.2
2026-07-03,VIC,Melbourne,ulp91,159.8
2026-07-03,WA,Broome,diesel,205.3
2026-07-03,WA,Broome,p95,219.2
2026-07-03,WA,Broome,ulp91,209.1
2026-07-03,WA,Cocos Island,diesel,223.5
2026-07-03,WA,Cocos Island,p95,384.1
2026-07-03,WA,Dampier,diesel,194.7
2026-07-03,WA,Esperance,diesel,180.1
2026-07-03,WA,King Bay,diesel,194.7
2026-07-03,WA,Perth,diesel,173.9
2026-07-03,WA,Perth,p95,174.7
2026-07-03,WA,Perth,p98,188.9
2026-07-03,WA,Perth,ulp91,161.6
2026-07-03,WA,Port Hedland,diesel,202.1
2026-07-04,NSW,Newcastle,diesel,175.7
2026-07-04,NSW,Sydney,diesel,175.7
2026-07-04,NSW,Sydney,e10,162.2
2026-07-04,NSW,Sydney,p95,171.0
2026-07-04,NSW,Sydney,p98,184.8
2026-07-04,NSW,Sydney,ulp91,161.8
2026-07-04,NT,Darwin,diesel,181.0
2026-07-04,NT,Darwin,p95,176.9
2026-07-04,NT,Darwin,ulp91,165.7
2026-07-04,QLD,Brisbane,b5,183.8
2026-07-04,QLD,Brisbane,diesel,174.3
2026-07-04,QLD,Brisbane,e10,161.3
2026-07-04,QLD,Brisbane,p95,169.1
2026-07-04,QLD,Brisbane,p98,183.2
2026-07-04,QLD,Brisbane,ulp91,160.1
2026-07-04,QLD,Cairns,diesel,179.9
2026-07-04,QLD,Cairns,p95,180.5
2026-07-04,QLD,Cairns,ulp91,167.1
2026-07-04,QLD,Gladstone,diesel,178.3
2026-07-04,QLD,Gladstone,p95,174.3
2026-07-04,QLD,Gladstone,ulp91,166.9
2026-07-04,QLD,Mackay,diesel,178.2
2026-07-04,QLD,Mackay,ulp91,167.3
2026-07-04,QLD,Townsville,diesel,179.6
2026-07-04,QLD,Townsville,p95,176.0
2026-07-04,QLD,Townsville,p98,192.3
2026-07-04,QLD,Townsville,ulp91,166.7
2026-07-04,QLD,Weipa,diesel,190.2
2026-07-04,QLD,Weipa,ulp91,190.2
2026-07-04,SA,Adelaide,diesel,176.2
2026-07-04,SA,Adelaide,e10,163.3
2026-07-04,SA,Adelaide,p95,170.0
2026-07-04,SA,Adelaide,p98,185.1
2026-07-04,SA,Adelaide,ulp91,161.6
2026-07-04,SA,Port Lincoln,diesel,184.3
2026-07-04,SA,Port Lincoln,p98,194.9
2026-07-04,SA,Port Lincoln,ulp91,169.7
2026-07-04,TAS,Devonport,diesel,182.2
2026-07-04,TAS,Devonport,p95,177.9
2026-07-04,TAS,Devonport,ulp91,166.3
2026-07-04,TAS,Hobart,diesel,181.5
2026-07-04,TAS,Hobart,p95,178.0
2026-07-04,TAS,Hobart,p98,193.7
2026-07-04,TAS,Hobart,ulp91,166.4
2026-07-04,VIC,Geelong,diesel,174.7
2026-07-04,VIC,Geelong,p95,168.3
2026-07-04,VIC,Geelong,p98,182.7
2026-07-04,VIC,Geelong,ulp91,159.3
2026-07-04,VIC,Melbourne,diesel,174.7
2026-07-04,VIC,Melbourne,e10,160.5
2026-07-04,VIC,Melbourne,p95,168.3
2026-07-04,VIC,Melbourne,p98,182.7
2026-07-04,VIC,Melbourne,ulp91,159.3
2026-07-04,WA,Broome,diesel,206.3
2026-07-04,WA,Broome,p95,219.1
2026-07-04,WA,Broome,ulp91,209.1
2026-07-04,WA,Cocos Island,diesel,224.3
2026-07-04,WA,Cocos Island,p95,383.6
2026-07-04,WA,Dampier,diesel,195.6
2026-07-04,WA,Esperance,diesel,180.9
2026-07-04,WA,King Bay,diesel,195.6
2026-07-04,WA,Perth,diesel,174.7
2026-07-04,WA,Perth,p95,174.2
2026-07-04,WA,Perth,p98,188.4
2026-07-04,WA,Perth,ulp91,161.0
2026-07-04,WA,Port Hedland,diesel,202.9
2026-07-07,NSW,Newcastle,diesel,176.9
2026-07-07,NSW,Sydney,diesel,176.8
2026-07-07,NSW,Sydney,e10,161.7
2026-07-07,NSW,Sydney,p95,170.4
2026-07-07,NSW,Sydney,p98,184.3
2026-07-07,NSW,Sydney,ulp91,161.3
2026-07-07,NT,Darwin,diesel,182.1
2026-07-07,NT,Darwin,p95,176.3
2026-07-07,NT,Darwin,ulp91,165.1
2026-07-07,QLD,Brisbane,b5,184.8
2026-07-07,QLD,Brisbane,diesel,175.4
2026-07-07,QLD,Brisbane,e10,160.7
2026-07-07,QLD,Brisbane,p95,168.5
2026-07-07,QLD,Brisbane,p98,182.6
2026-07-07,QLD,Brisbane,ulp91,159.5
2026-07-07,QLD,Cairns,diesel,181.1
2026-07-07,QLD,Cairns,p95,179.9
2026-07-07,QLD,Cairns,ulp91,166.5
2026-07-07,QLD,Gladstone,diesel,179.4
2026-07-07,QLD,Gladstone,p95,173.8
2026-07-07,QLD,Gladstone,ulp91,166.4
2026-07-07,QLD,Mackay,diesel,179.3
2026-07-07,QLD,Mackay,ulp91,166.8
2026-07-07,QLD,Townsville,diesel,180.7
2026-07-07,QLD,Townsville,p95,175.5
2026-07-07,QLD,Townsville,p98,191.7
2026-07-07,QLD,Townsville,ulp91,166.2
2026-07-07,QLD,Weipa,diesel,191.3
2026-07-07,QLD,Weipa,ulp91,189.7
2026-07-07,SA,Adelaide,diesel,177.4
2026-07-07,SA,Adelaide,e10,162.8
2026-07-07,SA,Adelaide,p95,169.4
2026-07-07,SA,Adelaide,p98,184.5
2026-07-07,SA,Adelaide,ulp91,161.0
2026-07-07,SA,Port Lincoln,diesel,185.5
2026-07-07,SA,Port Lincoln,p98,194.4
2026-07-07,SA,Port Lincoln,ulp91,169.1
2026-07-07,TAS,Devonport,diesel,183.3
2026-07-07,TAS,Devonport,p95,177.4
2026-07-07,TAS,Devonport,ulp91,165.8
2026-07-07,TAS,Hobart,diesel,182.6
2026-07-07,TAS,Hobart,p95,177.4
2026-07-07,TAS,Hobart,p98,193.2
2026-07-07,TAS,Hobart,ulp91,165.9
2026-07-07,VIC,Geelong,diesel,175.8
2026-07-07,VIC,Geelong,p95,167.7
2026-07-07,VIC,Geelong,p98,182.1
2026-07-07,VIC,Geelong,ulp91,158.7
2026-07-07,VIC,Melbourne,diesel,175.8
2026-07-07,VIC,Melbourne,e10,159.9
2026-07-07,VIC,Melbourne,p95,167.7
2026-07-07,VIC,Melbourne,p98,182.1
2026-07-07,VIC,Melbourne,ulp91,158.7
2026-07-07,WA,Broome,diesel,207.5
2026-07-07,WA,Broome,p95,219.0
2026-07-07,WA,Broome,ulp91,209.0
2026-07-07,WA,Cocos Island,diesel,225.3
2026-07-07,WA,Cocos Island,p95,383.1
2026-07-07,WA,Dampier,diesel,196.7
2026-07-07,WA,Esperance,diesel,182.0
2026-07-07,WA,King Bay,diesel,196.7
2026-07-07,WA,Perth,diesel,175.8
2026-07-07,WA,Perth,p95,173.6
2026-07-07,WA,Perth,p98,187.8
2026-07-07,WA,Perth,ulp91,160.4
2026-07-07,WA,Port Hedland,diesel,204.0
2026-07-08,NSW,Newcastle,diesel,177.4
2026-07-08,NSW,Sydney,diesel,177.4
2026-07-08,NSW,Sydney,e10,158.9
2026-07-08,NSW,Sydney,p95,167.7
2026-07-08,NSW,Sydney,p98,181.6
2026-07-08,NSW,Sydney,ulp91,158.6
2026-07-08,NT,Darwin,diesel,182.7
2026-07-08,NT,Darwin,p95,173.6
2026-07-08,NT,Darwin,ulp91,162.3
2026-07-08,QLD,Brisbane,b5,185.4
2026-07-08,QLD,Brisbane,diesel,176.0
2026-07-08,QLD,Brisbane,e10,158.0
2026-07-08,QLD,Brisbane,p95,165.8
2026-07-08,QLD,Brisbane,p98,179.9
2026-07-08,QLD,Brisbane,ulp91,156.8
2026-07-08,QLD,Cairns,diesel,181.6
2026-07-08,QLD,Cairns,p95,177.2
2026-07-08,QLD,Cairns,ulp91,163.8
2026-07-08,QLD,Gladstone,diesel,180.0
2026-07-08,QLD,Gladstone,p95,171.1
2026-07-08,QLD,Gladstone,ulp91,163.7
2026-07-08,QLD,Mackay,diesel,179.9
2026-07-08,QLD,Mackay,ulp91,164.1
2026-07-08,QLD,Townsville,diesel,181.2
2026-07-08,QLD,Townsville,p95,172.8
2026-07-08,QLD,Townsville,p98,189.1
2026-07-08,QLD,Townsville,ulp91,163.5
2026-07-08,QLD,Weipa,diesel,191.9
2026-07-08,QLD,Weipa,ulp91,187.0
2026-07-08,SA,Adelaide,diesel,178.0
2026-07-08,SA,Adelaide,e10,160.0
2026-07-08,SA,Adelaide,p95,166.8
2026-07-08,SA,Adelaide,p98,181.8
2026-07-08,SA,Adelaide,ulp91,158.3
2026-07-08,SA,Port Lincoln,diesel,186.1
2026-07-08,SA,Port Lincoln,p98,191.7
2026-07-08,SA,Port Lincoln,ulp91,166.4
2026-07-08,TAS,Devonport,diesel,183.9
2026-07-08,TAS,Devonport,p95,174.7
2026-07-08,TAS,Devonport,ulp91,163.1
2026-07-08,TAS,Hobart,diesel,183.2
2026-07-08,TAS,Hobart,p95,174.8
2026-07-08,TAS,Hobart,p98,190.5
2026-07-08,TAS,Hobart,ulp91,163.2
2026-07-08,VIC,Geelong,diesel,176.3
2026-07-08,VIC,Geelong,p95,165.0
2026-07-08,VIC,Geelong,p98,179.4
2026-07-08,VIC,Geelong,ulp91,156.0
2026-07-08,VIC,Melbourne,diesel,176.3
2026-07-08,VIC,Melbourne,e10,157.2
2026-07-08,VIC,Melbourne,p95,165.0
2026-07-08,VIC,Melbourne,p98,179.4
2026-07-08,VIC,Melbourne,ulp91,156.0
2026-07-08,WA,Broome,diesel,208.1
2026-07-08,WA,Broome,p95,216.6
2026-07-08,WA,Broome,ulp91,206.6
2026-07-08,WA,Cocos Island,diesel,225.8
2026-07-08,WA,Cocos Island,p95,380.6
2026-07-08,WA,Dampier,diesel,197.2
2026-07-08,WA,Esperance,diesel,182.6
2026-07-08,WA,King Bay,diesel,197.2
2026-07-08,WA,Perth,diesel,176.4
2026-07-08,WA,Perth,p95,170.9
2026-07-08,WA,Perth,p98,185.1
2026-07-08,WA,Perth,ulp91,157.7
2026-07-08,WA,Port Hedland,diesel,204.6
2026-07-09,NSW,Newcastle,diesel,178.0
2026-07-09,NSW,Sydney,diesel,177.9
2026-07-09,NSW,Sydney,e10,158.3
2026-07-09,NSW,Sydney,p95,167.2
2026-07-09,NSW,Sydney,p98,181.0
2026-07-09,NSW,Sydney,ulp91,158.0
2026-07-09,NT,Darwin,diesel,183.2
2026-07-09,NT,Darwin,p95,173.1
2026-07-09,NT,Darwin,ulp91,161.7
2026-07-09,QLD,Brisbane,b5,185.9
2026-07-09,QLD,Brisbane,diesel,176.6
2026-07-09,QLD,Brisbane,e10,157.4
2026-07-09,QLD,Brisbane,p95,165.2
2026-07-09,QLD,Brisbane,p98,179.3
2026-07-09,QLD,Brisbane,ulp91,156.2
2026-07-09,QLD,Cairns,diesel,182.2
2026-07-09,QLD,Cairns,p95,176.7
2026-07-09,QLD,Cairns,ulp91,163.2
2026-07-09,QLD,Gladstone,diesel,180.6
2026-07-09,QLD,Gladstone,p95,170.6
2026-07-09,QLD,Gladstone,ulp91,163.1
2026-07-09,QLD,Mackay,diesel,180.5
2026-07-09,QLD,Mackay,ulp91,163.5
2026-07-09,QLD,Townsville,diesel,181.8
2026-07-09,QLD,Townsville,p95,172.2
2026-07-09,QLD,Townsville,p98,188.5
2026-07-09,QLD,Townsville,ulp91,162.8
2026-07-09,QLD,Weipa,diesel,192.5
2026-07-09,QLD,Weipa,ulp91,186.4
2026-07-09,SA,Adelaide,diesel,178.5
2026-07-09,SA,Adelaide,e10,159.4
2026-07-09,SA,Adelaide,p95,166.2
2026-07-09,SA,Adelaide,p98,181.2
2026-07-09,SA,Adelaide,ulp91,157.7
2026-07-09,SA,Port Lincoln,diesel,186.7
2026-07-09,SA,Port Lincoln,p98,191.1
2026-07-09,SA,Port Lincoln,ulp91,165.8
2026-07-09,TAS,Devonport,diesel,184.5
2026-07-09,TAS,Devonport,p95,174.1
2026-07-09,TAS,Devonport,ulp91,162.5
2026-07-09,TAS,Hobart,diesel,183.8
2026-07-09,TAS,Hobart,p95,174.2
2026-07-09,TAS,Hobart,p98,189.9
2026-07-09,TAS,Hobart,ulp91,162.6
2026-07-09,VIC,Geelong,diesel,176.9
2026-07-09,VIC,Geelong,p95,164.5
2026-07-09,VIC,Geelong,p98,178.9
2026-07-09,VIC,Geelong,ulp91,155.4
2026-07-09,VIC,Melbourne,diesel,176.9
2026-07-09,VIC,Melbourne,e10,156.6
2026-07-09,VIC,Melbourne,p95,164.5
2026-07-09,VIC,Melbourne,p98,178.9
2026-07-09,VIC,Melbourne,ulp91,155.4
2026-07-09,WA,Broome,diesel,208.7
2026-07-09,WA,Broome,p95,216.1
2026-07-09,WA,Broome,ulp91,206.0
2026-07-09,WA,Cocos Island,diesel,226.3
2026-07-09,WA,Cocos Island,p95,380.1
2026-07-09,WA,Dampier,diesel,197.8
2026-07-09,WA,Esperance,diesel,183.2
2026-07-09,WA,King Bay,diesel,197.8
2026-07-09,WA,Perth,diesel,176.9
2026-07-09,WA,Perth,p95,170.3
2026-07-09,WA,Perth,p98,184.5
2026-07-09,WA,Perth,ulp91,157.1
2026-07-09,WA,Port Hedland,diesel,205.2
2026-07-10,NSW,Newcastle,diesel,178.5
2026-07-10,NSW,Sydney,diesel,178.4
2026-07-10,NSW,Sydney,e10,157.2
2026-07-10,NSW,Sydney,p95,166.0
2026-07-10,NSW,Sydney,p98,179.9
2026-07-10,NSW,Sydney,ulp91,156.9
2026-07-10,NT,Darwin,diesel,183.7
2026-07-10,NT,Darwin,p95,171.9
2026-07-10,NT,Darwin,ulp91,160.6
2026-07-10,QLD,Brisbane,b5,186.4
2026-07-10,QLD,Brisbane,diesel,177.1
2026-07-10,QLD,Brisbane,e10,156.3
2026-07-10,QLD,Brisbane,p95,164.1
2026-07-10,QLD,Brisbane,p98,178.2
2026-07-10,QLD,Brisbane,ulp91,155.0
2026-07-10,QLD,Cairns,diesel,182.7
2026-07-10,QLD,Cairns,p95,175.5
2026-07-10,QLD,Cairns,ulp91,162.0
2026-07-10,QLD,Gladstone,diesel,181.1
2026-07-10,QLD,Gladstone,p95,169.4
2026-07-10,QLD,Gladstone,ulp91,161.9
2026-07-10,QLD,Mackay,diesel,181.0
2026-07-10,QLD,Mackay,ulp91,162.4
2026-07-10,QLD,Townsville,diesel,182.3
2026-07-10,QLD,Townsville,p95,171.1
2026-07-10,QLD,Townsville,p98,187.3
2026-07-10,QLD,Townsville,ulp91,161.7
2026-07-10,QLD,Weipa,diesel,193.0
2026-07-10,QLD,Weipa,ulp91,185.3
2026-07-10,SA,Adelaide,diesel,179.0
2026-07-10,SA,Adelaide,e10,158.3
2026-07-10,SA,Adelaide,p95,165.1
2026-07-10,SA,Adelaide,p98,180.1
2026-07-10,SA,Adelaide,ulp91,156.5
2026-07-10,SA,Port Lincoln,diesel,187.1
2026-07-10,SA,Port Lincoln,p98,190.0
2026-07-10,SA,Port Lincoln,ulp91,164.7
2026-07-10,TAS,Devonport,diesel,184.9
2026-07-10,TAS,Devonport,p95,173.0
2026-07-10,TAS,Devonport,ulp91,161.4
2026-07-10,TAS,Hobart,diesel,184.3
2026-07-10,TAS,Hobart,p95,173.1
2026-07-10,TAS,Hobart,p98,188.8
2026-07-10,TAS,Hobart,ulp91,161.4
2026-07-10,VIC,Geelong,diesel,177.4
2026-07-10,VIC,Geelong,p95,163.3
2026-07-10,VIC,Geelong,p98,177.7
2026-07-10,VIC,Geelong,ulp91,154.3
2026-07-10,VIC,Melbourne,diesel,177.4
2026-07-10,VIC,Melbourne,e10,155.5
2026-07-10,VIC,Melbourne,p95,163.3
2026-07-10,VIC,Melbourne,p98,177.7
2026-07-10,VIC,Melbourne,ulp91,154.3
2026-07-10,WA,Broome,diesel,209.1
2026-07-10,WA,Broome,p95,214.8
2026-07-10,WA,Broome,ulp91,204.7
2026-07-10,WA,Cocos Island,diesel,226.8
2026-07-10,WA,Cocos Island,p95,379.1
2026-07-10,WA,Dampier,diesel,198.3
2026-07-10,WA,Esperance,diesel,183.7
2026-07-10,WA,King Bay,diesel,198.3
2026-07-10,WA,Perth,diesel,177.4
2026-07-10,WA,Perth,p95,169.2
2026-07-10,WA,Perth,p98,183.4
2026-07-10,WA,Perth,ulp91,156.0
2026-07-10,WA,Port Hedland,diesel,205.7
2026-07-11,NSW,Newcastle,diesel,179.3
2026-07-11,NSW,Sydney,diesel,179.2
2026-07-11,NSW,Sydney,e10,156.8
2026-07-11,NSW,Sydney,p95,165.7
2026-07-11,NSW,Sydney,p98,179.5
2026-07-11,NSW,Sydney,ulp91,156.5
2026-07-11,NT,Darwin,diesel,184.6
2026-07-11,NT,Darwin,p95,171.6
2026-07-11,NT,Darwin,ulp91,160.2
2026-07-11,QLD,Brisbane,b5,187.2
2026-07-11,QLD,Brisbane,diesel,177.9
2026-07-11,QLD,Brisbane,e10,155.9
2026-07-11,QLD,Brisbane,p95,163.8
2026-07-11,QLD,Brisbane,p98,177.8
2026-07-11,QLD,Brisbane,ulp91,154.7
2026-07-11,QLD,Cairns,diesel,183.5
2026-07-11,QLD,Cairns,p95,175.2
2026-07-11,QLD,Cairns,ulp91,161.6
2026-07-11,QLD,Gladstone,diesel,181.9
2026-07-11,QLD,Gladstone,p95,169.0
2026-07-11,QLD,Gladstone,ulp91,161.5
2026-07-11,QLD,Mackay,diesel,181.8
2026-07-11,QLD,Mackay,ulp91,162.0
2026-07-11,QLD,Townsville,diesel,183.1
2026-07-11,QLD,Townsville,p95,170.7
2026-07-11,QLD,Townsville,p98,186.9
2026-07-11,QLD,Townsville,ulp91,161.3
2026-07-11,QLD,Weipa,diesel,193.8
2026-07-11,QLD,Weipa,ulp91,184.9
2026-07-11,SA,Adelaide,diesel,179.8
2026-07-11,SA,Adelaide,e10,157.9
2026-07-11,SA,Adelaide,p95,164.7
2026-07-11,SA,Adelaide,p98,179.7
2026-07-11,SA,Adelaide,ulp91,156.2
2026-07-11,SA,Port Lincoln,diesel,187.9
2026-07-11,SA,Port Lincoln,p98,189.6
2026-07-11,SA,Port Lincoln,ulp91,164.3
2026-07-11,TAS,Devonport,diesel,185.7
2026-07-11,TAS,Devonport,p95,172.6
2026-07-11,TAS,Devonport,ulp91,161.0
2026-07-11,TAS,Hobart,diesel,185.1
2026-07-11,TAS,Hobart,p95,172.7
2026-07-11,TAS,Hobart,p98,188.4
2026-07-11,TAS,Hobart,ulp91,161.1
2026-07-11,VIC,Geelong,diesel,178.8
2026-07-11,VIC,Geelong,p95,163.0
2026-07-11,VIC,Geelong,p98,177.3
2026-07-11,VIC,Geelong,ulp91,153.9
2026-07-11,VIC,Melbourne,diesel,178.8
2026-07-11,VIC,Melbourne,e10,155.1
2026-07-11,VIC,Melbourne,p95,163.0
2026-07-11,VIC,Melbourne,p98,177.3
2026-07-11,VIC,Melbourne,ulp91,153.9
2026-07-11,WA,Broome,diesel,209.9
2026-07-11,WA,Broome,p95,214.1
2026-07-11,WA,Broome,ulp91,204.0
2026-07-11,WA,Cocos Island,diesel,227.5
2026-07-11,WA,Cocos Island,p95,378.8
2026-07-11,WA,Dampier,diesel,199.1
2026-07-11,WA,Esperance,diesel,184.5
2026-07-11,WA,King Bay,diesel,199.1
2026-07-11,WA,Perth,diesel,178.3
2026-07-11,WA,Perth,p95,168.8
2026-07-11,WA,Perth,p98,183.0
2026-07-11,WA,Perth,ulp91,155.6
2026-07-11,WA,Port Hedland,diesel,206.5
2026-07-14,NSW,Newcastle,diesel,181.0
2026-07-14,NSW,Sydney,diesel,180.9
2026-07-14,NSW,Sydney,e10,156.9
2026-07-14,NSW,Sydney,p95,165.7
2026-07-14,NSW,Sydney,p98,179.6
2026-07-14,NSW,Sydney,ulp91,156.5
2026-07-14,NT,Darwin,diesel,186.2
2026-07-14,NT,Darwin,p95,171.7
2026-07-14,NT,Darwin,ulp91,160.3
2026-07-14,QLD,Brisbane,b5,188.8
2026-07-14,QLD,Brisbane,diesel,179.6
2026-07-14,QLD,Brisbane,e10,155.9
2026-07-14,QLD,Brisbane,p95,163.8
2026-07-14,QLD,Brisbane,p98,177.9
2026-07-14,QLD,Brisbane,ulp91,154.7
2026-07-14,QLD,Cairns,diesel,185.2
2026-07-14,QLD,Cairns,p95,175.2
2026-07-14,QLD,Cairns,ulp91,161.7
2026-07-14,QLD,Gladstone,diesel,183.5
2026-07-14,QLD,Gladstone,p95,169.1
2026-07-14,QLD,Gladstone,ulp91,161.6
2026-07-14,QLD,Mackay,diesel,183.4
2026-07-14,QLD,Mackay,ulp91,162.0
2026-07-14,QLD,Townsville,diesel,184.8
2026-07-14,QLD,Townsville,p95,170.8
2026-07-14,QLD,Townsville,p98,187.0
2026-07-14,QLD,Townsville,ulp91,161.4
2026-07-14,QLD,Weipa,diesel,195.4
2026-07-14,QLD,Weipa,ulp91,184.9
2026-07-14,SA,Adelaide,diesel,181.5
2026-07-14,SA,Adelaide,e10,158.0
2026-07-14,SA,Adelaide,p95,164.8
2026-07-14,SA,Adelaide,p98,179.8
2026-07-14,SA,Adelaide,ulp91,156.2
2026-07-14,SA,Port Lincoln,diesel,189.6
2026-07-14,SA,Port Lincoln,p98,189.7
2026-07-14,SA,Port Lincoln,ulp91,164.3
2026-07-14,TAS,Devonport,diesel,187.4
2026-07-14,TAS,Devonport,p95,172.7
2026-07-14,TAS,Devonport,ulp91,161.0
2026-07-14,TAS,Hobart,diesel,186.7
2026-07-14,TAS,Hobart,p95,172.7
2026-07-14,TAS,Hobart,p98,188.4
2026-07-14,TAS,Hobart,ulp91,161.1
2026-07-14,VIC,Geelong,diesel,180.4
2026-07-14,VIC,Geelong,p95,163.1
2026-07-14,VIC,Geelong,p98,177.4
2026-07-14,VIC,Geelong,ulp91,154.0
2026-07-14,VIC,Melbourne,diesel,180.4
2026-07-14,VIC,Melbourne,e10,155.2
2026-07-14,VIC,Melbourne,p95,163.1
2026-07-14,VIC,Melbourne,p98,177.4
2026-07-14,VIC,Melbourne,ulp91,154.0
2026-07-14,WA,Broome,diesel,211.5
2026-07-14,WA,Broome,p95,213.8
2026-07-14,WA,Broome,ulp91,203.7
2026-07-14,WA,Cocos Island,diesel,229.1
2026-07-14,WA,Cocos Island,p95,378.9
2026-07-14,WA,Dampier,diesel,200.8
2026-07-14,WA,Esperance,diesel,186.2
2026-07-14,WA,King Bay,diesel,200.8
2026-07-14,WA,Perth,diesel,180.0
2026-07-14,WA,Perth,p95,169.0
2026-07-14,WA,Perth,p98,183.1
2026-07-14,WA,Perth,ulp91,155.7
2026-07-14,WA,Port Hedland,diesel,208.2
2026-07-15,NSW,Newcastle,diesel,183.0
2026-07-15,NSW,Sydney,diesel,182.9
2026-07-15,NSW,Sydney,e10,159.1
2026-07-15,NSW,Sydney,p95,168.0
2026-07-15,NSW,Sydney,p98,181.8
2026-07-15,NSW,Sydney,ulp91,158.7
2026-07-15,NT,Darwin,diesel,188.3
2026-07-15,NT,Darwin,p95,174.0
2026-07-15,NT,Darwin,ulp91,162.6
2026-07-15,QLD,Brisbane,b5,190.7
2026-07-15,QLD,Brisbane,diesel,181.6
2026-07-15,QLD,Brisbane,e10,158.2
2026-07-15,QLD,Brisbane,p95,166.1
2026-07-15,QLD,Brisbane,p98,180.2
2026-07-15,QLD,Brisbane,ulp91,156.9
2026-07-15,QLD,Cairns,diesel,187.2
2026-07-15,QLD,Cairns,p95,177.5
2026-07-15,QLD,Cairns,ulp91,163.9
2026-07-15,QLD,Gladstone,diesel,185.6
2026-07-15,QLD,Gladstone,p95,171.4
2026-07-15,QLD,Gladstone,ulp91,163.8
2026-07-15,QLD,Mackay,diesel,185.5
2026-07-15,QLD,Mackay,ulp91,164.2
2026-07-15,QLD,Townsville,diesel,186.8
2026-07-15,QLD,Townsville,p95,173.0
2026-07-15,QLD,Townsville,p98,189.2
2026-07-15,QLD,Townsville,ulp91,163.6
2026-07-15,QLD,Weipa,diesel,197.3
2026-07-15,QLD,Weipa,ulp91,187.1
2026-07-15,SA,Adelaide,diesel,183.5
2026-07-15,SA,Adelaide,e10,160.2
2026-07-15,SA,Adelaide,p95,167.1
2026-07-15,SA,Adelaide,p98,182.1
2026-07-15,SA,Adelaide,ulp91,158.4
2026-07-15,SA,Port Lincoln,diesel,191.5
2026-07-15,SA,Port Lincoln,p98,191.9
2026-07-15,SA,Port Lincoln,ulp91,166.5
2026-07-15,TAS,Devonport,diesel,189.4
2026-07-15,TAS,Devonport,p95,174.9
2026-07-15,TAS,Devonport,ulp91,163.2
2026-07-15,TAS,Hobart,diesel,188.7
2026-07-15,TAS,Hobart,p95,175.0
2026-07-15,TAS,Hobart,p98,190.7
2026-07-15,TAS,Hobart,ulp91,163.3
2026-07-15,VIC,Geelong,diesel,182.5
2026-07-15,VIC,Geelong,p95,165.3
2026-07-15,VIC,Geelong,p98,179.7
2026-07-15,VIC,Geelong,ulp91,156.2
2026-07-15,VIC,Melbourne,diesel,182.5
2026-07-15,VIC,Melbourne,e10,157.4
2026-07-15,VIC,Melbourne,p95,165.3
2026-07-15,VIC,Melbourne,p98,179.7
2026-07-15,VIC,Melbourne,ulp91,156.2
2026-07-15,WA,Broome,diesel,213.5
2026-07-15,WA,Broome,p95,215.8
2026-07-15,WA,Broome,ulp91,205.6
2026-07-15,WA,Cocos Island,diesel,230.9
2026-07-15,WA,Cocos Island,p95,380.9
2026-07-15,WA,Dampier,diesel,202.8
2026-07-15,WA,Esperance,diesel,188.2
2026-07-15,WA,King Bay,diesel,202.8
2026-07-15,WA,Perth,diesel,182.0
2026-07-15,WA,Perth,p95,171.2
2026-07-15,WA,Perth,p98,185.4
2026-07-15,WA,Perth,ulp91,157.9
2026-07-15,WA,Port Hedland,diesel,210.2
2026-07-16,NSW,Newcastle,diesel,189.5
2026-07-16,NSW,Sydney,diesel,189.4
2026-07-16,NSW,Sydney,e10,161.0
2026-07-16,NSW,Sydney,p95,169.9
2026-07-16,NSW,Sydney,p98,183.7
2026-07-16,NSW,Sydney,ulp91,160.6
2026-07-16,NT,Darwin,diesel,194.8
2026-07-16,NT,Darwin,p95,175.9
2026-07-16,NT,Darwin,ulp91,164.5
2026-07-16,QLD,Brisbane,b5,197.6
2026-07-16,QLD,Brisbane,diesel,188.1
2026-07-16,QLD,Brisbane,e10,160.1
2026-07-16,QLD,Brisbane,p95,168.0
2026-07-16,QLD,Brisbane,p98,182.1
2026-07-16,QLD,Brisbane,ulp91,158.8
2026-07-16,QLD,Cairns,diesel,193.7
2026-07-16,QLD,Cairns,p95,179.4
2026-07-16,QLD,Cairns,ulp91,165.8
2026-07-16,QLD,Gladstone,diesel,192.1
2026-07-16,QLD,Gladstone,p95,173.2
2026-07-16,QLD,Gladstone,ulp91,165.6
2026-07-16,QLD,Mackay,diesel,192.0
2026-07-16,QLD,Mackay,ulp91,166.1
2026-07-16,QLD,Townsville,diesel,193.3
2026-07-16,QLD,Townsville,p95,174.9
2026-07-16,QLD,Townsville,p98,191.1
2026-07-16,QLD,Townsville,ulp91,165.5
2026-07-16,QLD,Weipa,diesel,203.8
2026-07-16,QLD,Weipa,ulp91,188.9
2026-07-16,SA,Adelaide,diesel,190.1
2026-07-16,SA,Adelaide,e10,162.1
2026-07-16,SA,Adelaide,p95,168.9
2026-07-16,SA,Adelaide,p98,183.9
2026-07-16,SA,Adelaide,ulp91,160.3
2026-07-16,SA,Port Lincoln,diesel,198.0
2026-07-16,SA,Port Lincoln,p98,193.8
2026-07-16,SA,Port Lincoln,ulp91,168.4
2026-07-16,TAS,Devonport,diesel,195.9
2026-07-16,TAS,Devonport,p95,176.8
2026-07-16,TAS,Devonport,ulp91,165.1
2026-07-16,TAS,Hobart,diesel,195.2
2026-07-16,TAS,Hobart,p95,176.9
2026-07-16,TAS,Hobart,p98,192.6
2026-07-16,TAS,Hobart,ulp91,165.2
2026-07-16,VIC,Geelong,diesel,189.0
2026-07-16,VIC,Geelong,p95,167.2
2026-07-16,VIC,Geelong,p98,181.6
2026-07-16,VIC,Geelong,ulp91,158.1
2026-07-16,VIC,Melbourne,diesel,189.0
2026-07-16,VIC,Melbourne,e10,159.3
2026-07-16,VIC,Melbourne,p95,167.2
2026-07-16,VIC,Melbourne,p98,181.6
2026-07-16,VIC,Melbourne,ulp91,158.1
2026-07-16,WA,Broome,diesel,220.0
2026-07-16,WA,Broome,p95,217.4
2026-07-16,WA,Broome,ulp91,207.2
2026-07-16,WA,Cocos Island,diesel,236.9
2026-07-16,WA,Cocos Island,p95,382.7
2026-07-16,WA,Dampier,diesel,209.4
2026-07-16,WA,Esperance,diesel,194.8
2026-07-16,WA,King Bay,diesel,209.4
2026-07-16,WA,Perth,diesel,188.6
2026-07-16,WA,Perth,p95,173.2
2026-07-16,WA,Perth,p98,187.3
2026-07-16,WA,Perth,ulp91,159.8
2026-07-16,WA,Port Hedland,diesel,216.8
2026-07-17,NSW,Newcastle,diesel,196.8
2026-07-17,NSW,Sydney,diesel,196.7
2026-07-17,NSW,Sydney,e10,164.0
2026-07-17,NSW,Sydney,p95,173.0
2026-07-17,NSW,Sydney,p98,186.8
2026-07-17,NSW,Sydney,ulp91,163.6
2026-07-17,NT,Darwin,diesel,202.1
2026-07-17,NT,Darwin,p95,179.0
2026-07-17,NT,Darwin,ulp91,167.4
2026-07-17,QLD,Brisbane,b5,204.5
2026-07-17,QLD,Brisbane,diesel,195.4
2026-07-17,QLD,Brisbane,e10,163.0
2026-07-17,QLD,Brisbane,p95,171.1
2026-07-17,QLD,Brisbane,p98,185.2
2026-07-17,QLD,Brisbane,ulp91,161.8
2026-07-17,QLD,Cairns,diesel,200.9
2026-07-17,QLD,Cairns,p95,182.4
2026-07-17,QLD,Cairns,ulp91,168.8
2026-07-17,QLD,Gladstone,diesel,199.3
2026-07-17,QLD,Gladstone,p95,176.3
2026-07-17,QLD,Gladstone,ulp91,168.6
2026-07-17,QLD,Mackay,diesel,199.2
2026-07-17,QLD,Mackay,ulp91,169.1
2026-07-17,QLD,Townsville,diesel,200.6
2026-07-17,QLD,Townsville,p95,178.0
2026-07-17,QLD,Townsville,p98,194.2
2026-07-17,QLD,Townsville,ulp91,168.4
2026-07-17,QLD,Weipa,diesel,211.1
2026-07-17,QLD,Weipa,ulp91,191.9
2026-07-17,SA,Adelaide,diesel,197.3
2026-07-17,SA,Adelaide,e10,165.1
2026-07-17,SA,Adelaide,p95,172.0
2026-07-17,SA,Adelaide,p98,187.0
2026-07-17,SA,Adelaide,ulp91,163.3
2026-07-17,SA,Port Lincoln,diesel,205.3
2026-07-17,SA,Port Lincoln,p98,196.9
2026-07-17,SA,Port Lincoln,ulp91,171.3
2026-07-17,TAS,Devonport,diesel,203.1
2026-07-17,TAS,Devonport,p95,179.9
2026-07-17,TAS,Devonport,ulp91,168.0
2026-07-17,TAS,Hobart,diesel,202.5
2026-07-17,TAS,Hobart,p95,179.9
2026-07-17,TAS,Hobart,p98,195.6
2026-07-17,TAS,Hobart,ulp91,168.1
2026-07-17,VIC,Geelong,diesel,196.2
2026-07-17,VIC,Geelong,p95,170.3
2026-07-17,VIC,Geelong,p98,184.7
2026-07-17,VIC,Geelong,ulp91,161.0
2026-07-17,VIC,Melbourne,diesel,196.2
2026-07-17,VIC,Melbourne,e10,162.2
2026-07-17,VIC,Melbourne,p95,170.3
2026-07-17,VIC,Melbourne,p98,184.7
2026-07-17,VIC,Melbourne,ulp91,161.0
2026-07-17,WA,Broome,diesel,227.2
2026-07-17,WA,Broome,p95,220.4
2026-07-17,WA,Broome,ulp91,210.1
2026-07-17,WA,Cocos Island,diesel,243.5
2026-07-17,WA,Cocos Island,p95,385.5
2026-07-17,WA,Dampier,diesel,216.7
2026-07-17,WA,Esperance,diesel,202.0
2026-07-17,WA,King Bay,diesel,216.7
2026-07-17,WA,Perth,diesel,195.8
2026-07-17,WA,Perth,p95,176.2
2026-07-17,WA,Perth,p98,190.4
2026-07-17,WA,Perth,ulp91,162.8
2026-07-17,WA,Port Hedland,diesel,224.0
2026-07-18,NSW,Newcastle,diesel,199.5
2026-07-18,NSW,Sydney,diesel,199.4
2026-07-18,NSW,Sydney,e10,166.4
2026-07-18,NSW,Sydney,p95,175.4
2026-07-18,NSW,Sydney,p98,189.3
2026-07-18,NSW,Sydney,ulp91,166.0
2026-07-18,NT,Darwin,diesel,204.8
2026-07-18,NT,Darwin,p95,181.5
2026-07-18,NT,Darwin,ulp91,169.9
2026-07-18,QLD,Brisbane,b5,206.5
2026-07-18,QLD,Brisbane,diesel,198.1
2026-07-18,QLD,Brisbane,e10,165.5
2026-07-18,QLD,Brisbane,p95,173.6
2026-07-18,QLD,Brisbane,p98,187.6
2026-07-18,QLD,Brisbane,ulp91,164.3
2026-07-18,QLD,Cairns,diesel,203.7
2026-07-18,QLD,Cairns,p95,184.9
2026-07-18,QLD,Cairns,ulp91,171.2
2026-07-18,QLD,Gladstone,diesel,202.1
2026-07-18,QLD,Gladstone,p95,178.8
2026-07-18,QLD,Gladstone,ulp91,171.1
2026-07-18,QLD,Mackay,diesel,202.0
2026-07-18,QLD,Mackay,ulp91,171.5
2026-07-18,QLD,Townsville,diesel,203.3
2026-07-18,QLD,Townsville,p95,180.5
2026-07-18,QLD,Townsville,p98,196.7
2026-07-18,QLD,Townsville,ulp91,170.9
2026-07-18,QLD,Weipa,diesel,213.8
2026-07-18,QLD,Weipa,ulp91,194.3
2026-07-18,SA,Adelaide,diesel,200.1
2026-07-18,SA,Adelaide,e10,167.5
2026-07-18,SA,Adelaide,p95,174.5
2026-07-18,SA,Adelaide,p98,189.5
2026-07-18,SA,Adelaide,ulp91,165.8
2026-07-18,SA,Port Lincoln,diesel,208.0
2026-07-18,SA,Port Lincoln,p98,199.4
2026-07-18,SA,Port Lincoln,ulp91,173.8
2026-07-18,TAS,Devonport,diesel,205.9
2026-07-18,TAS,Devonport,p95,182.4
2026-07-18,TAS,Devonport,ulp91,170.5
2026-07-18,TAS,Hobart,diesel,205.2
2026-07-18,TAS,Hobart,p95,182.4
2026-07-18,TAS,Hobart,p98,198.1
2026-07-18,TAS,Hobart,ulp91,170.6
2026-07-18,VIC,Geelong,diesel,199.0
2026-07-18,VIC,Geelong,p95,172.8
2026-07-18,VIC,Geelong,p98,187.1
2026-07-18,VIC,Geelong,ulp91,163.5
2026-07-18,VIC,Melbourne,diesel,199.0
2026-07-18,VIC,Melbourne,e10,164.7
2026-07-18,VIC,Melbourne,p95,172.8
2026-07-18,VIC,Melbourne,p98,187.1
2026-07-18,VIC,Melbourne,ulp91,163.5
2026-07-18,WA,Broome,diesel,229.9
2026-07-18,WA,Broome,p95,222.8
2026-07-18,WA,Broome,ulp91,212.5
2026-07-18,WA,Cocos Island,diesel,245.9
2026-07-18,WA,Cocos Island,p95,387.7
2026-07-18,WA,Dampier,diesel,219.4
2026-07-18,WA,Esperance,diesel,204.7
2026-07-18,WA,King Bay,diesel,219.4
2026-07-18,WA,Perth,diesel,198.6
2026-07-18,WA,Perth,p95,178.7
2026-07-18,WA,Perth,p98,192.9
2026-07-18,WA,Perth,ulp91,165.3
2026-07-18,WA,Port Hedland,diesel,226.8
2026-07-21,NSW,Newcastle,diesel,203.7
2026-07-21,NSW,Sydney,diesel,203.6
2026-07-21,NSW,Sydney,e10,168.6
2026-07-21,NSW,Sydney,p95,177.6
2026-07-21,NSW,Sydney,p98,191.4
2026-07-21,NSW,Sydney,ulp91,168.2
2026-07-21,NT,Darwin,diesel,209.0
2026-07-21,NT,Darwin,p95,183.6
2026-07-21,NT,Darwin,ulp91,172.1
2026-07-21,QLD,Brisbane,b5,210.5
2026-07-21,QLD,Brisbane,diesel,202.3
2026-07-21,QLD,Brisbane,e10,167.7
2026-07-21,QLD,Brisbane,p95,175.7
2026-07-21,QLD,Brisbane,p98,189.8
2026-07-21,QLD,Brisbane,ulp91,166.4
2026-07-21,QLD,Cairns,diesel,207.9
2026-07-21,QLD,Cairns,p95,187.1
2026-07-21,QLD,Cairns,ulp91,173.4
2026-07-21,QLD,Gladstone,diesel,206.2
2026-07-21,QLD,Gladstone,p95,180.9
2026-07-21,QLD,Gladstone,ulp91,173.2
2026-07-21,QLD,Mackay,diesel,206.2
2026-07-21,QLD,Mackay,ulp91,173.7
2026-07-21,QLD,Townsville,diesel,207.5
2026-07-21,QLD,Townsville,p95,182.6
2026-07-21,QLD,Townsville,p98,198.8
2026-07-21,QLD,Townsville,ulp91,173.1
2026-07-21,QLD,Weipa,diesel,218.0
2026-07-21,QLD,Weipa,ulp91,196.5
2026-07-21,SA,Adelaide,diesel,204.2
2026-07-21,SA,Adelaide,e10,169.7
2026-07-21,SA,Adelaide,p95,176.7
2026-07-21,SA,Adelaide,p98,191.6
2026-07-21,SA,Adelaide,ulp91,167.9
2026-07-21,SA,Port Lincoln,diesel,212.2
2026-07-21,SA,Port Lincoln,p98,201.5
2026-07-21,SA,Port Lincoln,ulp91,176.0
2026-07-21,TAS,Devonport,diesel,210.0
2026-07-21,TAS,Devonport,p95,184.5
2026-07-21,TAS,Devonport,ulp91,172.7
2026-07-21,TAS,Hobart,diesel,209.4
2026-07-21,TAS,Hobart,p95,184.6
2026-07-21,TAS,Hobart,p98,200.2
2026-07-21,TAS,Hobart,ulp91,172.7
2026-07-21,VIC,Geelong,diesel,203.2
2026-07-21,VIC,Geelong,p95,174.9
2026-07-21,VIC,Geelong,p98,189.3
2026-07-21,VIC,Geelong,ulp91,165.7
2026-07-21,VIC,Melbourne,diesel,203.2
2026-07-21,VIC,Melbourne,e10,166.8
2026-07-21,VIC,Melbourne,p95,174.9
2026-07-21,VIC,Melbourne,p98,189.3
2026-07-21,VIC,Melbourne,ulp91,165.7
2026-07-21,WA,Broome,diesel,234.1
2026-07-21,WA,Broome,p95,225.0
2026-07-21,WA,Broome,ulp91,214.7
2026-07-21,WA,Cocos Island,diesel,249.7
2026-07-21,WA,Cocos Island,p95,389.7
2026-07-21,WA,Dampier,diesel,223.6
2026-07-21,WA,Esperance,diesel,208.9
2026-07-21,WA,King Bay,diesel,223.6
2026-07-21,WA,Perth,diesel,202.8
2026-07-21,WA,Perth,p95,180.9
2026-07-21,WA,Perth,p98,195.0
2026-07-21,WA,Perth,ulp91,167.4
2026-07-21,WA,Port Hedland,diesel,231.0
2026-07-22,NSW,Newcastle,diesel,207.0
2026-07-22,NSW,Sydney,diesel,206.9
2026-07-22,NSW,Sydney,e10,170.8
2026-07-22,NSW,Sydney,p95,179.8
2026-07-22,NSW,Sydney,p98,193.6
2026-07-22,NSW,Sydney,ulp91,170.5
2026-07-22,NT,Darwin,diesel,212.3
2026-07-22,NT,Darwin,p95,185.9
2026-07-22,NT,Darwin,ulp91,174.3
2026-07-22,QLD,Brisbane,b5,213.6
2026-07-22,QLD,Brisbane,diesel,205.7
2026-07-22,QLD,Brisbane,e10,169.9
2026-07-22,QLD,Brisbane,p95,178.0
2026-07-22,QLD,Brisbane,p98,192.0
2026-07-22,QLD,Brisbane,ulp91,168.7
2026-07-22,QLD,Cairns,diesel,211.2
2026-07-22,QLD,Cairns,p95,189.3
2026-07-22,QLD,Cairns,ulp91,175.7
2026-07-22,QLD,Gladstone,diesel,209.6
2026-07-22,QLD,Gladstone,p95,183.2
2026-07-22,QLD,Gladstone,ulp91,175.5
2026-07-22,QLD,Mackay,diesel,209.5
2026-07-22,QLD,Mackay,ulp91,175.9
2026-07-22,QLD,Townsville,diesel,210.8
2026-07-22,QLD,Townsville,p95,184.9
2026-07-22,QLD,Townsville,p98,201.1
2026-07-22,QLD,Townsville,ulp91,175.3
2026-07-22,QLD,Weipa,diesel,221.3
2026-07-22,QLD,Weipa,ulp91,198.7
2026-07-22,SA,Adelaide,diesel,207.6
2026-07-22,SA,Adelaide,e10,172.0
2026-07-22,SA,Adelaide,p95,178.9
2026-07-22,SA,Adelaide,p98,193.9
2026-07-22,SA,Adelaide,ulp91,170.2
2026-07-22,SA,Port Lincoln,diesel,215.5
2026-07-22,SA,Port Lincoln,p98,203.8
2026-07-22,SA,Port Lincoln,ulp91,178.2
2026-07-22,TAS,Devonport,diesel,213.4
2026-07-22,TAS,Devonport,p95,186.8
2026-07-22,TAS,Devonport,ulp91,174.9
2026-07-22,TAS,Hobart,diesel,212.7
2026-07-22,TAS,Hobart,p95,186.8
2026-07-22,TAS,Hobart,p98,202.5
2026-07-22,TAS,Hobart,ulp91,175.0
2026-07-22,VIC,Geelong,diesel,206.5
2026-07-22,VIC,Geelong,p95,177.2
2026-07-22,VIC,Geelong,p98,191.5
2026-07-22,VIC,Geelong,ulp91,167.9
2026-07-22,VIC,Melbourne,diesel,206.5
2026-07-22,VIC,Melbourne,e10,169.1
2026-07-22,VIC,Melbourne,p95,177.2
2026-07-22,VIC,Melbourne,p98,191.5
2026-07-22,VIC,Melbourne,ulp91,167.9
2026-07-22,WA,Broome,diesel,237.4
2026-07-22,WA,Broome,p95,227.2
2026-07-22,WA,Broome,ulp91,216.9
2026-07-22,WA,Cocos Island,diesel,252.8
2026-07-22,WA,Cocos Island,p95,391.7
2026-07-22,WA,Dampier,diesel,226.9
2026-07-22,WA,Esperance,diesel,212.2
2026-07-22,WA,King Bay,diesel,226.9
2026-07-22,WA,Perth,diesel,206.1
2026-07-22,WA,Perth,p95,183.1
2026-07-22,WA,Perth,p98,197.3
2026-07-22,WA,Perth,ulp91,169.7
2026-07-22,WA,Port Hedland,diesel,234.3
2026-07-23,NSW,Newcastle,diesel,207.9
2026-07-23,NSW,Sydney,diesel,207.8
2026-07-23,NSW,Sydney,e10,171.8
2026-07-23,NSW,Sydney,p95,180.8
2026-07-23,NSW,Sydney,p98,194.6
2026-07-23,NSW,Sydney,ulp91,171.4
2026-07-23,NT,Darwin,diesel,213.3
2026-07-23,NT,Darwin,p95,186.8
2026-07-23,NT,Darwin,ulp91,175.3
2026-07-23,QLD,Brisbane,b5,214.4
2026-07-23,QLD,Brisbane,diesel,206.6
2026-07-23,QLD,Brisbane,e10,170.9
2026-07-23,QLD,Brisbane,p95,178.9
2026-07-23,QLD,Brisbane,p98,193.0
2026-07-23,QLD,Brisbane,ulp91,169.7
2026-07-23,QLD,Cairns,diesel,212.1
2026-07-23,QLD,Cairns,p95,190.3
2026-07-23,QLD,Cairns,ulp91,176.6
2026-07-23,QLD,Gladstone,diesel,210.5
2026-07-23,QLD,Gladstone,p95,184.1
2026-07-23,QLD,Gladstone,ulp91,176.5
2026-07-23,QLD,Mackay,diesel,210.4
2026-07-23,QLD,Mackay,ulp91,176.9
2026-07-23,QLD,Townsville,diesel,211.7
2026-07-23,QLD,Townsville,p95,185.8
2026-07-23,QLD,Townsville,p98,202.0
2026-07-23,QLD,Townsville,ulp91,176.3
2026-07-23,QLD,Weipa,diesel,222.2
2026-07-23,QLD,Weipa,ulp91,199.7
2026-07-23,SA,Adelaide,diesel,208.5
2026-07-23,SA,Adelaide,e10,172.9
2026-07-23,SA,Adelaide,p95,179.9
2026-07-23,SA,Adelaide,p98,194.8
2026-07-23,SA,Adelaide,ulp91,171.2
2026-07-23,SA,Port Lincoln,diesel,216.4
2026-07-23,SA,Port Lincoln,p98,204.7
2026-07-23,SA,Port Lincoln,ulp91,179.2
2026-07-23,TAS,Devonport,diesel,214.3
2026-07-23,TAS,Devonport,p95,187.7
2026-07-23,TAS,Devonport,ulp91,175.9
2026-07-23,TAS,Hobart,diesel,213.6
2026-07-23,TAS,Hobart,p95,187.8
2026-07-23,TAS,Hobart,p98,203.4
2026-07-23,TAS,Hobart,ulp91,176.0
2026-07-23,VIC,Geelong,diesel,207.4
2026-07-23,VIC,Geelong,p95,178.1
2026-07-23,VIC,Geelong,p98,192.5
2026-07-23,VIC,Geelong,ulp91,168.9
2026-07-23,VIC,Melbourne,diesel,207.4
2026-07-23,VIC,Melbourne,e10,170.1
2026-07-23,VIC,Melbourne,p95,178.1
2026-07-23,VIC,Melbourne,p98,192.5
2026-07-23,VIC,Melbourne,ulp91,168.9
2026-07-23,WA,Broome,diesel,238.3
2026-07-23,WA,Broome,p95,228.1
2026-07-23,WA,Broome,ulp91,217.8
2026-07-23,WA,Cocos Island,diesel,253.6
2026-07-23,WA,Cocos Island,p95,392.6
2026-07-23,WA,Dampier,diesel,227.8
2026-07-23,WA,Esperance,diesel,213.2
2026-07-23,WA,King Bay,diesel,227.8
2026-07-23,WA,Perth,diesel,207.1
2026-07-23,WA,Perth,p95,184.1
2026-07-23,WA,Perth,p98,198.2
2026-07-23,WA,Perth,ulp91,170.7
2026-07-23,WA,Port Hedland,diesel,235.2
2026-07-24,NSW,Newcastle,diesel,211.4
2026-07-24,NSW,Sydney,diesel,211.3
2026-07-24,NSW,Sydney,e10,175.0
2026-07-24,NSW,Sydney,p95,184.1
2026-07-24,NSW,Sydney,p98,197.9
2026-07-24,NSW,Sydney,ulp91,174.6
2026-07-24,NT,Darwin,diesel,216.8
2026-07-24,NT,Darwin,p95,190.2
2026-07-24,NT,Darwin,ulp91,178.5
2026-07-24,QLD,Brisbane,b5,217.9
2026-07-24,QLD,Brisbane,diesel,210.1
2026-07-24,QLD,Brisbane,e10,174.1
2026-07-24,QLD,Brisbane,p95,182.3
2026-07-24,QLD,Brisbane,p98,196.3
2026-07-24,QLD,Brisbane,ulp91,172.8
2026-07-24,QLD,Cairns,diesel,215.6
2026-07-24,QLD,Cairns,p95,193.6
2026-07-24,QLD,Cairns,ulp91,179.8
2026-07-24,QLD,Gladstone,diesel,214.0
2026-07-24,QLD,Gladstone,p95,187.5
2026-07-24,QLD,Gladstone,ulp91,179.6
2026-07-24,QLD,Mackay,diesel,213.9
2026-07-24,QLD,Mackay,ulp91,180.1
2026-07-24,QLD,Townsville,diesel,215.2
2026-07-24,QLD,Townsville,p95,189.2
2026-07-24,QLD,Townsville,p98,205.3
2026-07-24,QLD,Townsville,ulp91,179.5
2026-07-24,QLD,Weipa,diesel,225.7
2026-07-24,QLD,Weipa,ulp91,202.9
2026-07-24,SA,Adelaide,diesel,212.0
2026-07-24,SA,Adelaide,e10,176.1
2026-07-24,SA,Adelaide,p95,183.2
2026-07-24,SA,Adelaide,p98,198.2
2026-07-24,SA,Adelaide,ulp91,174.3
2026-07-24,SA,Port Lincoln,diesel,219.9
2026-07-24,SA,Port Lincoln,p98,208.0
2026-07-24,SA,Port Lincoln,ulp91,182.3
2026-07-24,TAS,Devonport,diesel,217.8
2026-07-24,TAS,Devonport,p95,191.1
2026-07-24,TAS,Devonport,ulp91,179.1
2026-07-24,TAS,Hobart,diesel,217.1
2026-07-24,TAS,Hobart,p95,191.1
2026-07-24,TAS,Hobart,p98,206.8
2026-07-24,TAS,Hobart,ulp91,179.1
2026-07-24,VIC,Geelong,diesel,210.9
2026-07-24,VIC,Geelong,p95,181.5
2026-07-24,VIC,Geelong,p98,195.8
2026-07-24,VIC,Geelong,ulp91,172.1
2026-07-24,VIC,Melbourne,diesel,210.9
2026-07-24,VIC,Melbourne,e10,173.3
2026-07-24,VIC,Melbourne,p95,181.5
2026-07-24,VIC,Melbourne,p98,195.8
2026-07-24,VIC,Melbourne,ulp91,172.1
2026-07-24,WA,Broome,diesel,241.8
2026-07-24,WA,Broome,p95,231.3
2026-07-24,WA,Broome,ulp91,220.9
2026-07-24,WA,Cocos Island,diesel,256.8
2026-07-24,WA,Cocos Island,p95,395.7
2026-07-24,WA,Dampier,diesel,231.3
2026-07-24,WA,Esperance,diesel,216.7
2026-07-24,WA,King Bay,diesel,231.3
2026-07-24,WA,Perth,diesel,210.6
2026-07-24,WA,Perth,p95,187.4
2026-07-24,WA,Perth,p98,201.6
2026-07-24,WA,Perth,ulp91,173.9
2026-07-24,WA,Port Hedland,diesel,238.7
