State,City,UnleadedPetrol,PremiumUnleadedPetrol,UnleadedPetrol E10,UnleadedPetrol 98,Diesel,BiodieselB5,Date
NEW SOUTH WALES,NEWCASTLE,N/A,N/A,N/A,N/A,308.10,N/A,2026-03-31
NEW SOUTH WALES,SYDNEY,235.71,245.11,236.03,258.90,308.04,N/A,2026-03-31
NORTHERN TERRITORY,DARWIN,239.50,251.09,N/A,N/A,313.31,N/A,2026-03-31
QUEENSLAND,BRISBANE,233.96,243.29,235.17,257.29,306.88,308.62,2026-03-31
QUEENSLAND,CAIRNS,240.93,254.74,N/A,N/A,312.31,N/A,2026-03-31
QUEENSLAND,GLADSTONE,240.87,248.62,N/A,N/A,310.70,N/A,2026-03-31
QUEENSLAND,MACKAY,241.33,N/A,N/A,N/A,310.61,N/A,2026-03-31
QUEENSLAND,TOWNSVILLE,240.64,250.32,N/A,266.49,311.95,N/A,2026-03-31
QUEENSLAND,WEIPA,264.24,N/A,N/A,N/A,322.76,N/A,2026-03-31
SOUTH AUSTRALIA,ADELAIDE,235.47,244.24,237.22,259.19,308.84,N/A,2026-03-31
SOUTH AUSTRALIA,PORT LINCOLN,243.55,N/A,N/A,269.05,316.80,N/A,2026-03-31
TASMANIA,DEVONPORT,238.01,249.90,N/A,N/A,311.28,N/A,2026-03-31
TASMANIA,HOBART,238.10,249.95,N/A,265.58,310.62,N/A,2026-03-31
VICTORIA,GEELONG,233.10,242.42,N/A,256.73,307.03,N/A,2026-03-31
VICTORIA,MELBOURNE,233.10,242.42,234.29,256.73,307.03,N/A,2026-03-31
WESTERN AUSTRALIA,BROOME,284.60,294.91,N/A,N/A,339.32,N/A,2026-03-31
WESTERN AUSTRALIA,COCOS Island,N/A,451.00,N/A,N/A,344.52,N/A,2026-03-31
WESTERN AUSTRALIA,DAMPIER,N/A,N/A,N/A,N/A,328.34,N/A,2026-03-31
WESTERN AUSTRALIA,ESPERANCE,N/A,N/A,N/A,N/A,313.18,N/A,2026-03-31
WESTERN AUSTRALIA,KING BAY,N/A,N/A,N/A,N/A,328.34,N/A,2026-03-31
WESTERN AUSTRALIA,PERTH,234.84,248.28,N/A,262.42,307.16,N/A,2026-03-31
WESTERN AUSTRALIA,PORT HEDLAND,N/A,N/A,N/A,N/A,335.45,N/A,2026-03-31
NEW SOUTH WALES,NEWCASTLE,N/A,N/A,N/A,N/A,308.94,N/A,2026-03-28
NEW SOUTH WALES,SYDNEY,241.73,251.46,242.08,265.23,308.88,N/A,2026-03-28
NORTHERN TERRITORY,DARWIN,245.61,257.51,N/A,N/A,314.23,N/A,2026-03-28
QUEENSLAND,BRISBANE,240.02,249.67,241.25,263.66,307.74,309.44,2026-03-28
QUEENSLAND,CAIRNS,246.97,261.07,N/A,N/A,313.15,N/A,2026-03-28
QUEENSLAND,GLADSTONE,246.87,254.96,N/A,N/A,311.54,N/A,2026-03-28
QUEENSLAND,MACKAY,247.31,N/A,N/A,N/A,311.45,N/A,2026-03-28
QUEENSLAND,TOWNSVILLE,246.68,256.64,N/A,272.81,312.79,N/A,2026-03-28
QUEENSLAND,WEIPA,270.16,N/A,N/A,N/A,323.48,N/A,2026-03-28
SOUTH AUSTRALIA,ADELAIDE,241.51,250.60,243.27,265.54,309.68,N/A,2026-03-28
SOUTH AUSTRALIA,PORT LINCOLN,249.52,N/A,N/A,275.40,317.57,N/A,2026-03-28
TASMANIA,DEVONPORT,243.99,256.19,N/A,N/A,312.07,N/A,2026-03-28
TASMANIA,HOBART,244.08,256.25,N/A,271.88,311.41,N/A,2026-03-28
VICTORIA,GEELONG,239.15,248.79,N/A,263.09,307.89,N/A,2026-03-28
VICTORIA,MELBOURNE,239.15,248.79,240.35,263.09,307.89,N/A,2026-03-28
WESTERN AUSTRALIA,BROOME,289.71,300.36,N/A,N/A,340.03,N/A,2026-03-28
WESTERN AUSTRALIA,COCOS Island,N/A,456.85,N/A,N/A,345.36,N/A,2026-03-28
WESTERN AUSTRALIA,DAMPIER,N/A,N/A,N/A,N/A,329.25,N/A,2026-03-28
WESTERN AUSTRALIA,ESPERANCE,N/A,N/A,N/A,N/A,314.08,N/A,2026-03-28
WESTERN AUSTRALIA,KING BAY,N/A,N/A,N/A,N/A,329.25,N/A,2026-03-28
WESTERN AUSTRALIA,PERTH,240.94,254.72,N/A,268.84,308.09,N/A,2026-03-28
WESTERN AUSTRALIA,PORT HEDLAND,N/A,N/A,N/A,N/A,336.34,N/A,2026-03-28
NEW SOUTH WALES,NEWCASTLE,N/A,N/A,N/A,N/A,310.88,N/A,2026-03-27
NEW SOUTH WALES,SYDNEY,247.60,257.65,247.97,271.39,310.82,N/A,2026-03-27
NORTHERN TERRITORY,DARWIN,251.58,263.80,N/A,N/A,316.24,N/A,2026-03-27
QUEENSLAND,BRISBANE,245.93,255.89,247.17,269.86,309.69,311.52,2026-03-27
QUEENSLAND,CAIRNS,252.86,267.25,N/A,N/A,315.10,N/A,2026-03-27
QUEENSLAND,GLADSTONE,252.73,261.13,N/A,N/A,313.49,N/A,2026-03-27
QUEENSLAND,MACKAY,253.15,N/A,N/A,N/A,313.40,N/A,2026-03-27
QUEENSLAND,TOWNSVILLE,252.56,262.80,N/A,278.94,314.73,N/A,2026-03-27
QUEENSLAND,WEIPA,275.90,N/A,N/A,N/A,325.26,N/A,2026-03-27
SOUTH AUSTRALIA,ADELAIDE,247.39,256.81,249.18,271.72,311.59,N/A,2026-03-27
SOUTH AUSTRALIA,PORT LINCOLN,255.32,N/A,N/A,281.58,319.42,N/A,2026-03-27
TASMANIA,DEVONPORT,249.82,262.35,N/A,N/A,313.94,N/A,2026-03-27
TASMANIA,HOBART,249.91,262.41,N/A,278.01,313.28,N/A,2026-03-27
VICTORIA,GEELONG,245.05,255.00,N/A,269.27,309.85,N/A,2026-03-27
VICTORIA,MELBOURNE,245.05,255.00,246.27,269.27,309.85,N/A,2026-03-27
WESTERN AUSTRALIA,BROOME,294.47,305.44,N/A,N/A,341.80,N/A,2026-03-27
WESTERN AUSTRALIA,COCOS Island,N/A,462.57,N/A,N/A,347.20,N/A,2026-03-27
WESTERN AUSTRALIA,DAMPIER,N/A,N/A,N/A,N/A,331.27,N/A,2026-03-27
WESTERN AUSTRALIA,ESPERANCE,N/A,N/A,N/A,N/A,316.07,N/A,2026-03-27
WESTERN AUSTRALIA,KING BAY,N/A,N/A,N/A,N/A,331.27,N/A,2026-03-27
WESTERN AUSTRALIA,PERTH,246.92,261.01,N/A,275.11,310.11,N/A,2026-03-27
WESTERN AUSTRALIA,PORT HEDLAND,N/A,N/A,N/A,N/A,338.34,N/A,2026-03-27
NEW SOUTH WALES,NEWCASTLE,N/A,N/A,N/A,N/A,303.45,N/A,2026-03-26
NEW SOUTH WALES,SYDNEY,247.95,258.34,248.36,272.07,303.36,N/A,2026-03-26
NORTHERN TERRITORY,DARWIN,252.04,264.58,N/A,N/A,308.91,N/A,2026-03-26
QUEENSLAND,BRISBANE,246.32,256.62,247.60,270.58,302.28,304.36,2026-03-26
QUEENSLAND,CAIRNS,253.23,267.88,N/A,N/A,307.65,N/A,2026-03-26
QUEENSLAND,GLADSTONE,253.03,261.77,N/A,N/A,306.05,N/A,2026-03-26
QUEENSLAND,MACKAY,253.46,N/A,N/A,N/A,305.97,N/A,2026-03-26
QUEENSLAND,TOWNSVILLE,252.93,263.44,N/A,279.57,307.29,N/A,2026-03-26
QUEENSLAND,WEIPA,276.12,N/A,N/A,N/A,317.65,N/A,2026-03-26
SOUTH AUSTRALIA,ADELAIDE,247.75,257.50,249.58,272.39,304.13,N/A,2026-03-26
SOUTH AUSTRALIA,PORT LINCOLN,255.61,N/A,N/A,282.25,311.87,N/A,2026-03-26
TASMANIA,DEVONPORT,250.12,262.98,N/A,N/A,306.42,N/A,2026-03-26
TASMANIA,HOBART,250.21,263.03,N/A,278.63,305.76,N/A,2026-03-26
VICTORIA,GEELONG,245.42,255.71,N/A,269.97,302.42,N/A,2026-03-26
VICTORIA,MELBOURNE,245.42,255.71,246.69,269.97,302.42,N/A,2026-03-26
WESTERN AUSTRALIA,BROOME,293.51,304.79,N/A,N/A,334.18,N/A,2026-03-26
WESTERN AUSTRALIA,COCOS Island,N/A,463.29,N/A,N/A,340.53,N/A,2026-03-26
WESTERN AUSTRALIA,DAMPIER,N/A,N/A,N/A,N/A,323.95,N/A,2026-03-26
WESTERN AUSTRALIA,ESPERANCE,N/A,N/A,N/A,N/A,308.73,N/A,2026-03-26
WESTERN AUSTRALIA,KING BAY,N/A,N/A,N/A,N/A,323.95,N/A,2026-03-26
WESTERN AUSTRALIA,PERTH,247.40,261.80,N/A,275.89,302.76,N/A,2026-03-26
WESTERN AUSTRALIA,PORT HEDLAND,N/A,N/A,N/A,N/A,330.99,N/A,2026-03-26
NEW SOUTH WALES,NEWCASTLE,N/A,N/A,N/A,N/A,295.57,N/A,2026-03-25
NEW SOUTH WALES,SYDNEY,245.86,256.23,246.29,269.97,295.47,N/A,2026-03-25
NORTHERN TERRITORY,DARWIN,250.05,262.60,N/A,N/A,301.11,N/A,2026-03-25
QUEENSLAND,BRISBANE,244.27,254.55,245.54,268.51,294.39,297.01,2026-03-25
QUEENSLAND,CAIRNS,251.15,265.77,N/A,N/A,299.76,N/A,2026-03-25
QUEENSLAND,GLADSTONE,250.92,259.66,N/A,N/A,298.18,N/A,2026-03-25
QUEENSLAND,MACKAY,251.34,N/A,N/A,N/A,298.09,N/A,2026-03-25
QUEENSLAND,TOWNSVILLE,250.86,261.32,N/A,277.43,299.40,N/A,2026-03-25
QUEENSLAND,WEIPA,273.90,N/A,N/A,N/A,309.58,N/A,2026-03-25
SOUTH AUSTRALIA,ADELAIDE,245.67,255.41,247.51,270.30,296.21,N/A,2026-03-25
SOUTH AUSTRALIA,PORT LINCOLN,253.45,N/A,N/A,280.16,303.89,N/A,2026-03-25
TASMANIA,DEVONPORT,246.88,259.73,N/A,N/A,298.45,N/A,2026-03-25
TASMANIA,HOBART,246.97,259.79,N/A,275.39,297.79,N/A,2026-03-25
VICTORIA,GEELONG,243.36,253.64,N/A,267.91,294.55,N/A,2026-03-25
VICTORIA,MELBOURNE,243.36,253.64,244.64,267.91,294.55,N/A,2026-03-25
WESTERN AUSTRALIA,BROOME,290.17,301.44,N/A,N/A,326.11,N/A,2026-03-25
WESTERN AUSTRALIA,COCOS Island,N/A,461.49,N/A,N/A,333.46,N/A,2026-03-25
WESTERN AUSTRALIA,DAMPIER,N/A,N/A,N/A,N/A,316.16,N/A,2026-03-25
WESTERN AUSTRALIA,ESPERANCE,N/A,N/A,N/A,N/A,300.91,N/A,2026-03-25
WESTERN AUSTRALIA,KING BAY,N/A,N/A,N/A,N/A,316.16,N/A,2026-03-25
WESTERN AUSTRALIA,PERTH,245.41,259.82,N/A,273.90,294.98,N/A,2026-03-25
WESTERN AUSTRALIA,PORT HEDLAND,N/A,N/A,N/A,N/A,323.16,N/A,2026-03-25
NEW SOUTH WALES,NEWCASTLE,N/A,N/A,N/A,N/A,289.51,N/A,2026-03-24
NEW SOUTH WALES,SYDNEY,242.98,253.36,243.44,267.09,289.39,N/A,2026-03-24
NORTHERN TERRITORY,DARWIN,247.25,259.80,N/A,N/A,295.12,N/A,2026-03-24
QUEENSLAND,BRISBANE,241.40,251.69,242.72,265.64,288.34,291.25,2026-03-24
QUEENSLAND,CAIRNS,248.28,262.86,N/A,N/A,293.69,N/A,2026-03-24
QUEENSLAND,GLADSTONE,248.01,256.74,N/A,N/A,292.12,N/A,2026-03-24
QUEENSLAND,MACKAY,248.41,N/A,N/A,N/A,292.03,N/A,2026-03-24
QUEENSLAND,TOWNSVILLE,247.98,258.39,N/A,274.52,293.33,N/A,2026-03-24
QUEENSLAND,WEIPA,270.91,N/A,N/A,N/A,303.38,N/A,2026-03-24
SOUTH AUSTRALIA,ADELAIDE,242.79,252.54,244.66,267.43,290.11,N/A,2026-03-24
SOUTH AUSTRALIA,PORT LINCOLN,250.51,N/A,N/A,277.29,297.74,N/A,2026-03-24
TASMANIA,DEVONPORT,243.97,256.83,N/A,N/A,292.33,N/A,2026-03-24
TASMANIA,HOBART,244.06,256.88,N/A,272.47,291.67,N/A,2026-03-24
VICTORIA,GEELONG,240.49,250.78,N/A,265.03,288.51,N/A,2026-03-24
VICTORIA,MELBOURNE,240.49,250.78,241.80,265.03,288.51,N/A,2026-03-24
WESTERN AUSTRALIA,BROOME,286.31,297.59,N/A,N/A,319.89,N/A,2026-03-24
WESTERN AUSTRALIA,COCOS Island,N/A,458.93,N/A,N/A,328.02,N/A,2026-03-24
WESTERN AUSTRALIA,DAMPIER,N/A,N/A,N/A,N/A,310.17,N/A,2026-03-24
WESTERN AUSTRALIA,ESPERANCE,N/A,N/A,N/A,N/A,294.90,N/A,2026-03-24
WESTERN AUSTRALIA,KING BAY,N/A,N/A,N/A,N/A,310.17,N/A,2026-03-24
WESTERN AUSTRALIA,PERTH,242.61,257.00,N/A,271.10,288.97,N/A,2026-03-24
WESTERN AUSTRALIA,PORT HEDLAND,N/A,N/A,N/A,N/A,317.16,N/A,2026-03-24
NEW SOUTH WALES,NEWCASTLE,N/A,N/A,N/A,N/A,283.09,N/A,2026-03-21
NEW SOUTH WALES,SYDNEY,240.48,250.83,240.93,264.55,282.96,N/A,2026-03-21
NORTHERN TERRITORY,DARWIN,244.75,257.29,N/A,N/A,288.73,N/A,2026-03-21
QUEENSLAND,BRISBANE,238.90,249.17,240.21,263.11,281.90,285.15,2026-03-21
QUEENSLAND,CAIRNS,245.75,260.32,N/A,N/A,287.27,N/A,2026-03-21
QUEENSLAND,GLADSTONE,245.49,254.20,N/A,N/A,285.69,N/A,2026-03-21
QUEENSLAND,MACKAY,245.89,N/A,N/A,N/A,285.60,N/A,2026-03-21
QUEENSLAND,TOWNSVILLE,245.45,255.85,N/A,271.95,286.90,N/A,2026-03-21
QUEENSLAND,WEIPA,268.38,N/A,N/A,N/A,296.91,N/A,2026-03-21
SOUTH AUSTRALIA,ADELAIDE,240.28,250.01,242.14,264.89,283.68,N/A,2026-03-21
SOUTH AUSTRALIA,PORT LINCOLN,248.01,N/A,N/A,274.75,291.29,N/A,2026-03-21
TASMANIA,DEVONPORT,241.46,254.29,N/A,N/A,285.88,N/A,2026-03-21
TASMANIA,HOBART,241.55,254.34,N/A,269.92,285.22,N/A,2026-03-21
VICTORIA,GEELONG,238.01,248.26,N/A,262.50,282.08,N/A,2026-03-21
VICTORIA,MELBOURNE,238.01,248.26,239.31,262.50,282.08,N/A,2026-03-21
WESTERN AUSTRALIA,BROOME,283.53,294.79,N/A,N/A,313.42,N/A,2026-03-21
WESTERN AUSTRALIA,COCOS Island,N/A,456.64,N/A,N/A,322.20,N/A,2026-03-21
WESTERN AUSTRALIA,DAMPIER,N/A,N/A,N/A,N/A,303.77,N/A,2026-03-21
WESTERN AUSTRALIA,ESPERANCE,N/A,N/A,N/A,N/A,288.50,N/A,2026-03-21
WESTERN AUSTRALIA,KING BAY,N/A,N/A,N/A,N/A,303.77,N/A,2026-03-21
WESTERN AUSTRALIA,PERTH,240.11,254.49,N/A,268.55,282.56,N/A,2026-03-21
WESTERN AUSTRALIA,PORT HEDLAND,N/A,N/A,N/A,N/A,310.74,N/A,2026-03-21
NEW SOUTH WALES,NEWCASTLE,N/A,N/A,N/A,N/A,276.01,N/A,2026-03-20
NEW SOUTH WALES,SYDNEY,235.51,245.83,235.95,259.52,275.89,N/A,2026-03-20
NORTHERN TERRITORY,DARWIN,239.78,252.26,N/A,N/A,281.66,N/A,2026-03-20
QUEENSLAND,BRISBANE,233.92,244.15,235.22,258.07,274.81,278.42,2026-03-20
QUEENSLAND,CAIRNS,240.77,255.29,N/A,N/A,280.19,N/A,2026-03-20
QUEENSLAND,GLADSTONE,240.49,249.17,N/A,N/A,278.62,N/A,2026-03-20
QUEENSLAND,MACKAY,240.90,N/A,N/A,N/A,278.53,N/A,2026-03-20
QUEENSLAND,TOWNSVILLE,240.47,250.82,N/A,266.92,279.83,N/A,2026-03-20
QUEENSLAND,WEIPA,263.41,N/A,N/A,N/A,289.84,N/A,2026-03-20
SOUTH AUSTRALIA,ADELAIDE,235.30,244.98,237.16,259.85,276.60,N/A,2026-03-20
SOUTH AUSTRALIA,PORT LINCOLN,243.02,N/A,N/A,269.71,284.22,N/A,2026-03-20
TASMANIA,DEVONPORT,236.49,249.28,N/A,N/A,278.81,N/A,2026-03-20
TASMANIA,HOBART,236.58,249.34,N/A,264.89,278.15,N/A,2026-03-20
VICTORIA,GEELONG,233.02,243.24,N/A,257.48,275.01,N/A,2026-03-20
VICTORIA,MELBOURNE,233.02,243.24,234.32,257.48,275.01,N/A,2026-03-20
WESTERN AUSTRALIA,BROOME,278.54,289.75,N/A,N/A,306.35,N/A,2026-03-20
WESTERN AUSTRALIA,COCOS Island,N/A,452.08,N/A,N/A,315.77,N/A,2026-03-20
WESTERN AUSTRALIA,DAMPIER,N/A,N/A,N/A,N/A,296.69,N/A,2026-03-20
WESTERN AUSTRALIA,ESPERANCE,N/A,N/A,N/A,N/A,281.42,N/A,2026-03-20
WESTERN AUSTRALIA,KING BAY,N/A,N/A,N/A,N/A,296.69,N/A,2026-03-20
WESTERN AUSTRALIA,PERTH,235.13,249.47,N/A,263.53,275.47,N/A,2026-03-20
WESTERN AUSTRALIA,PORT HEDLAND,N/A,N/A,N/A,N/A,303.63,N/A,2026-03-20
NEW SOUTH WALES,NEWCASTLE,N/A,N/A,N/A,N/A,275.47,N/A,2026-03-19
NEW SOUTH WALES,SYDNEY,235.11,245.23,235.58,258.94,275.35,N/A,2026-03-19
NORTHERN TERRITORY,DARWIN,239.37,251.67,N/A,N/A,281.12,N/A,2026-03-19
QUEENSLAND,BRISBANE,233.51,243.54,234.83,257.47,274.27,278.22,2026-03-19
QUEENSLAND,CAIRNS,240.37,254.69,N/A,N/A,279.65,N/A,2026-03-19
QUEENSLAND,GLADSTONE,240.11,248.58,N/A,N/A,278.08,N/A,2026-03-19
QUEENSLAND,MACKAY,240.50,N/A,N/A,N/A,277.99,N/A,2026-03-19
QUEENSLAND,TOWNSVILLE,240.08,250.22,N/A,266.31,279.29,N/A,2026-03-19
QUEENSLAND,WEIPA,263.02,N/A,N/A,N/A,289.31,N/A,2026-03-19
SOUTH AUSTRALIA,ADELAIDE,234.91,244.39,236.75,259.26,276.03,N/A,2026-03-19
SOUTH AUSTRALIA,PORT LINCOLN,242.63,N/A,N/A,269.12,283.68,N/A,2026-03-19
TASMANIA,DEVONPORT,236.09,248.69,N/A,N/A,278.28,N/A,2026-03-19
TASMANIA,HOBART,236.18,248.74,N/A,264.31,277.62,N/A,2026-03-19
VICTORIA,GEELONG,232.64,242.66,N/A,256.89,274.47,N/A,2026-03-19
VICTORIA,MELBOURNE,232.64,242.66,233.95,256.89,274.47,N/A,2026-03-19
WESTERN AUSTRALIA,BROOME,278.15,289.17,N/A,N/A,305.82,N/A,2026-03-19
WESTERN AUSTRALIA,COCOS Island,N/A,451.53,N/A,N/A,315.28,N/A,2026-03-19
WESTERN AUSTRALIA,DAMPIER,N/A,N/A,N/A,N/A,296.15,N/A,2026-03-19
WESTERN AUSTRALIA,ESPERANCE,N/A,N/A,N/A,N/A,280.89,N/A,2026-03-19
WESTERN AUSTRALIA,KING BAY,N/A,N/A,N/A,N/A,296.15,N/A,2026-03-19
WESTERN AUSTRALIA,PERTH,234.73,248.86,N/A,262.92,274.92,N/A,2026-03-19
WESTERN AUSTRALIA,PORT HEDLAND,N/A,N/A,N/A,N/A,303.08,N/A,2026-03-19
NEW SOUTH WALES,NEWCASTLE,N/A,N/A,N/A,N/A,275.03,N/A,2026-03-18
NEW SOUTH WALES,SYDNEY,234.56,244.48,235.03,258.19,274.91,N/A,2026-03-18
NORTHERN TERRITORY,DARWIN,238.81,250.89,N/A,N/A,280.68,N/A,2026-03-18
QUEENSLAND,BRISBANE,232.96,242.78,234.28,256.72,273.83,277.83,2026-03-18
QUEENSLAND,CAIRNS,239.82,253.94,N/A,N/A,279.21,N/A,2026-03-18
QUEENSLAND,GLADSTONE,239.55,247.82,N/A,N/A,277.64,N/A,2026-03-18
QUEENSLAND,MACKAY,239.94,N/A,N/A,N/A,277.55,N/A,2026-03-18
QUEENSLAND,TOWNSVILLE,239.53,249.46,N/A,265.56,278.85,N/A,2026-03-18
QUEENSLAND,WEIPA,262.47,N/A,N/A,N/A,288.88,N/A,2026-03-18
SOUTH AUSTRALIA,ADELAIDE,234.34,243.62,236.21,258.50,275.59,N/A,2026-03-18
SOUTH AUSTRALIA,PORT LINCOLN,242.08,N/A,N/A,268.36,283.25,N/A,2026-03-18
TASMANIA,DEVONPORT,235.54,247.93,N/A,N/A,277.84,N/A,2026-03-18
TASMANIA,HOBART,235.63,247.98,N/A,263.56,277.18,N/A,2026-03-18
VICTORIA,GEELONG,232.09,241.90,N/A,256.14,274.03,N/A,2026-03-18
VICTORIA,MELBOURNE,232.09,241.90,233.40,256.14,274.03,N/A,2026-03-18
WESTERN AUSTRALIA,BROOME,277.66,288.48,N/A,N/A,305.39,N/A,2026-03-18
WESTERN AUSTRALIA,COCOS Island,N/A,450.84,N/A,N/A,314.88,N/A,2026-03-18
WESTERN AUSTRALIA,DAMPIER,N/A,N/A,N/A,N/A,295.71,N/A,2026-03-18
WESTERN AUSTRALIA,ESPERANCE,N/A,N/A,N/A,N/A,280.45,N/A,2026-03-18
WESTERN AUSTRALIA,KING BAY,N/A,N/A,N/A,N/A,295.71,N/A,2026-03-18
WESTERN AUSTRALIA,PERTH,234.18,248.11,N/A,262.17,274.47,N/A,2026-03-18
WESTERN AUSTRALIA,PORT HEDLAND,N/A,N/A,N/A,N/A,302.65,N/A,2026-03-18
NEW SOUTH WALES,NEWCASTLE,N/A,N/A,N/A,N/A,268.02,N/A,2026-03-17
NEW SOUTH WALES,SYDNEY,229.14,238.87,229.59,252.58,267.89,N/A,2026-03-17
NORTHERN TERRITORY,DARWIN,233.37,245.27,N/A,N/A,273.65,N/A,2026-03-17
QUEENSLAND,BRISBANE,227.51,237.15,228.83,251.09,266.78,271.14,2026-03-17
QUEENSLAND,CAIRNS,234.38,248.30,N/A,N/A,272.20,N/A,2026-03-17
QUEENSLAND,GLADSTONE,234.10,242.19,N/A,N/A,270.62,N/A,2026-03-17
QUEENSLAND,MACKAY,234.52,N/A,N/A,N/A,270.53,N/A,2026-03-17
QUEENSLAND,TOWNSVILLE,234.08,243.84,N/A,259.94,271.83,N/A,2026-03-17
QUEENSLAND,WEIPA,257.05,N/A,N/A,N/A,281.85,N/A,2026-03-17
SOUTH AUSTRALIA,ADELAIDE,228.90,238.00,230.77,252.88,268.57,N/A,2026-03-17
SOUTH AUSTRALIA,PORT LINCOLN,236.64,N/A,N/A,262.74,276.22,N/A,2026-03-17
TASMANIA,DEVONPORT,233.42,245.62,N/A,N/A,274.12,N/A,2026-03-17
TASMANIA,HOBART,233.51,245.67,N/A,261.25,273.46,N/A,2026-03-17
VICTORIA,GEELONG,226.67,236.29,N/A,250.54,267.01,N/A,2026-03-17
VICTORIA,MELBOURNE,226.67,236.29,227.96,250.54,267.01,N/A,2026-03-17
WESTERN AUSTRALIA,BROOME,272.21,282.83,N/A,N/A,298.36,N/A,2026-03-17
WESTERN AUSTRALIA,COCOS Island,N/A,445.73,N/A,N/A,308.50,N/A,2026-03-17
WESTERN AUSTRALIA,DAMPIER,N/A,N/A,N/A,N/A,288.70,N/A,2026-03-17
WESTERN AUSTRALIA,ESPERANCE,N/A,N/A,N/A,N/A,273.42,N/A,2026-03-17
WESTERN AUSTRALIA,KING BAY,N/A,N/A,N/A,N/A,288.70,N/A,2026-03-17
WESTERN AUSTRALIA,PERTH,228.73,242.48,N/A,256.55,267.44,N/A,2026-03-17
WESTERN AUSTRALIA,PORT HEDLAND,N/A,N/A,N/A,N/A,295.61,N/A,2026-03-17
NEW SOUTH WALES,NEWCASTLE,N/A,N/A,N/A,N/A,253.68,N/A,2026-03-14
NEW SOUTH WALES,SYDNEY,217.56,226.95,218.01,240.69,253.56,N/A,2026-03-14
NORTHERN TERRITORY,DARWIN,221.77,233.34,N/A,N/A,259.31,N/A,2026-03-14
QUEENSLAND,BRISBANE,215.92,225.23,217.24,239.18,252.44,257.17,2026-03-14
QUEENSLAND,CAIRNS,222.79,236.40,N/A,N/A,257.86,N/A,2026-03-14
QUEENSLAND,GLADSTONE,222.54,230.29,N/A,N/A,256.29,N/A,2026-03-14
QUEENSLAND,MACKAY,222.94,N/A,N/A,N/A,256.20,N/A,2026-03-14
QUEENSLAND,TOWNSVILLE,222.50,231.92,N/A,248.04,257.50,N/A,2026-03-14
QUEENSLAND,WEIPA,245.49,N/A,N/A,N/A,267.53,N/A,2026-03-14
SOUTH AUSTRALIA,ADELAIDE,217.33,226.07,219.19,240.98,254.21,N/A,2026-03-14
SOUTH AUSTRALIA,PORT LINCOLN,225.08,N/A,N/A,250.83,261.90,N/A,2026-03-14
TASMANIA,DEVONPORT,221.84,233.71,N/A,N/A,259.79,N/A,2026-03-14
TASMANIA,HOBART,221.93,233.76,N/A,249.36,259.13,N/A,2026-03-14
VICTORIA,GEELONG,215.07,224.37,N/A,238.63,252.68,N/A,2026-03-14
VICTORIA,MELBOURNE,215.07,224.37,216.37,238.63,252.68,N/A,2026-03-14
WESTERN AUSTRALIA,BROOME,260.72,271.02,N/A,N/A,284.05,N/A,2026-03-14
WESTERN AUSTRALIA,COCOS Island,N/A,434.89,N/A,N/A,295.46,N/A,2026-03-14
WESTERN AUSTRALIA,DAMPIER,N/A,N/A,N/A,N/A,274.36,N/A,2026-03-14
WESTERN AUSTRALIA,ESPERANCE,N/A,N/A,N/A,N/A,259.08,N/A,2026-03-14
WESTERN AUSTRALIA,KING BAY,N/A,N/A,N/A,N/A,274.36,N/A,2026-03-14
WESTERN AUSTRALIA,PERTH,217.14,230.56,N/A,244.64,253.09,N/A,2026-03-14
WESTERN AUSTRALIA,PORT HEDLAND,N/A,N/A,N/A,N/A,281.26,N/A,2026-03-14
NEW SOUTH WALES,NEWCASTLE,N/A,N/A,N/A,N/A,245.27,N/A,2026-03-13
NEW SOUTH WALES,SYDNEY,207.91,217.03,208.36,230.79,245.16,N/A,2026-03-13
NORTHERN TERRITORY,DARWIN,212.11,223.41,N/A,N/A,250.88,N/A,2026-03-13
QUEENSLAND,BRISBANE,206.26,215.30,207.57,229.28,244.02,248.91,2026-03-13
QUEENSLAND,CAIRNS,213.15,226.49,N/A,N/A,249.46,N/A,2026-03-13
QUEENSLAND,GLADSTONE,212.89,220.37,N/A,N/A,247.87,N/A,2026-03-13
QUEENSLAND,MACKAY,213.30,N/A,N/A,N/A,247.79,N/A,2026-03-13
QUEENSLAND,TOWNSVILLE,212.85,222.02,N/A,238.17,249.10,N/A,2026-03-13
QUEENSLAND,WEIPA,235.87,N/A,N/A,N/A,259.18,N/A,2026-03-13
SOUTH AUSTRALIA,ADELAIDE,207.66,216.15,209.52,231.08,245.81,N/A,2026-03-13
SOUTH AUSTRALIA,PORT LINCOLN,215.46,N/A,N/A,240.93,253.53,N/A,2026-03-13
TASMANIA,DEVONPORT,212.21,223.82,N/A,N/A,251.42,N/A,2026-03-13
TASMANIA,HOBART,212.30,223.87,N/A,239.48,250.76,N/A,2026-03-13
VICTORIA,GEELONG,205.44,214.46,N/A,228.75,244.27,N/A,2026-03-13
VICTORIA,MELBOURNE,205.44,214.46,206.71,228.75,244.27,N/A,2026-03-13
WESTERN AUSTRALIA,BROOME,251.36,261.39,N/A,N/A,275.69,N/A,2026-03-13
WESTERN AUSTRALIA,COCOS Island,N/A,425.85,N/A,N/A,287.81,N/A,2026-03-13
WESTERN AUSTRALIA,DAMPIER,N/A,N/A,N/A,N/A,265.94,N/A,2026-03-13
WESTERN AUSTRALIA,ESPERANCE,N/A,N/A,N/A,N/A,250.66,N/A,2026-03-13
WESTERN AUSTRALIA,KING BAY,N/A,N/A,N/A,N/A,265.94,N/A,2026-03-13
WESTERN AUSTRALIA,PERTH,207.46,220.62,N/A,234.73,244.66,N/A,2026-03-13
WESTERN AUSTRALIA,PORT HEDLAND,N/A,N/A,N/A,N/A,272.83,N/A,2026-03-13
NEW SOUTH WALES,NEWCASTLE,N/A,N/A,N/A,N/A,235.91,N/A,2026-03-12
NEW SOUTH WALES,SYDNEY,199.93,208.84,200.37,222.59,235.79,N/A,2026-03-12
NORTHERN TERRITORY,DARWIN,204.09,215.18,N/A,N/A,241.51,N/A,2026-03-12
QUEENSLAND,BRISBANE,198.25,207.08,199.56,221.06,234.65,239.87,2026-03-12
QUEENSLAND,CAIRNS,205.15,218.26,N/A,N/A,240.09,N/A,2026-03-12
QUEENSLAND,GLADSTONE,204.88,212.15,N/A,N/A,238.51,N/A,2026-03-12
QUEENSLAND,MACKAY,205.28,N/A,N/A,N/A,238.43,N/A,2026-03-12
QUEENSLAND,TOWNSVILLE,204.85,213.80,N/A,229.94,239.72,N/A,2026-03-12
QUEENSLAND,WEIPA,227.88,N/A,N/A,N/A,249.82,N/A,2026-03-12
SOUTH AUSTRALIA,ADELAIDE,199.65,207.93,201.51,222.86,236.42,N/A,2026-03-12
SOUTH AUSTRALIA,PORT LINCOLN,207.46,N/A,N/A,232.72,244.17,N/A,2026-03-12
TASMANIA,DEVONPORT,204.23,215.61,N/A,N/A,242.04,N/A,2026-03-12
TASMANIA,HOBART,204.31,215.67,N/A,231.29,241.38,N/A,2026-03-12
VICTORIA,GEELONG,197.44,206.25,N/A,220.53,234.91,N/A,2026-03-12
VICTORIA,MELBOURNE,197.44,206.25,198.73,220.53,234.91,N/A,2026-03-12
WESTERN AUSTRALIA,BROOME,243.42,253.25,N/A,N/A,266.33,N/A,2026-03-12
WESTERN AUSTRALIA,COCOS Island,N/A,418.37,N/A,N/A,279.29,N/A,2026-03-12
WESTERN AUSTRALIA,DAMPIER,N/A,N/A,N/A,N/A,256.55,N/A,2026-03-12
WESTERN AUSTRALIA,ESPERANCE,N/A,N/A,N/A,N/A,241.29,N/A,2026-03-12
WESTERN AUSTRALIA,KING BAY,N/A,N/A,N/A,N/A,256.55,N/A,2026-03-12
WESTERN AUSTRALIA,PERTH,199.44,212.39,N/A,226.49,235.27,N/A,2026-03-12
WESTERN AUSTRALIA,PORT HEDLAND,N/A,N/A,N/A,N/A,263.45,N/A,2026-03-12
NEW SOUTH WALES,NEWCASTLE,N/A,N/A,N/A,N/A,232.56,N/A,2026-03-11
NEW SOUTH WALES,SYDNEY,196.44,205.11,196.89,218.85,232.45,N/A,2026-03-11
NORTHERN TERRITORY,DARWIN,200.63,211.46,N/A,N/A,238.19,N/A,2026-03-11
QUEENSLAND,BRISBANE,194.78,203.35,196.08,217.31,231.29,237.26,2026-03-11
QUEENSLAND,CAIRNS,201.65,214.51,N/A,N/A,236.75,N/A,2026-03-11
QUEENSLAND,GLADSTONE,201.38,208.40,N/A,N/A,235.17,N/A,2026-03-11
QUEENSLAND,MACKAY,201.78,N/A,N/A,N/A,235.08,N/A,2026-03-11
QUEENSLAND,TOWNSVILLE,201.36,210.05,N/A,226.17,236.39,N/A,2026-03-11
QUEENSLAND,WEIPA,224.37,N/A,N/A,N/A,246.43,N/A,2026-03-11
SOUTH AUSTRALIA,ADELAIDE,196.15,204.19,198.02,219.09,233.07,N/A,2026-03-11
SOUTH AUSTRALIA,PORT LINCOLN,203.97,N/A,N/A,228.94,240.80,N/A,2026-03-11
TASMANIA,DEVONPORT,200.73,211.87,N/A,N/A,238.69,N/A,2026-03-11
TASMANIA,HOBART,200.82,211.93,N/A,227.52,238.03,N/A,2026-03-11
VICTORIA,GEELONG,193.96,202.53,N/A,216.80,231.57,N/A,2026-03-11
VICTORIA,MELBOURNE,193.96,202.53,195.26,216.80,231.57,N/A,2026-03-11
WESTERN AUSTRALIA,BROOME,239.55,249.13,N/A,N/A,262.94,N/A,2026-03-11
WESTERN AUSTRALIA,COCOS Island,N/A,415.00,N/A,N/A,276.28,N/A,2026-03-11
WESTERN AUSTRALIA,DAMPIER,N/A,N/A,N/A,N/A,253.25,N/A,2026-03-11
WESTERN AUSTRALIA,ESPERANCE,N/A,N/A,N/A,N/A,237.97,N/A,2026-03-11
WESTERN AUSTRALIA,KING BAY,N/A,N/A,N/A,N/A,253.25,N/A,2026-03-11
WESTERN AUSTRALIA,PERTH,195.98,208.68,N/A,222.76,231.94,N/A,2026-03-11
WESTERN AUSTRALIA,PORT HEDLAND,N/A,N/A,N/A,N/A,260.11,N/A,2026-03-11
NEW SOUTH WALES,NEWCASTLE,N/A,N/A,N/A,N/A,214.29,N/A,2026-03-10
NEW SOUTH WALES,SYDNEY,182.86,191.29,183.33,205.02,214.17,N/A,2026-03-10
NORTHERN TERRITORY,DARWIN,187.07,197.67,N/A,N/A,219.95,N/A,2026-03-10
QUEENSLAND,BRISBANE,181.19,189.53,182.51,203.48,212.98,219.60,2026-03-10
QUEENSLAND,CAIRNS,188.05,200.67,N/A,N/A,218.47,N/A,2026-03-10
QUEENSLAND,GLADSTONE,187.76,194.56,N/A,N/A,216.90,N/A,2026-03-10
QUEENSLAND,MACKAY,188.17,N/A,N/A,N/A,216.81,N/A,2026-03-10
QUEENSLAND,TOWNSVILLE,187.75,196.21,N/A,212.30,218.11,N/A,2026-03-10
QUEENSLAND,WEIPA,210.75,N/A,N/A,N/A,228.09,N/A,2026-03-10
SOUTH AUSTRALIA,ADELAIDE,182.57,190.37,184.44,205.26,214.74,N/A,2026-03-10
SOUTH AUSTRALIA,PORT LINCOLN,190.38,N/A,N/A,215.12,222.48,N/A,2026-03-10
TASMANIA,DEVONPORT,187.13,198.03,N/A,N/A,220.37,N/A,2026-03-10
TASMANIA,HOBART,187.22,198.09,N/A,213.68,219.71,N/A,2026-03-10
VICTORIA,GEELONG,180.40,188.73,N/A,202.98,213.30,N/A,2026-03-10
VICTORIA,MELBOURNE,180.40,188.73,181.70,202.98,213.30,N/A,2026-03-10
WESTERN AUSTRALIA,BROOME,225.54,234.87,N/A,N/A,244.60,N/A,2026-03-10
WESTERN AUSTRALIA,COCOS Island,N/A,402.44,N/A,N/A,259.69,N/A,2026-03-10
WESTERN AUSTRALIA,DAMPIER,N/A,N/A,N/A,N/A,234.99,N/A,2026-03-10
WESTERN AUSTRALIA,ESPERANCE,N/A,N/A,N/A,N/A,219.71,N/A,2026-03-10
WESTERN AUSTRALIA,KING BAY,N/A,N/A,N/A,N/A,234.99,N/A,2026-03-10
WESTERN AUSTRALIA,PERTH,182.42,194.87,N/A,208.95,213.66,N/A,2026-03-10
WESTERN AUSTRALIA,PORT HEDLAND,N/A,N/A,N/A,N/A,241.82,N/A,2026-03-10
NEW SOUTH WALES,NEWCASTLE,N/A,N/A,N/A,N/A,194.39,N/A,2026-03-07
NEW SOUTH WALES,SYDNEY,172.44,180.77,172.91,194.48,194.26,N/A,2026-03-07
NORTHERN TERRITORY,DARWIN,176.67,187.18,N/A,N/A,200.09,N/A,2026-03-07
QUEENSLAND,BRISBANE,170.76,179.01,172.10,192.94,193.07,200.29,2026-03-07
QUEENSLAND,CAIRNS,177.62,190.12,N/A,N/A,198.57,N/A,2026-03-07
QUEENSLAND,GLADSTONE,177.31,184.01,N/A,N/A,197.00,N/A,2026-03-07
QUEENSLAND,MACKAY,177.71,N/A,N/A,N/A,196.91,N/A,2026-03-07
QUEENSLAND,TOWNSVILLE,177.32,185.65,N/A,201.74,198.21,N/A,2026-03-07
QUEENSLAND,WEIPA,200.27,N/A,N/A,N/A,208.13,N/A,2026-03-07
SOUTH AUSTRALIA,ADELAIDE,172.14,179.84,174.01,194.71,194.82,N/A,2026-03-07
SOUTH AUSTRALIA,PORT LINCOLN,179.92,N/A,N/A,204.57,202.53,N/A,2026-03-07
TASMANIA,DEVONPORT,176.69,187.50,N/A,N/A,200.44,N/A,2026-03-07
TASMANIA,HOBART,176.78,187.55,N/A,203.12,199.78,N/A,2026-03-07
VICTORIA,GEELONG,169.97,178.21,N/A,192.45,193.40,N/A,2026-03-07
VICTORIA,MELBOURNE,169.97,178.21,171.29,192.45,193.40,N/A,2026-03-07
WESTERN AUSTRALIA,BROOME,214.62,223.85,N/A,N/A,224.63,N/A,2026-03-07
WESTERN AUSTRALIA,COCOS Island,N/A,392.91,N/A,N/A,241.63,N/A,2026-03-07
WESTERN AUSTRALIA,DAMPIER,N/A,N/A,N/A,N/A,215.14,N/A,2026-03-07
WESTERN AUSTRALIA,ESPERANCE,N/A,N/A,N/A,N/A,197.64,N/A,2026-03-07
WESTERN AUSTRALIA,KING BAY,N/A,N/A,N/A,N/A,215.14,N/A,2026-03-07
WESTERN AUSTRALIA,PERTH,172.03,184.38,N/A,198.43,193.78,N/A,2026-03-07
WESTERN AUSTRALIA,PORT HEDLAND,N/A,N/A,N/A,N/A,221.93,N/A,2026-03-07
NEW SOUTH WALES,NEWCASTLE,N/A,N/A,N/A,N/A,181.37,N/A,2026-03-06
NEW SOUTH WALES,SYDNEY,167.50,175.73,167.99,189.41,181.23,N/A,2026-03-06
NORTHERN TERRITORY,DARWIN,171.79,182.18,N/A,N/A,187.12,N/A,2026-03-06
QUEENSLAND,BRISBANE,165.83,173.98,167.18,187.88,180.04,187.83,2026-03-06
QUEENSLAND,CAIRNS,172.67,185.03,N/A,N/A,185.54,N/A,2026-03-06
QUEENSLAND,GLADSTONE,172.33,178.92,N/A,N/A,183.98,N/A,2026-03-06
QUEENSLAND,MACKAY,172.72,N/A,N/A,N/A,183.89,N/A,2026-03-06
QUEENSLAND,TOWNSVILLE,172.37,180.55,N/A,196.64,185.17,N/A,2026-03-06
QUEENSLAND,WEIPA,195.22,N/A,N/A,N/A,194.96,N/A,2026-03-06
SOUTH AUSTRALIA,ADELAIDE,167.19,174.78,169.09,189.63,181.74,N/A,2026-03-06
SOUTH AUSTRALIA,PORT LINCOLN,174.91,N/A,N/A,199.49,189.43,N/A,2026-03-06
TASMANIA,DEVONPORT,171.71,182.42,N/A,N/A,187.35,N/A,2026-03-06
TASMANIA,HOBART,171.80,182.48,N/A,198.01,186.69,N/A,2026-03-06
VICTORIA,GEELONG,165.06,173.18,N/A,187.40,180.39,N/A,2026-03-06
VICTORIA,MELBOURNE,165.06,173.18,166.40,187.40,180.39,N/A,2026-03-06
WESTERN AUSTRALIA,BROOME,208.76,217.88,N/A,N/A,211.46,N/A,2026-03-06
WESTERN AUSTRALIA,COCOS Island,N/A,388.38,N/A,N/A,229.83,N/A,2026-03-06
WESTERN AUSTRALIA,DAMPIER,N/A,N/A,N/A,N/A,202.17,N/A,2026-03-06
WESTERN AUSTRALIA,ESPERANCE,N/A,N/A,N/A,N/A,184.66,N/A,2026-03-06
WESTERN AUSTRALIA,KING BAY,N/A,N/A,N/A,N/A,202.17,N/A,2026-03-06
WESTERN AUSTRALIA,PERTH,167.16,179.40,N/A,193.45,180.80,N/A,2026-03-06
WESTERN AUSTRALIA,PORT HEDLAND,N/A,N/A,N/A,N/A,208.93,N/A,2026-03-06
NEW SOUTH WALES,NEWCASTLE,N/A,N/A,N/A,N/A,173.75,N/A,2026-03-05
NEW SOUTH WALES,SYDNEY,161.88,170.09,162.38,183.79,173.59,N/A,2026-03-05
NORTHERN TERRITORY,DARWIN,166.22,176.61,N/A,N/A,179.54,N/A,2026-03-05
QUEENSLAND,BRISBANE,160.23,168.36,161.58,182.27,172.41,179.43,2026-03-05
QUEENSLAND,CAIRNS,167.05,179.38,N/A,N/A,177.91,N/A,2026-03-05
QUEENSLAND,GLADSTONE,166.69,173.26,N/A,N/A,176.35,N/A,2026-03-05
QUEENSLAND,MACKAY,167.08,N/A,N/A,N/A,176.26,N/A,2026-03-05
QUEENSLAND,TOWNSVILLE,166.75,174.89,N/A,190.98,177.55,N/A,2026-03-05
QUEENSLAND,WEIPA,189.53,N/A,N/A,N/A,187.24,N/A,2026-03-05
SOUTH AUSTRALIA,ADELAIDE,161.57,169.14,163.48,184.01,174.10,N/A,2026-03-05
SOUTH AUSTRALIA,PORT LINCOLN,169.26,N/A,N/A,193.86,181.74,N/A,2026-03-05
TASMANIA,DEVONPORT,166.07,176.76,N/A,N/A,179.69,N/A,2026-03-05
TASMANIA,HOBART,166.16,176.81,N/A,192.37,179.03,N/A,2026-03-05
VICTORIA,GEELONG,159.45,167.56,N/A,181.79,172.77,N/A,2026-03-05
VICTORIA,MELBOURNE,159.45,167.56,160.80,181.79,172.77,N/A,2026-03-05
WESTERN AUSTRALIA,BROOME,202.71,211.82,N/A,N/A,203.73,N/A,2026-03-05
WESTERN AUSTRALIA,COCOS Island,N/A,383.55,N/A,N/A,222.98,N/A,2026-03-05
WESTERN AUSTRALIA,DAMPIER,N/A,N/A,N/A,N/A,194.60,N/A,2026-03-05
WESTERN AUSTRALIA,ESPERANCE,N/A,N/A,N/A,N/A,177.08,N/A,2026-03-05
WESTERN AUSTRALIA,KING BAY,N/A,N/A,N/A,N/A,194.60,N/A,2026-03-05
WESTERN AUSTRALIA,PERTH,161.85,174.09,N/A,188.13,173.22,N/A,2026-03-05
WESTERN AUSTRALIA,PORT HEDLAND,N/A,N/A,N/A,N/A,201.34,N/A,2026-03-05
NEW SOUTH WALES,NEWCASTLE,N/A,N/A,N/A,N/A,165.17,N/A,2026-03-04
NEW SOUTH WALES,SYDNEY,156.90,163.11,157.42,176.80,165.01,N/A,2026-03-04
NORTHERN TERRITORY,DARWIN,159.83,170.75,N/A,N/A,171.71,N/A,2026-03-04
QUEENSLAND,BRISBANE,155.27,161.37,156.63,177.30,163.83,172.21,2026-03-04
QUEENSLAND,CAIRNS,162.09,172.39,N/A,N/A,169.33,N/A,2026-03-04
QUEENSLAND,GLADSTONE,161.71,166.28,N/A,N/A,166.28,N/A,2026-03-04
QUEENSLAND,MACKAY,160.08,N/A,N/A,N/A,167.68,N/A,2026-03-04
QUEENSLAND,TOWNSVILLE,161.79,167.89,N/A,183.98,168.74,N/A,2026-03-04
QUEENSLAND,WEIPA,182.51,N/A,N/A,N/A,177.11,N/A,2026-03-04
SOUTH AUSTRALIA,ADELAIDE,155.14,162.71,157.07,177.58,164.02,N/A,2026-03-04
SOUTH AUSTRALIA,PORT LINCOLN,162.81,N/A,N/A,187.44,171.64,N/A,2026-03-04
TASMANIA,DEVONPORT,161.08,171.77,N/A,N/A,171.08,N/A,2026-03-04
TASMANIA,HOBART,162.17,169.82,N/A,188.39,170.93,N/A,2026-03-04
VICTORIA,GEELONG,154.50,160.60,N/A,176.83,164.20,N/A,2026-03-04
VICTORIA,MELBOURNE,154.50,160.60,155.85,176.83,164.20,N/A,2026-03-04
WESTERN AUSTRALIA,BROOME,197.56,206.66,N/A,N/A,195.12,N/A,2026-03-04
WESTERN AUSTRALIA,COCOS Island,N/A,379.24,N/A,N/A,215.21,N/A,2026-03-04
WESTERN AUSTRALIA,DAMPIER,N/A,N/A,N/A,N/A,186.07,N/A,2026-03-04
WESTERN AUSTRALIA,ESPERANCE,N/A,N/A,N/A,N/A,168.53,N/A,2026-03-04
WESTERN AUSTRALIA,KING BAY,N/A,N/A,N/A,N/A,186.07,N/A,2026-03-04
WESTERN AUSTRALIA,PERTH,157.11,169.35,N/A,183.39,164.67,N/A,2026-03-04
WESTERN AUSTRALIA,PORT HEDLAND,N/A,N/A,N/A,N/A,192.79,N/A,2026-03-04
NEW SOUTH WALES,NEWCASTLE,N/A,N/A,N/A,N/A,164.96,N/A,2026-03-03
NEW SOUTH WALES,SYDNEY,155.61,162.82,156.12,176.53,164.79,N/A,2026-03-03
NORTHERN TERRITORY,DARWIN,159.02,169.40,N/A,N/A,170.83,N/A,2026-03-03
QUEENSLAND,BRISBANE,153.98,161.10,155.34,175.03,163.63,171.99,2026-03-03
QUEENSLAND,CAIRNS,159.81,172.10,N/A,N/A,169.11,N/A,2026-03-03
QUEENSLAND,GLADSTONE,160.41,165.98,N/A,N/A,167.56,N/A,2026-03-03
QUEENSLAND,MACKAY,159.79,N/A,N/A,N/A,167.48,N/A,2026-03-03
QUEENSLAND,TOWNSVILLE,159.51,167.60,N/A,183.70,168.75,N/A,2026-03-03
QUEENSLAND,WEIPA,182.16,N/A,N/A,N/A,178.34,N/A,2026-03-03
SOUTH AUSTRALIA,ADELAIDE,155.29,161.87,157.23,176.75,165.30,N/A,2026-03-03
SOUTH AUSTRALIA,PORT LINCOLN,162.93,N/A,N/A,186.60,172.88,N/A,2026-03-03
TASMANIA,DEVONPORT,159.76,169.46,N/A,N/A,170.84,N/A,2026-03-03
TASMANIA,HOBART,159.85,169.51,N/A,185.08,170.18,N/A,2026-03-03
VICTORIA,GEELONG,153.20,160.31,N/A,174.55,163.99,N/A,2026-03-03
VICTORIA,MELBOURNE,153.20,160.31,154.56,174.55,163.99,N/A,2026-03-03
WESTERN AUSTRALIA,BROOME,195.58,203.42,N/A,N/A,194.82,N/A,2026-03-03
WESTERN AUSTRALIA,COCOS Island,N/A,376.76,N/A,N/A,215.05,N/A,2026-03-03
WESTERN AUSTRALIA,DAMPIER,N/A,N/A,N/A,N/A,185.89,N/A,2026-03-03
WESTERN AUSTRALIA,ESPERANCE,N/A,N/A,N/A,N/A,168.34,N/A,2026-03-03
WESTERN AUSTRALIA,KING BAY,N/A,N/A,N/A,N/A,185.89,N/A,2026-03-03
WESTERN AUSTRALIA,PERTH,155.65,166.89,N/A,181.96,164.49,N/A,2026-03-03
WESTERN AUSTRALIA,PORT HEDLAND,N/A,N/A,N/A,N/A,192.61,N/A,2026-03-03
NEW SOUTH WALES,NEWCASTLE,N/A,N/A,N/A,N/A,163.80,N/A,2026-02-28
NEW SOUTH WALES,SYDNEY,153.98,162.17,154.52,175.91,163.65,N/A,2026-02-28
NORTHERN TERRITORY,DARWIN,158.41,168.80,N/A,N/A,169.68,N/A,2026-02-28
QUEENSLAND,BRISBANE,152.34,160.46,153.73,174.42,162.48,170.84,2026-02-28
QUEENSLAND,CAIRNS,159.18,171.46,N/A,N/A,167.96,N/A,2026-02-28
QUEENSLAND,GLADSTONE,158.77,165.33,N/A,N/A,166.41,N/A,2026-02-28
QUEENSLAND,MACKAY,159.15,N/A,N/A,N/A,166.32,N/A,2026-02-28
QUEENSLAND,TOWNSVILLE,158.87,166.94,N/A,183.05,167.59,N/A,2026-02-28
QUEENSLAND,WEIPA,181.49,N/A,N/A,N/A,177.13,N/A,2026-02-28
SOUTH AUSTRALIA,ADELAIDE,153.68,161.24,155.61,176.13,164.14,N/A,2026-02-28
SOUTH AUSTRALIA,PORT LINCOLN,161.30,N/A,N/A,185.99,171.71,N/A,2026-02-28
TASMANIA,DEVONPORT,158.14,168.82,N/A,N/A,169.69,N/A,2026-02-28
TASMANIA,HOBART,158.22,168.87,N/A,184.46,169.03,N/A,2026-02-28
VICTORIA,GEELONG,151.57,159.67,N/A,173.93,162.83,N/A,2026-02-28
VICTORIA,MELBOURNE,151.57,159.67,152.94,173.93,162.83,N/A,2026-02-28
WESTERN AUSTRALIA,BROOME,193.39,202.49,N/A,N/A,193.61,N/A,2026-02-28
WESTERN AUSTRALIA,COCOS Island,N/A,376.10,N/A,N/A,214.00,N/A,2026-02-28
WESTERN AUSTRALIA,DAMPIER,N/A,N/A,N/A,N/A,184.75,N/A,2026-02-28
WESTERN AUSTRALIA,ESPERANCE,N/A,N/A,N/A,N/A,167.22,N/A,2026-02-28
WESTERN AUSTRALIA,KING BAY,N/A,N/A,N/A,N/A,184.75,N/A,2026-02-28
WESTERN AUSTRALIA,PERTH,154.07,166.30,N/A,180.38,163.37,N/A,2026-02-28
WESTERN AUSTRALIA,PORT HEDLAND,N/A,N/A,N/A,N/A,191.46,N/A,2026-02-28
NEW SOUTH WALES,NEWCASTLE,N/A,N/A,N/A,N/A,163.37,N/A,2026-02-27
NEW SOUTH WALES,SYDNEY,152.54,160.72,153.07,174.46,163.21,N/A,2026-02-27
NORTHERN TERRITORY,DARWIN,156.98,167.35,N/A,N/A,169.25,N/A,2026-02-27
QUEENSLAND,BRISBANE,150.90,158.99,152.28,172.95,162.04,170.46,2026-02-27
QUEENSLAND,CAIRNS,157.74,169.98,N/A,N/A,167.52,N/A,2026-02-27
QUEENSLAND,GLADSTONE,157.31,163.86,N/A,N/A,165.97,N/A,2026-02-27
QUEENSLAND,MACKAY,157.70,N/A,N/A,N/A,165.88,N/A,2026-02-27
QUEENSLAND,TOWNSVILLE,157.43,165.47,N/A,181.59,167.15,N/A,2026-02-27
QUEENSLAND,WEIPA,180.04,N/A,N/A,N/A,176.67,N/A,2026-02-27
SOUTH AUSTRALIA,ADELAIDE,152.22,159.79,154.17,174.69,163.69,N/A,2026-02-27
SOUTH AUSTRALIA,PORT LINCOLN,159.85,N/A,N/A,184.55,171.27,N/A,2026-02-27
TASMANIA,DEVONPORT,157.51,167.34,N/A,N/A,169.25,N/A,2026-02-27
TASMANIA,HOBART,157.60,167.40,N/A,183.00,168.59,N/A,2026-02-27
VICTORIA,GEELONG,150.13,158.21,N/A,172.48,162.40,N/A,2026-02-27
VICTORIA,MELBOURNE,150.13,158.21,151.49,172.48,162.40,N/A,2026-02-27
WESTERN AUSTRALIA,BROOME,191.81,200.92,N/A,N/A,193.15,N/A,2026-02-27
WESTERN AUSTRALIA,COCOS Island,N/A,374.76,N/A,N/A,213.62,N/A,2026-02-27
WESTERN AUSTRALIA,DAMPIER,N/A,N/A,N/A,N/A,184.33,N/A,2026-02-27
WESTERN AUSTRALIA,ESPERANCE,N/A,N/A,N/A,N/A,166.79,N/A,2026-02-27
WESTERN AUSTRALIA,KING BAY,N/A,N/A,N/A,N/A,184.33,N/A,2026-02-27
WESTERN AUSTRALIA,PERTH,152.61,164.82,N/A,178.92,162.95,N/A,2026-02-27
WESTERN AUSTRALIA,PORT HEDLAND,N/A,N/A,N/A,N/A,191.03,N/A,2026-02-27
NEW SOUTH WALES,NEWCASTLE,N/A,N/A,N/A,N/A,162.22,N/A,2026-02-26
NEW SOUTH WALES,SYDNEY,151.82,159.17,152.36,172.91,162.05,N/A,2026-02-26
NORTHERN TERRITORY,DARWIN,156.28,165.80,N/A,N/A,168.10,N/A,2026-02-26
QUEENSLAND,BRISBANE,150.19,157.45,151.58,171.41,160.90,169.36,2026-02-26
QUEENSLAND,CAIRNS,157.03,168.43,N/A,N/A,166.36,N/A,2026-02-26
QUEENSLAND,GLADSTONE,156.60,162.31,N/A,N/A,164.81,N/A,2026-02-26
QUEENSLAND,MACKAY,156.97,N/A,N/A,N/A,164.73,N/A,2026-02-26
QUEENSLAND,TOWNSVILLE,156.72,163.91,N/A,180.03,165.99,N/A,2026-02-26
QUEENSLAND,WEIPA,179.31,N/A,N/A,N/A,175.49,N/A,2026-02-26
SOUTH AUSTRALIA,ADELAIDE,151.51,158.22,153.46,173.12,162.54,N/A,2026-02-26
SOUTH AUSTRALIA,PORT LINCOLN,159.14,N/A,N/A,182.97,170.10,N/A,2026-02-26
TASMANIA,DEVONPORT,155.96,165.78,N/A,N/A,168.08,N/A,2026-02-26
TASMANIA,HOBART,156.05,165.84,N/A,181.43,167.42,N/A,2026-02-26
VICTORIA,GEELONG,149.41,156.66,N/A,170.93,161.25,N/A,2026-02-26
VICTORIA,MELBOURNE,149.41,156.66,150.80,170.93,161.25,N/A,2026-02-26
WESTERN AUSTRALIA,BROOME,190.95,199.20,N/A,N/A,191.97,N/A,2026-02-26
WESTERN AUSTRALIA,COCOS Island,N/A,373.36,N/A,N/A,212.58,N/A,2026-02-26
WESTERN AUSTRALIA,DAMPIER,N/A,N/A,N/A,N/A,183.18,N/A,2026-02-26
WESTERN AUSTRALIA,ESPERANCE,N/A,N/A,N/A,N/A,165.65,N/A,2026-02-26
WESTERN AUSTRALIA,KING BAY,N/A,N/A,N/A,N/A,183.18,N/A,2026-02-26
WESTERN AUSTRALIA,PERTH,151.91,163.28,N/A,177.38,161.80,N/A,2026-02-26
WESTERN AUSTRALIA,PORT HEDLAND,N/A,N/A,N/A,N/A,189.88,N/A,2026-02-26
NEW SOUTH WALES,NEWCASTLE,N/A,N/A,N/A,N/A,160.94,N/A,2026-02-25
NEW SOUTH WALES,SYDNEY,150.32,157.94,150.87,171.67,160.77,N/A,2026-02-25
NORTHERN TERRITORY,DARWIN,154.78,164.57,N/A,N/A,166.83,N/A,2026-02-25
QUEENSLAND,BRISBANE,148.69,156.22,150.08,170.16,159.61,168.12,2026-02-25
QUEENSLAND,CAIRNS,155.52,167.17,N/A,N/A,165.09,N/A,2026-02-25
QUEENSLAND,GLADSTONE,155.08,161.04,N/A,N/A,163.54,N/A,2026-02-25
QUEENSLAND,MACKAY,155.46,N/A,N/A,N/A,163.45,N/A,2026-02-25
QUEENSLAND,TOWNSVILLE,155.21,162.66,N/A,178.78,164.71,N/A,2026-02-25
QUEENSLAND,WEIPA,177.79,N/A,N/A,N/A,174.20,N/A,2026-02-25
SOUTH AUSTRALIA,ADELAIDE,150.01,156.99,151.97,171.89,161.26,N/A,2026-02-25
SOUTH AUSTRALIA,PORT LINCOLN,157.62,N/A,N/A,181.74,168.82,N/A,2026-02-25
TASMANIA,DEVONPORT,154.45,164.55,N/A,N/A,166.79,N/A,2026-02-25
TASMANIA,HOBART,154.54,164.60,N/A,180.19,166.13,N/A,2026-02-25
VICTORIA,GEELONG,147.92,155.44,N/A,169.70,159.97,N/A,2026-02-25
VICTORIA,MELBOURNE,147.92,155.44,149.30,169.70,159.97,N/A,2026-02-25
WESTERN AUSTRALIA,BROOME,189.34,197.86,N/A,N/A,190.67,N/A,2026-02-25
WESTERN AUSTRALIA,COCOS Island,N/A,372.24,N/A,N/A,211.41,N/A,2026-02-25
WESTERN AUSTRALIA,DAMPIER,N/A,N/A,N/A,N/A,181.90,N/A,2026-02-25
WESTERN AUSTRALIA,ESPERANCE,N/A,N/A,N/A,N/A,164.36,N/A,2026-02-25
WESTERN AUSTRALIA,KING BAY,N/A,N/A,N/A,N/A,181.90,N/A,2026-02-25
WESTERN AUSTRALIA,PERTH,150.43,162.05,N/A,176.13,160.52,N/A,2026-02-25
WESTERN AUSTRALIA,PORT HEDLAND,N/A,N/A,N/A,N/A,188.60,N/A,2026-02-25
NEW SOUTH WALES,NEWCASTLE,N/A,N/A,N/A,N/A,159.42,N/A,2026-02-24
NEW SOUTH WALES,SYDNEY,148.47,156.63,149.01,170.35,159.27,N/A,2026-02-24
NORTHERN TERRITORY,DARWIN,152.92,163.24,N/A,N/A,165.32,N/A,2026-02-24
QUEENSLAND,BRISBANE,146.84,154.90,148.21,168.84,158.10,166.69,2026-02-24
QUEENSLAND,CAIRNS,153.67,165.87,N/A,N/A,163.58,N/A,2026-02-24
QUEENSLAND,GLADSTONE,153.23,159.74,N/A,N/A,162.02,N/A,2026-02-24
QUEENSLAND,MACKAY,153.60,N/A,N/A,N/A,161.93,N/A,2026-02-24
QUEENSLAND,TOWNSVILLE,153.36,161.35,N/A,177.45,163.21,N/A,2026-02-24
QUEENSLAND,WEIPA,175.96,N/A,N/A,N/A,172.70,N/A,2026-02-24
SOUTH AUSTRALIA,ADELAIDE,148.15,155.66,150.11,170.56,159.74,N/A,2026-02-24
SOUTH AUSTRALIA,PORT LINCOLN,155.77,N/A,N/A,180.41,167.31,N/A,2026-02-24
TASMANIA,DEVONPORT,152.60,163.24,N/A,N/A,165.30,N/A,2026-02-24
TASMANIA,HOBART,152.69,163.30,N/A,178.87,164.64,N/A,2026-02-24
VICTORIA,GEELONG,146.07,154.13,N/A,168.37,158.46,N/A,2026-02-24
VICTORIA,MELBOURNE,146.07,154.13,147.44,168.37,158.46,N/A,2026-02-24
WESTERN AUSTRALIA,BROOME,187.54,196.59,N/A,N/A,189.18,N/A,2026-02-24
WESTERN AUSTRALIA,COCOS Island,N/A,371.05,N/A,N/A,210.04,N/A,2026-02-24
WESTERN AUSTRALIA,DAMPIER,N/A,N/A,N/A,N/A,180.38,N/A,2026-02-24
WESTERN AUSTRALIA,ESPERANCE,N/A,N/A,N/A,N/A,162.86,N/A,2026-02-24
WESTERN AUSTRALIA,KING BAY,N/A,N/A,N/A,N/A,180.38,N/A,2026-02-24
WESTERN AUSTRALIA,PERTH,148.56,160.74,N/A,174.81,159.02,N/A,2026-02-24
WESTERN AUSTRALIA,PORT HEDLAND,N/A,N/A,N/A,N/A,187.09,N/A,2026-02-24
NEW SOUTH WALES,NEWCASTLE,N/A,N/A,N/A,N/A,158.85,N/A,2026-02-21
NEW SOUTH WALES,SYDNEY,148.16,156.31,148.71,170.02,158.69,N/A,2026-02-21
NORTHERN TERRITORY,DARWIN,152.61,162.92,N/A,N/A,164.74,N/A,2026-02-21
QUEENSLAND,BRISBANE,146.52,154.58,147.92,168.52,157.53,166.12,2026-02-21
QUEENSLAND,CAIRNS,153.35,165.55,N/A,N/A,163.00,N/A,2026-02-21
QUEENSLAND,GLADSTONE,152.92,159.42,N/A,N/A,161.45,N/A,2026-02-21
QUEENSLAND,MACKAY,153.30,N/A,N/A,N/A,161.36,N/A,2026-02-21
QUEENSLAND,TOWNSVILLE,153.04,161.03,N/A,177.13,162.62,N/A,2026-02-21
QUEENSLAND,WEIPA,175.65,N/A,N/A,N/A,172.13,N/A,2026-02-21
SOUTH AUSTRALIA,ADELAIDE,147.85,155.35,149.80,170.24,159.17,N/A,2026-02-21
SOUTH AUSTRALIA,PORT LINCOLN,155.46,N/A,N/A,180.09,166.74,N/A,2026-02-21
TASMANIA,DEVONPORT,152.30,162.92,N/A,N/A,164.73,N/A,2026-02-21
TASMANIA,HOBART,152.38,162.98,N/A,178.55,164.07,N/A,2026-02-21
VICTORIA,GEELONG,145.75,153.80,N/A,168.04,157.88,N/A,2026-02-21
VICTORIA,MELBOURNE,145.75,153.80,147.14,168.04,157.88,N/A,2026-02-21
WESTERN AUSTRALIA,BROOME,187.26,196.31,N/A,N/A,188.62,N/A,2026-02-21
WESTERN AUSTRALIA,COCOS Island,N/A,370.75,N/A,N/A,209.52,N/A,2026-02-21
WESTERN AUSTRALIA,DAMPIER,N/A,N/A,N/A,N/A,179.81,N/A,2026-02-21
WESTERN AUSTRALIA,ESPERANCE,N/A,N/A,N/A,N/A,162.28,N/A,2026-02-21
WESTERN AUSTRALIA,KING BAY,N/A,N/A,N/A,N/A,179.81,N/A,2026-02-21
WESTERN AUSTRALIA,PERTH,148.25,160.41,N/A,174.48,158.44,N/A,2026-02-21
WESTERN AUSTRALIA,PORT HEDLAND,N/A,N/A,N/A,N/A,186.52,N/A,2026-02-21
NEW SOUTH WALES,NEWCASTLE,N/A,N/A,N/A,N/A,159.28,N/A,2026-02-20
NEW SOUTH WALES,SYDNEY,148.83,156.98,149.37,170.68,159.12,N/A,2026-02-20
NORTHERN TERRITORY,DARWIN,153.27,163.58,N/A,N/A,165.17,N/A,2026-02-20
QUEENSLAND,BRISBANE,147.20,155.25,148.58,169.17,157.96,166.54,2026-02-20
QUEENSLAND,CAIRNS,154.02,166.21,N/A,N/A,163.43,N/A,2026-02-20
QUEENSLAND,GLADSTONE,153.59,160.08,N/A,N/A,161.88,N/A,2026-02-20
QUEENSLAND,MACKAY,153.98,N/A,N/A,N/A,161.79,N/A,2026-02-20
QUEENSLAND,TOWNSVILLE,153.71,161.70,N/A,177.79,163.05,N/A,2026-02-20
QUEENSLAND,WEIPA,176.32,N/A,N/A,N/A,172.58,N/A,2026-02-20
SOUTH AUSTRALIA,ADELAIDE,148.51,156.01,150.47,170.89,159.61,N/A,2026-02-20
SOUTH AUSTRALIA,PORT LINCOLN,156.13,N/A,N/A,180.74,167.18,N/A,2026-02-20
TASMANIA,DEVONPORT,152.98,163.60,N/A,N/A,165.17,N/A,2026-02-20
TASMANIA,HOBART,153.07,163.66,N/A,179.21,164.51,N/A,2026-02-20
VICTORIA,GEELONG,146.43,154.48,N/A,168.71,158.31,N/A,2026-02-20
VICTORIA,MELBOURNE,146.43,154.48,147.81,168.71,158.31,N/A,2026-02-20
WESTERN AUSTRALIA,BROOME,188.01,197.04,N/A,N/A,189.06,N/A,2026-02-20
WESTERN AUSTRALIA,COCOS Island,N/A,371.35,N/A,N/A,209.91,N/A,2026-02-20
WESTERN AUSTRALIA,DAMPIER,N/A,N/A,N/A,N/A,180.24,N/A,2026-02-20
WESTERN AUSTRALIA,ESPERANCE,N/A,N/A,N/A,N/A,162.71,N/A,2026-02-20
WESTERN AUSTRALIA,KING BAY,N/A,N/A,N/A,N/A,180.24,N/A,2026-02-20
WESTERN AUSTRALIA,PERTH,148.91,161.07,N/A,175.13,158.87,N/A,2026-02-20
WESTERN AUSTRALIA,PORT HEDLAND,N/A,N/A,N/A,N/A,186.93,N/A,2026-02-20
NEW SOUTH WALES,NEWCASTLE,N/A,N/A,N/A,N/A,159.68,N/A,2026-02-19
NEW SOUTH WALES,SYDNEY,149.75,157.88,150.29,171.59,159.51,N/A,2026-02-19
NORTHERN TERRITORY,DARWIN,154.18,164.48,N/A,N/A,165.54,N/A,2026-02-19
QUEENSLAND,BRISBANE,148.12,156.16,149.50,170.07,158.33,166.90,2026-02-19
QUEENSLAND,CAIRNS,154.95,167.12,N/A,N/A,163.82,N/A,2026-02-19
QUEENSLAND,GLADSTONE,154.51,161.00,N/A,N/A,162.27,N/A,2026-02-19
QUEENSLAND,MACKAY,154.89,N/A,N/A,N/A,162.18,N/A,2026-02-19
QUEENSLAND,TOWNSVILLE,154.64,162.61,N/A,178.71,163.45,N/A,2026-02-19
QUEENSLAND,WEIPA,177.27,N/A,N/A,N/A,172.99,N/A,2026-02-19
SOUTH AUSTRALIA,ADELAIDE,149.44,156.94,151.38,171.81,160.00,N/A,2026-02-19
SOUTH AUSTRALIA,PORT LINCOLN,157.07,N/A,N/A,181.67,167.59,N/A,2026-02-19
TASMANIA,DEVONPORT,153.90,164.51,N/A,N/A,165.56,N/A,2026-02-19
TASMANIA,HOBART,153.99,164.56,N/A,180.13,164.90,N/A,2026-02-19
VICTORIA,GEELONG,147.35,155.38,N/A,169.61,158.70,N/A,2026-02-19
VICTORIA,MELBOURNE,147.35,155.38,148.72,169.61,158.70,N/A,2026-02-19
WESTERN AUSTRALIA,BROOME,189.13,198.17,N/A,N/A,189.48,N/A,2026-02-19
WESTERN AUSTRALIA,COCOS Island,N/A,372.16,N/A,N/A,210.24,N/A,2026-02-19
WESTERN AUSTRALIA,DAMPIER,N/A,N/A,N/A,N/A,180.60,N/A,2026-02-19
WESTERN AUSTRALIA,ESPERANCE,N/A,N/A,N/A,N/A,163.09,N/A,2026-02-19
WESTERN AUSTRALIA,KING BAY,N/A,N/A,N/A,N/A,180.60,N/A,2026-02-19
WESTERN AUSTRALIA,PERTH,149.82,161.96,N/A,176.02,159.24,N/A,2026-02-19
WESTERN AUSTRALIA,PORT HEDLAND,N/A,N/A,N/A,N/A,187.30,N/A,2026-02-19
NEW SOUTH WALES,NEWCASTLE,N/A,N/A,N/A,N/A,160.12,N/A,2026-02-18
NEW SOUTH WALES,SYDNEY,150.49,158.62,151.03,172.33,159.95,N/A,2026-02-18
NORTHERN TERRITORY,DARWIN,154.89,165.19,N/A,N/A,165.96,N/A,2026-02-18
QUEENSLAND,BRISBANE,148.84,156.88,150.23,170.81,158.77,167.31,2026-02-18
QUEENSLAND,CAIRNS,155.68,167.87,N/A,N/A,164.26,N/A,2026-02-18
QUEENSLAND,GLADSTONE,155.25,161.74,N/A,N/A,162.71,N/A,2026-02-18
QUEENSLAND,MACKAY,155.65,N/A,N/A,N/A,162.62,N/A,2026-02-18
QUEENSLAND,TOWNSVILLE,155.38,163.36,N/A,179.45,163.89,N/A,2026-02-18
QUEENSLAND,WEIPA,178.04,N/A,N/A,N/A,173.46,N/A,2026-02-18
SOUTH AUSTRALIA,ADELAIDE,150.18,157.66,152.12,172.55,160.45,N/A,2026-02-18
SOUTH AUSTRALIA,PORT LINCOLN,157.83,N/A,N/A,182.40,168.05,N/A,2026-02-18
TASMANIA,DEVONPORT,154.65,165.25,N/A,N/A,166.01,N/A,2026-02-18
TASMANIA,HOBART,154.74,165.31,N/A,180.87,165.35,N/A,2026-02-18
VICTORIA,GEELONG,148.07,156.10,N/A,170.34,159.14,N/A,2026-02-18
VICTORIA,MELBOURNE,148.07,156.10,149.45,170.34,159.14,N/A,2026-02-18
WESTERN AUSTRALIA,BROOME,190.16,199.18,N/A,N/A,189.95,N/A,2026-02-18
WESTERN AUSTRALIA,COCOS Island,N/A,372.81,N/A,N/A,210.62,N/A,2026-02-18
WESTERN AUSTRALIA,DAMPIER,N/A,N/A,N/A,N/A,181.02,N/A,2026-02-18
WESTERN AUSTRALIA,ESPERANCE,N/A,N/A,N/A,N/A,163.50,N/A,2026-02-18
WESTERN AUSTRALIA,KING BAY,N/A,N/A,N/A,N/A,181.02,N/A,2026-02-18
WESTERN AUSTRALIA,PERTH,150.55,162.68,N/A,176.75,159.65,N/A,2026-02-18
WESTERN AUSTRALIA,PORT HEDLAND,N/A,N/A,N/A,N/A,187.73,N/A,2026-02-18
NEW SOUTH WALES,NEWCASTLE,N/A,N/A,N/A,N/A,160.94,N/A,2026-02-17
NEW SOUTH WALES,SYDNEY,151.16,159.27,151.68,173.01,160.79,N/A,2026-02-17
NORTHERN TERRITORY,DARWIN,155.55,165.83,N/A,N/A,166.76,N/A,2026-02-17
QUEENSLAND,BRISBANE,149.51,157.53,150.88,171.49,159.60,168.10,2026-02-17
QUEENSLAND,CAIRNS,156.35,168.55,N/A,N/A,165.10,N/A,2026-02-17
QUEENSLAND,GLADSTONE,155.97,162.43,N/A,N/A,163.54,N/A,2026-02-17
QUEENSLAND,MACKAY,156.35,N/A,N/A,N/A,163.45,N/A,2026-02-17
QUEENSLAND,TOWNSVILLE,156.05,164.04,N/A,180.17,164.73,N/A,2026-02-17
QUEENSLAND,WEIPA,178.75,N/A,N/A,N/A,174.35,N/A,2026-02-17
SOUTH AUSTRALIA,ADELAIDE,150.85,158.32,152.78,173.23,161.28,N/A,2026-02-17
SOUTH AUSTRALIA,PORT LINCOLN,158.53,N/A,N/A,183.08,168.91,N/A,2026-02-17
TASMANIA,DEVONPORT,155.35,165.92,N/A,N/A,166.87,N/A,2026-02-17
TASMANIA,HOBART,155.44,165.98,N/A,181.58,166.21,N/A,2026-02-17
VICTORIA,GEELONG,148.74,156.75,N/A,171.02,159.96,N/A,2026-02-17
VICTORIA,MELBOURNE,148.74,156.75,150.11,171.02,159.96,N/A,2026-02-17
WESTERN AUSTRALIA,BROOME,191.24,200.23,N/A,N/A,190.84,N/A,2026-02-17
WESTERN AUSTRALIA,COCOS Island,N/A,373.39,N/A,N/A,211.36,N/A,2026-02-17
WESTERN AUSTRALIA,DAMPIER,N/A,N/A,N/A,N/A,181.83,N/A,2026-02-17
WESTERN AUSTRALIA,ESPERANCE,N/A,N/A,N/A,N/A,164.33,N/A,2026-02-17
WESTERN AUSTRALIA,KING BAY,N/A,N/A,N/A,N/A,181.83,N/A,2026-02-17
WESTERN AUSTRALIA,PERTH,151.17,163.32,N/A,177.41,160.45,N/A,2026-02-17
WESTERN AUSTRALIA,PORT HEDLAND,N/A,N/A,N/A,N/A,188.55,N/A,2026-02-17
NEW SOUTH WALES,NEWCASTLE,N/A,N/A,N/A,N/A,161.17,N/A,2026-02-14
NEW SOUTH WALES,SYDNEY,151.15,159.24,151.67,173.00,161.03,N/A,2026-02-14
NORTHERN TERRITORY,DARWIN,155.51,165.77,N/A,N/A,166.97,N/A,2026-02-14
QUEENSLAND,BRISBANE,149.49,157.49,150.85,171.47,159.83,168.31,2026-02-14
QUEENSLAND,CAIRNS,156.34,168.53,N/A,N/A,165.33,N/A,2026-02-14
QUEENSLAND,GLADSTONE,155.97,162.40,N/A,N/A,163.77,N/A,2026-02-14
QUEENSLAND,MACKAY,156.37,N/A,N/A,N/A,163.68,N/A,2026-02-14
QUEENSLAND,TOWNSVILLE,156.04,164.03,N/A,180.18,164.96,N/A,2026-02-14
QUEENSLAND,WEIPA,178.79,N/A,N/A,N/A,174.63,N/A,2026-02-14
SOUTH AUSTRALIA,ADELAIDE,150.84,158.28,152.76,173.21,161.52,N/A,2026-02-14
SOUTH AUSTRALIA,PORT LINCOLN,158.54,N/A,N/A,183.06,169.17,N/A,2026-02-14
TASMANIA,DEVONPORT,155.35,165.90,N/A,N/A,167.12,N/A,2026-02-14
TASMANIA,HOBART,155.44,165.96,N/A,181.58,166.46,N/A,2026-02-14
VICTORIA,GEELONG,148.72,156.71,N/A,171.00,160.19,N/A,2026-02-14
VICTORIA,MELBOURNE,148.72,156.71,150.07,171.00,160.19,N/A,2026-02-14
WESTERN AUSTRALIA,BROOME,191.58,200.56,N/A,N/A,191.13,N/A,2026-02-14
WESTERN AUSTRALIA,COCOS Island,N/A,373.33,N/A,N/A,211.55,N/A,2026-02-14
WESTERN AUSTRALIA,DAMPIER,N/A,N/A,N/A,N/A,182.03,N/A,2026-02-14
WESTERN AUSTRALIA,ESPERANCE,N/A,N/A,N/A,N/A,164.54,N/A,2026-02-14
WESTERN AUSTRALIA,KING BAY,N/A,N/A,N/A,N/A,182.03,N/A,2026-02-14
WESTERN AUSTRALIA,PERTH,150.87,162.98,N/A,177.09,160.66,N/A,2026-02-14
WESTERN AUSTRALIA,PORT HEDLAND,N/A,N/A,N/A,N/A,188.76,N/A,2026-02-14
NEW SOUTH WALES,NEWCASTLE,N/A,N/A,N/A,N/A,161.18,N/A,2026-02-13
NEW SOUTH WALES,SYDNEY,150.84,158.93,151.35,172.71,161.04,N/A,2026-02-13
NORTHERN TERRITORY,DARWIN,155.17,165.43,N/A,N/A,166.96,N/A,2026-02-13
QUEENSLAND,BRISBANE,149.17,157.17,150.52,171.17,159.84,168.32,2026-02-13
QUEENSLAND,CAIRNS,156.05,168.23,N/A,N/A,165.34,N/A,2026-02-13
QUEENSLAND,GLADSTONE,155.67,162.11,N/A,N/A,163.78,N/A,2026-02-13
QUEENSLAND,MACKAY,156.07,N/A,N/A,N/A,163.69,N/A,2026-02-13
QUEENSLAND,TOWNSVILLE,155.74,163.74,N/A,179.89,164.97,N/A,2026-02-13
QUEENSLAND,WEIPA,178.52,N/A,N/A,N/A,174.69,N/A,2026-02-13
SOUTH AUSTRALIA,ADELAIDE,150.54,157.97,152.44,172.92,161.54,N/A,2026-02-13
SOUTH AUSTRALIA,PORT LINCOLN,158.26,N/A,N/A,182.78,169.21,N/A,2026-02-13
TASMANIA,DEVONPORT,155.05,165.61,N/A,N/A,167.16,N/A,2026-02-13
TASMANIA,HOBART,155.13,165.66,N/A,181.30,166.50,N/A,2026-02-13
VICTORIA,GEELONG,148.41,156.40,N/A,170.71,160.20,N/A,2026-02-13
VICTORIA,MELBOURNE,148.41,156.40,149.75,170.71,160.20,N/A,2026-02-13
WESTERN AUSTRALIA,BROOME,191.62,200.62,N/A,N/A,191.18,N/A,2026-02-13
WESTERN AUSTRALIA,COCOS Island,N/A,373.03,N/A,N/A,211.53,N/A,2026-02-13
WESTERN AUSTRALIA,DAMPIER,N/A,N/A,N/A,N/A,182.02,N/A,2026-02-13
WESTERN AUSTRALIA,ESPERANCE,N/A,N/A,N/A,N/A,164.53,N/A,2026-02-13
WESTERN AUSTRALIA,KING BAY,N/A,N/A,N/A,N/A,182.02,N/A,2026-02-13
WESTERN AUSTRALIA,PERTH,150.54,162.65,N/A,176.77,160.63,N/A,2026-02-13
WESTERN AUSTRALIA,PORT HEDLAND,N/A,N/A,N/A,N/A,188.76,N/A,2026-02-13
NEW SOUTH WALES,NEWCASTLE,N/A,N/A,N/A,N/A,160.99,N/A,2026-02-12
NEW SOUTH WALES,SYDNEY,149.93,157.99,150.43,171.79,160.84,N/A,2026-02-12
NORTHERN TERRITORY,DARWIN,154.24,164.47,N/A,N/A,166.73,N/A,2026-02-12
QUEENSLAND,BRISBANE,148.25,156.22,149.60,170.24,159.62,168.12,2026-02-12
QUEENSLAND,CAIRNS,155.13,167.29,N/A,N/A,165.14,N/A,2026-02-12
QUEENSLAND,GLADSTONE,154.76,161.16,N/A,N/A,163.58,N/A,2026-02-12
QUEENSLAND,MACKAY,155.16,N/A,N/A,N/A,163.49,N/A,2026-02-12
QUEENSLAND,TOWNSVILLE,154.83,162.80,N/A,178.97,164.77,N/A,2026-02-12
QUEENSLAND,WEIPA,177.64,N/A,N/A,N/A,174.53,N/A,2026-02-12
SOUTH AUSTRALIA,ADELAIDE,149.61,157.04,151.51,172.00,161.34,N/A,2026-02-12
SOUTH AUSTRALIA,PORT LINCOLN,157.37,N/A,N/A,181.85,169.03,N/A,2026-02-12
TASMANIA,DEVONPORT,154.14,164.68,N/A,N/A,166.98,N/A,2026-02-12
TASMANIA,HOBART,154.23,164.74,N/A,180.39,166.32,N/A,2026-02-12
VICTORIA,GEELONG,147.49,155.45,N/A,169.77,160.00,N/A,2026-02-12
VICTORIA,MELBOURNE,147.49,155.45,148.83,169.77,160.00,N/A,2026-02-12
WESTERN AUSTRALIA,BROOME,190.95,199.93,N/A,N/A,191.03,N/A,2026-02-12
WESTERN AUSTRALIA,COCOS Island,N/A,372.15,N/A,N/A,211.33,N/A,2026-02-12
WESTERN AUSTRALIA,DAMPIER,N/A,N/A,N/A,N/A,181.81,N/A,2026-02-12
WESTERN AUSTRALIA,ESPERANCE,N/A,N/A,N/A,N/A,164.32,N/A,2026-02-12
WESTERN AUSTRALIA,KING BAY,N/A,N/A,N/A,N/A,181.81,N/A,2026-02-12
WESTERN AUSTRALIA,PERTH,149.60,161.68,N/A,175.82,160.41,N/A,2026-02-12
WESTERN AUSTRALIA,PORT HEDLAND,N/A,N/A,N/A,N/A,188.54,N/A,2026-02-12
NEW SOUTH WALES,NEWCASTLE,N/A,N/A,N/A,N/A,161.11,N/A,2026-02-11
NEW SOUTH WALES,SYDNEY,149.39,157.42,149.89,171.23,160.96,N/A,2026-02-11
NORTHERN TERRITORY,DARWIN,153.68,163.87,N/A,N/A,166.83,N/A,2026-02-11
QUEENSLAND,BRISBANE,147.70,155.63,149.05,169.65,159.75,168.23,2026-02-11
QUEENSLAND,CAIRNS,154.59,166.73,N/A,N/A,165.26,N/A,2026-02-11
QUEENSLAND,GLADSTONE,154.24,160.60,N/A,N/A,163.70,N/A,2026-02-11
QUEENSLAND,MACKAY,154.64,N/A,N/A,N/A,163.61,N/A,2026-02-11
QUEENSLAND,TOWNSVILLE,154.29,162.23,N/A,178.42,164.89,N/A,2026-02-11
QUEENSLAND,WEIPA,177.13,N/A,N/A,N/A,174.69,N/A,2026-02-11
SOUTH AUSTRALIA,ADELAIDE,149.07,156.46,150.96,171.42,161.47,N/A,2026-02-11
SOUTH AUSTRALIA,PORT LINCOLN,156.85,N/A,N/A,181.28,169.18,N/A,2026-02-11
TASMANIA,DEVONPORT,153.62,164.12,N/A,N/A,167.11,N/A,2026-02-11
TASMANIA,HOBART,153.70,164.18,N/A,179.84,166.45,N/A,2026-02-11
VICTORIA,GEELONG,146.94,154.87,N/A,169.20,160.12,N/A,2026-02-11
VICTORIA,MELBOURNE,146.94,154.87,148.28,169.20,160.12,N/A,2026-02-11
WESTERN AUSTRALIA,BROOME,190.72,199.66,N/A,N/A,191.19,N/A,2026-02-11
WESTERN AUSTRALIA,COCOS Island,N/A,371.60,N/A,N/A,211.44,N/A,2026-02-11
WESTERN AUSTRALIA,DAMPIER,N/A,N/A,N/A,N/A,181.91,N/A,2026-02-11
WESTERN AUSTRALIA,ESPERANCE,N/A,N/A,N/A,N/A,164.42,N/A,2026-02-11
WESTERN AUSTRALIA,KING BAY,N/A,N/A,N/A,N/A,181.91,N/A,2026-02-11
WESTERN AUSTRALIA,PERTH,149.03,161.07,N/A,175.23,160.52,N/A,2026-02-11
WESTERN AUSTRALIA,PORT HEDLAND,N/A,N/A,N/A,N/A,188.64,N/A,2026-02-11
NEW SOUTH WALES,NEWCASTLE,N/A,N/A,N/A,N/A,160.84,N/A,2026-02-10
NEW SOUTH WALES,SYDNEY,149.33,157.33,149.82,171.13,160.71,N/A,2026-02-10
NORTHERN TERRITORY,DARWIN,153.59,163.76,N/A,N/A,166.55,N/A,2026-02-10
QUEENSLAND,BRISBANE,147.63,155.54,148.97,169.55,159.47,167.98,2026-02-10
QUEENSLAND,CAIRNS,154.52,166.64,N/A,N/A,165.01,N/A,2026-02-10
QUEENSLAND,GLADSTONE,154.18,160.51,N/A,N/A,163.44,N/A,2026-02-10
QUEENSLAND,MACKAY,154.58,N/A,N/A,N/A,163.35,N/A,2026-02-10
QUEENSLAND,TOWNSVILLE,154.21,162.15,N/A,178.33,164.64,N/A,2026-02-10
QUEENSLAND,WEIPA,177.09,N/A,N/A,N/A,174.45,N/A,2026-02-10
SOUTH AUSTRALIA,ADELAIDE,149.01,156.38,150.91,171.33,161.21,N/A,2026-02-10
SOUTH AUSTRALIA,PORT LINCOLN,156.79,N/A,N/A,181.18,168.93,N/A,2026-02-10
TASMANIA,DEVONPORT,153.55,164.03,N/A,N/A,166.87,N/A,2026-02-10
TASMANIA,HOBART,153.64,164.09,N/A,179.74,166.21,N/A,2026-02-10
VICTORIA,GEELONG,146.87,154.78,N/A,169.10,159.85,N/A,2026-02-10
VICTORIA,MELBOURNE,146.87,154.78,148.20,169.10,159.85,N/A,2026-02-10
WESTERN AUSTRALIA,BROOME,190.82,199.73,N/A,N/A,190.95,N/A,2026-02-10
WESTERN AUSTRALIA,COCOS Island,N/A,371.51,N/A,N/A,211.16,N/A,2026-02-10
WESTERN AUSTRALIA,DAMPIER,N/A,N/A,N/A,N/A,181.63,N/A,2026-02-10
WESTERN AUSTRALIA,ESPERANCE,N/A,N/A,N/A,N/A,164.15,N/A,2026-02-10
WESTERN AUSTRALIA,KING BAY,N/A,N/A,N/A,N/A,181.63,N/A,2026-02-10
WESTERN AUSTRALIA,PERTH,148.95,160.97,N/A,175.12,160.24,N/A,2026-02-10
WESTERN AUSTRALIA,PORT HEDLAND,N/A,N/A,N/A,N/A,188.36,N/A,2026-02-10
NEW SOUTH WALES,NEWCASTLE,N/A,N/A,N/A,N/A,160.58,N/A,2026-02-07
NEW SOUTH WALES,SYDNEY,149.23,157.19,149.71,170.96,160.44,N/A,2026-02-07
NORTHERN TERRITORY,DARWIN,153.47,163.60,N/A,N/A,166.28,N/A,2026-02-07
QUEENSLAND,BRISBANE,147.52,155.39,148.87,169.38,159.20,167.73,2026-02-07
QUEENSLAND,CAIRNS,154.41,166.50,N/A,N/A,164.74,N/A,2026-02-07
QUEENSLAND,GLADSTONE,154.07,160.37,N/A,N/A,163.17,N/A,2026-02-07
QUEENSLAND,MACKAY,154.46,N/A,N/A,N/A,163.09,N/A,2026-02-07
QUEENSLAND,TOWNSVILLE,154.10,162.00,N/A,178.16,164.36,N/A,2026-02-07
QUEENSLAND,WEIPA,176.98,N/A,N/A,N/A,174.20,N/A,2026-02-07
SOUTH AUSTRALIA,ADELAIDE,148.90,156.22,150.80,171.15,160.94,N/A,2026-02-07
SOUTH AUSTRALIA,PORT LINCOLN,156.68,N/A,N/A,181.01,168.67,N/A,2026-02-07
TASMANIA,DEVONPORT,153.45,163.89,N/A,N/A,166.61,N/A,2026-02-07
TASMANIA,HOBART,153.54,163.94,N/A,179.58,165.95,N/A,2026-02-07
VICTORIA,GEELONG,146.77,154.64,N/A,168.94,159.59,N/A,2026-02-07
VICTORIA,MELBOURNE,146.77,154.64,148.09,168.94,159.59,N/A,2026-02-07
WESTERN AUSTRALIA,BROOME,190.77,199.64,N/A,N/A,190.70,N/A,2026-02-07
WESTERN AUSTRALIA,COCOS Island,N/A,371.37,N/A,N/A,210.91,N/A,2026-02-07
WESTERN AUSTRALIA,DAMPIER,N/A,N/A,N/A,N/A,181.35,N/A,2026-02-07
WESTERN AUSTRALIA,ESPERANCE,N/A,N/A,N/A,N/A,163.87,N/A,2026-02-07
WESTERN AUSTRALIA,KING BAY,N/A,N/A,N/A,N/A,181.35,N/A,2026-02-07
WESTERN AUSTRALIA,PERTH,148.83,160.82,N/A,174.94,159.96,N/A,2026-02-07
WESTERN AUSTRALIA,PORT HEDLAND,N/A,N/A,N/A,N/A,188.08,N/A,2026-02-07
NEW SOUTH WALES,NEWCASTLE,N/A,N/A,N/A,N/A,160.37,N/A,2026-02-06
NEW SOUTH WALES,SYDNEY,149.30,157.26,149.79,171.04,160.24,N/A,2026-02-06
NORTHERN TERRITORY,DARWIN,153.54,163.66,N/A,N/A,166.07,N/A,2026-02-06
QUEENSLAND,BRISBANE,147.60,155.45,148.94,169.46,158.99,167.53,2026-02-06
QUEENSLAND,CAIRNS,154.48,166.57,N/A,N/A,164.54,N/A,2026-02-06
QUEENSLAND,GLADSTONE,154.14,160.45,N/A,N/A,162.97,N/A,2026-02-06
QUEENSLAND,MACKAY,154.54,N/A,N/A,N/A,162.88,N/A,2026-02-06
QUEENSLAND,TOWNSVILLE,154.18,162.07,N/A,178.23,164.16,N/A,2026-02-06
QUEENSLAND,WEIPA,177.08,N/A,N/A,N/A,174.01,N/A,2026-02-06
SOUTH AUSTRALIA,ADELAIDE,148.97,156.29,150.87,171.23,160.74,N/A,2026-02-06
SOUTH AUSTRALIA,PORT LINCOLN,156.77,N/A,N/A,181.08,168.48,N/A,2026-02-06
TASMANIA,DEVONPORT,153.54,163.97,N/A,N/A,166.41,N/A,2026-02-06
TASMANIA,HOBART,153.63,164.02,N/A,179.66,165.75,N/A,2026-02-06
VICTORIA,GEELONG,146.85,154.70,N/A,169.02,159.38,N/A,2026-02-06
VICTORIA,MELBOURNE,146.85,154.70,148.17,169.02,159.38,N/A,2026-02-06
WESTERN AUSTRALIA,BROOME,191.03,199.88,N/A,N/A,190.51,N/A,2026-02-06
WESTERN AUSTRALIA,COCOS Island,N/A,371.42,N/A,N/A,210.71,N/A,2026-02-06
WESTERN AUSTRALIA,DAMPIER,N/A,N/A,N/A,N/A,181.13,N/A,2026-02-06
WESTERN AUSTRALIA,ESPERANCE,N/A,N/A,N/A,N/A,163.66,N/A,2026-02-06
WESTERN AUSTRALIA,KING BAY,N/A,N/A,N/A,N/A,181.13,N/A,2026-02-06
WESTERN AUSTRALIA,PERTH,148.91,160.88,N/A,175.00,159.74,N/A,2026-02-06
WESTERN AUSTRALIA,PORT HEDLAND,N/A,N/A,N/A,N/A,187.87,N/A,2026-02-06
NEW SOUTH WALES,NEWCASTLE,N/A,N/A,N/A,N/A,160.15,N/A,2026-02-05
NEW SOUTH WALES,SYDNEY,149.49,157.48,149.95,171.27,160.02,N/A,2026-02-05
NORTHERN TERRITORY,DARWIN,153.70,163.86,N/A,N/A,165.81,N/A,2026-02-05
QUEENSLAND,BRISBANE,147.77,155.66,149.09,169.68,158.76,167.31,2026-02-05
QUEENSLAND,CAIRNS,154.67,166.78,N/A,N/A,164.31,N/A,2026-02-05
QUEENSLAND,GLADSTONE,154.33,160.66,N/A,N/A,162.75,N/A,2026-02-05
QUEENSLAND,MACKAY,154.74,N/A,N/A,N/A,162.66,N/A,2026-02-05
QUEENSLAND,TOWNSVILLE,154.36,162.29,N/A,178.48,163.93,N/A,2026-02-05
QUEENSLAND,WEIPA,177.29,N/A,N/A,N/A,173.82,N/A,2026-02-05
SOUTH AUSTRALIA,ADELAIDE,149.15,156.50,151.04,171.46,160.51,N/A,2026-02-05
SOUTH AUSTRALIA,PORT LINCOLN,156.96,N/A,N/A,181.31,168.28,N/A,2026-02-05
TASMANIA,DEVONPORT,153.73,164.19,N/A,N/A,166.20,N/A,2026-02-05
TASMANIA,HOBART,153.81,164.24,N/A,179.89,165.54,N/A,2026-02-05
VICTORIA,GEELONG,147.03,154.91,N/A,169.24,159.15,N/A,2026-02-05
VICTORIA,MELBOURNE,147.03,154.91,148.32,169.24,159.15,N/A,2026-02-05
WESTERN AUSTRALIA,BROOME,191.48,200.38,N/A,N/A,190.32,N/A,2026-02-05
WESTERN AUSTRALIA,COCOS Island,N/A,371.59,N/A,N/A,210.50,N/A,2026-02-05
WESTERN AUSTRALIA,DAMPIER,N/A,N/A,N/A,N/A,180.88,N/A,2026-02-05
WESTERN AUSTRALIA,ESPERANCE,N/A,N/A,N/A,N/A,163.41,N/A,2026-02-05
WESTERN AUSTRALIA,KING BAY,N/A,N/A,N/A,N/A,180.88,N/A,2026-02-05
WESTERN AUSTRALIA,PERTH,149.06,161.06,N/A,175.21,159.50,N/A,2026-02-05
WESTERN AUSTRALIA,PORT HEDLAND,N/A,N/A,N/A,N/A,187.63,N/A,2026-02-05
NEW SOUTH WALES,NEWCASTLE,N/A,N/A,N/A,N/A,160.09,N/A,2026-02-04
NEW SOUTH WALES,SYDNEY,149.99,158.02,150.46,171.82,159.96,N/A,2026-02-04
NORTHERN TERRITORY,DARWIN,154.19,164.38,N/A,N/A,165.75,N/A,2026-02-04
QUEENSLAND,BRISBANE,148.27,156.21,149.60,170.24,158.71,167.26,2026-02-04
QUEENSLAND,CAIRNS,155.18,167.33,N/A,N/A,164.26,N/A,2026-02-04
QUEENSLAND,GLADSTONE,154.86,161.21,N/A,N/A,162.69,N/A,2026-02-04
QUEENSLAND,MACKAY,155.40,N/A,N/A,N/A,162.73,N/A,2026-02-04
QUEENSLAND,TOWNSVILLE,154.87,162.86,N/A,179.05,163.89,N/A,2026-02-04
QUEENSLAND,WEIPA,177.80,N/A,N/A,N/A,173.79,N/A,2026-02-04
SOUTH AUSTRALIA,ADELAIDE,149.66,157.05,151.54,172.02,160.47,N/A,2026-02-04
SOUTH AUSTRALIA,PORT LINCOLN,157.48,N/A,N/A,181.87,168.23,N/A,2026-02-04
TASMANIA,DEVONPORT,154.23,164.74,N/A,N/A,166.16,N/A,2026-02-04
TASMANIA,HOBART,154.32,164.79,N/A,180.46,165.50,N/A,2026-02-04
VICTORIA,GEELONG,147.51,155.44,N/A,169.77,159.09,N/A,2026-02-04
VICTORIA,MELBOURNE,147.51,155.44,148.83,169.77,159.09,N/A,2026-02-04
WESTERN AUSTRALIA,BROOME,192.16,201.09,N/A,N/A,190.30,N/A,2026-02-04
WESTERN AUSTRALIA,COCOS Island,N/A,372.07,N/A,N/A,210.44,N/A,2026-02-04
WESTERN AUSTRALIA,DAMPIER,N/A,N/A,N/A,N/A,180.82,N/A,2026-02-04
WESTERN AUSTRALIA,ESPERANCE,N/A,N/A,N/A,N/A,163.35,N/A,2026-02-04
WESTERN AUSTRALIA,KING BAY,N/A,N/A,N/A,N/A,180.82,N/A,2026-02-04
WESTERN AUSTRALIA,PERTH,149.55,161.59,N/A,175.76,159.43,N/A,2026-02-04
WESTERN AUSTRALIA,PORT HEDLAND,N/A,N/A,N/A,N/A,187.56,N/A,2026-02-04
NEW SOUTH WALES,NEWCASTLE,N/A,N/A,N/A,N/A,159.59,N/A,2026-02-03
NEW SOUTH WALES,SYDNEY,150.01,158.08,150.46,171.92,159.47,N/A,2026-02-03
NORTHERN TERRITORY,DARWIN,154.20,164.45,N/A,N/A,165.25,N/A,2026-02-03
QUEENSLAND,BRISBANE,148.28,156.27,149.60,170.32,158.21,166.78,2026-02-03
QUEENSLAND,CAIRNS,155.21,167.42,N/A,N/A,163.78,N/A,2026-02-03
QUEENSLAND,GLADSTONE,154.88,161.29,N/A,N/A,162.18,N/A,2026-02-03
QUEENSLAND,MACKAY,155.43,N/A,N/A,N/A,162.23,N/A,2026-02-03
QUEENSLAND,TOWNSVILLE,154.90,162.94,N/A,179.16,163.41,N/A,2026-02-03
QUEENSLAND,WEIPA,177.86,N/A,N/A,N/A,173.36,N/A,2026-02-03
SOUTH AUSTRALIA,ADELAIDE,149.68,157.11,151.55,172.12,159.97,N/A,2026-02-03
SOUTH AUSTRALIA,PORT LINCOLN,157.52,N/A,N/A,181.97,167.77,N/A,2026-02-03
TASMANIA,DEVONPORT,154.26,164.81,N/A,N/A,165.69,N/A,2026-02-03
TASMANIA,HOBART,154.35,164.87,N/A,180.57,165.03,N/A,2026-02-03
VICTORIA,GEELONG,147.53,155.51,N/A,169.87,158.59,N/A,2026-02-03
VICTORIA,MELBOURNE,147.53,155.51,148.83,169.87,158.59,N/A,2026-02-03
WESTERN AUSTRALIA,BROOME,192.45,201.44,N/A,N/A,189.85,N/A,2026-02-03
WESTERN AUSTRALIA,COCOS Island,N/A,372.12,N/A,N/A,209.98,N/A,2026-02-03
WESTERN AUSTRALIA,DAMPIER,N/A,N/A,N/A,N/A,180.31,N/A,2026-02-03
WESTERN AUSTRALIA,ESPERANCE,N/A,N/A,N/A,N/A,162.86,N/A,2026-02-03
WESTERN AUSTRALIA,KING BAY,N/A,N/A,N/A,N/A,180.31,N/A,2026-02-03
WESTERN AUSTRALIA,PERTH,149.55,161.65,N/A,175.84,158.93,N/A,2026-02-03
WESTERN AUSTRALIA,PORT HEDLAND,N/A,N/A,N/A,N/A,187.07,N/A,2026-02-03
NEW SOUTH WALES,NEWCASTLE,N/A,N/A,N/A,N/A,159.48,N/A,2026-02-02
NEW SOUTH WALES,SYDNEY,151.37,158.71,151.80,172.59,159.41,N/A,2026-02-02
NORTHERN TERRITORY,DARWIN,155.78,164.27,N/A,N/A,164.97,N/A,2026-02-02
QUEENSLAND,BRISBANE,149.58,156.83,150.74,170.93,158.13,166.69,2026-02-02
QUEENSLAND,CAIRNS,155.80,169.05,N/A,N/A,163.63,N/A,2026-02-02
QUEENSLAND,GLADSTONE,155.27,162.64,N/A,N/A,161.88,N/A,2026-02-02
QUEENSLAND,MACKAY,155.89,N/A,N/A,N/A,162.05,N/A,2026-02-02
QUEENSLAND,TOWNSVILLE,155.11,164.24,N/A,181.14,163.08,N/A,2026-02-02
QUEENSLAND,WEIPA,178.30,N/A,N/A,N/A,172.84,N/A,2026-02-02
SOUTH AUSTRALIA,ADELAIDE,150.71,159.26,152.48,174.32,159.96,N/A,2026-02-02
SOUTH AUSTRALIA,PORT LINCOLN,157.09,N/A,N/A,183.51,167.07,N/A,2026-02-02
TASMANIA,DEVONPORT,155.33,165.13,N/A,N/A,165.73,N/A,2026-02-02
TASMANIA,HOBART,155.42,165.19,N/A,180.93,165.07,N/A,2026-02-02
VICTORIA,GEELONG,148.75,155.99,N/A,170.40,158.41,N/A,2026-02-02
VICTORIA,MELBOURNE,148.75,155.99,149.93,170.40,158.41,N/A,2026-02-02
WESTERN AUSTRALIA,BROOME,194.33,203.34,N/A,N/A,189.84,N/A,2026-02-02
WESTERN AUSTRALIA,COCOS Island,N/A,366.85,N/A,N/A,209.36,N/A,2026-02-02
WESTERN AUSTRALIA,DAMPIER,N/A,N/A,N/A,N/A,179.60,N/A,2026-02-02
WESTERN AUSTRALIA,ESPERANCE,N/A,N/A,N/A,N/A,162.67,N/A,2026-02-02
WESTERN AUSTRALIA,KING BAY,N/A,N/A,N/A,N/A,179.60,N/A,2026-02-02
WESTERN AUSTRALIA,PERTH,150.55,161.92,N/A,176.17,158.90,N/A,2026-02-02
WESTERN AUSTRALIA,PORT HEDLAND,177.53,N/A,N/A,N/A,187.02,N/A,2026-02-02
NEW SOUTH WALES,NEWCASTLE,N/A,N/A,N/A,N/A,158.54,N/A,2026-01-30
NEW SOUTH WALES,SYDNEY,150.66,157.99,151.10,171.93,158.47,N/A,2026-01-30
NORTHERN TERRITORY,DARWIN,155.05,163.54,N/A,N/A,164.01,N/A,2026-01-30
QUEENSLAND,BRISBANE,148.87,156.11,150.03,170.27,157.17,165.78,2026-01-30
QUEENSLAND,CAIRNS,155.12,168.37,N/A,N/A,162.70,N/A,2026-01-30
QUEENSLAND,GLADSTONE,154.59,161.95,N/A,N/A,160.94,N/A,2026-01-30
QUEENSLAND,MACKAY,155.21,N/A,N/A,N/A,161.12,N/A,2026-01-30
QUEENSLAND,TOWNSVILLE,154.43,163.56,N/A,180.51,162.15,N/A,2026-01-30
QUEENSLAND,WEIPA,177.63,N/A,N/A,N/A,171.95,N/A,2026-01-30
SOUTH AUSTRALIA,ADELAIDE,150.01,158.58,151.78,173.67,159.02,N/A,2026-01-30
SOUTH AUSTRALIA,PORT LINCOLN,156.41,N/A,N/A,182.86,166.17,N/A,2026-01-30
TASMANIA,DEVONPORT,154.63,164.43,N/A,N/A,164.81,N/A,2026-01-30
TASMANIA,HOBART,154.72,164.48,N/A,180.28,164.15,N/A,2026-01-30
VICTORIA,GEELONG,148.03,155.27,N/A,169.73,157.47,N/A,2026-01-30
VICTORIA,MELBOURNE,148.03,155.27,149.22,169.73,157.47,N/A,2026-01-30
WESTERN AUSTRALIA,BROOME,193.94,202.96,N/A,N/A,188.96,N/A,2026-01-30
WESTERN AUSTRALIA,COCOS Island,N/A,366.19,N/A,N/A,208.50,N/A,2026-01-30
WESTERN AUSTRALIA,DAMPIER,N/A,N/A,N/A,N/A,178.65,N/A,2026-01-30
WESTERN AUSTRALIA,ESPERANCE,N/A,N/A,N/A,N/A,161.71,N/A,2026-01-30
WESTERN AUSTRALIA,KING BAY,N/A,N/A,N/A,N/A,178.65,N/A,2026-01-30
WESTERN AUSTRALIA,PERTH,149.82,161.19,N/A,175.48,157.93,N/A,2026-01-30
WESTERN AUSTRALIA,PORT HEDLAND,177.02,N/A,N/A,N/A,186.08,N/A,2026-01-30
NEW SOUTH WALES,NEWCASTLE,N/A,N/A,N/A,N/A,158.76,N/A,2026-01-29
NEW SOUTH WALES,SYDNEY,151.15,158.47,151.56,172.43,158.70,N/A,2026-01-29
NORTHERN TERRITORY,DARWIN,155.52,163.99,N/A,N/A,164.20,N/A,2026-01-29
QUEENSLAND,BRISBANE,149.35,156.57,150.49,170.75,157.39,165.98,2026-01-29
QUEENSLAND,CAIRNS,155.62,168.86,N/A,N/A,162.91,N/A,2026-01-29
QUEENSLAND,GLADSTONE,155.10,162.45,N/A,N/A,161.16,N/A,2026-01-29
QUEENSLAND,MACKAY,155.72,N/A,N/A,N/A,161.34,N/A,2026-01-29
QUEENSLAND,TOWNSVILLE,154.92,164.05,N/A,181.03,162.36,N/A,2026-01-29
QUEENSLAND,WEIPA,178.16,N/A,N/A,N/A,172.22,N/A,2026-01-29
SOUTH AUSTRALIA,ADELAIDE,150.48,159.04,152.26,174.17,159.25,N/A,2026-01-29
SOUTH AUSTRALIA,PORT LINCOLN,156.92,N/A,N/A,183.37,166.40,N/A,2026-01-29
TASMANIA,DEVONPORT,155.12,164.91,N/A,N/A,165.04,N/A,2026-01-29
TASMANIA,HOBART,155.21,164.97,N/A,180.79,164.38,N/A,2026-01-29
VICTORIA,GEELONG,148.51,155.74,N/A,170.23,157.69,N/A,2026-01-29
VICTORIA,MELBOURNE,148.51,155.74,149.67,170.23,157.69,N/A,2026-01-29
WESTERN AUSTRALIA,BROOME,194.79,203.81,N/A,N/A,189.21,N/A,2026-01-29
WESTERN AUSTRALIA,COCOS Island,N/A,366.59,N/A,N/A,208.66,N/A,2026-01-29
WESTERN AUSTRALIA,DAMPIER,N/A,N/A,N/A,N/A,178.84,N/A,2026-01-29
WESTERN AUSTRALIA,ESPERANCE,N/A,N/A,N/A,N/A,161.90,N/A,2026-01-29
WESTERN AUSTRALIA,KING BAY,N/A,N/A,N/A,N/A,178.84,N/A,2026-01-29
WESTERN AUSTRALIA,PERTH,150.28,161.63,N/A,175.96,158.11,N/A,2026-01-29
WESTERN AUSTRALIA,PORT HEDLAND,177.73,N/A,N/A,N/A,186.26,N/A,2026-01-29
NEW SOUTH WALES,NEWCASTLE,N/A,N/A,N/A,N/A,158.50,N/A,2026-01-28
NEW SOUTH WALES,SYDNEY,151.22,158.51,151.61,172.50,158.43,N/A,2026-01-28
NORTHERN TERRITORY,DARWIN,155.54,164.00,N/A,N/A,163.90,N/A,2026-01-28
QUEENSLAND,BRISBANE,149.40,156.61,150.54,170.82,157.11,165.73,2026-01-28
QUEENSLAND,CAIRNS,155.69,168.93,N/A,N/A,162.65,N/A,2026-01-28
QUEENSLAND,GLADSTONE,155.17,162.50,N/A,N/A,160.90,N/A,2026-01-28
QUEENSLAND,MACKAY,155.79,N/A,N/A,N/A,161.07,N/A,2026-01-28
QUEENSLAND,TOWNSVILLE,155.00,164.12,N/A,181.14,162.10,N/A,2026-01-28
QUEENSLAND,WEIPA,178.27,N/A,N/A,N/A,172.01,N/A,2026-01-28
SOUTH AUSTRALIA,ADELAIDE,150.55,159.09,152.31,174.25,158.98,N/A,2026-01-28
SOUTH AUSTRALIA,PORT LINCOLN,156.99,N/A,N/A,183.45,166.17,N/A,2026-01-28
TASMANIA,DEVONPORT,155.20,164.97,N/A,N/A,164.81,N/A,2026-01-28
TASMANIA,HOBART,155.29,165.02,N/A,180.87,164.15,N/A,2026-01-28
VICTORIA,GEELONG,148.57,155.77,N/A,170.29,157.41,N/A,2026-01-28
VICTORIA,MELBOURNE,148.57,155.77,149.72,170.29,157.41,N/A,2026-01-28
WESTERN AUSTRALIA,BROOME,195.24,204.26,N/A,N/A,189.00,N/A,2026-01-28
WESTERN AUSTRALIA,COCOS Island,N/A,366.61,N/A,N/A,208.41,N/A,2026-01-28
WESTERN AUSTRALIA,DAMPIER,N/A,N/A,N/A,N/A,178.54,N/A,2026-01-28
WESTERN AUSTRALIA,ESPERANCE,N/A,N/A,N/A,N/A,161.61,N/A,2026-01-28
WESTERN AUSTRALIA,KING BAY,N/A,N/A,N/A,N/A,178.54,N/A,2026-01-28
WESTERN AUSTRALIA,PERTH,150.30,161.66,N/A,176.00,157.82,N/A,2026-01-28
WESTERN AUSTRALIA,PORT HEDLAND,178.02,N/A,N/A,N/A,185.99,N/A,2026-01-28
NEW SOUTH WALES,NEWCASTLE,N/A,N/A,N/A,N/A,158.43,N/A,2026-01-27
NEW SOUTH WALES,SYDNEY,151.27,158.63,151.65,172.66,158.37,N/A,2026-01-27
NORTHERN TERRITORY,DARWIN,155.56,164.09,N/A,N/A,163.81,N/A,2026-01-27
QUEENSLAND,BRISBANE,149.45,156.72,150.56,170.96,157.04,165.65,2026-01-27
QUEENSLAND,CAIRNS,155.74,169.07,N/A,N/A,162.58,N/A,2026-01-27
QUEENSLAND,GLADSTONE,155.24,162.65,N/A,N/A,160.81,N/A,2026-01-27
QUEENSLAND,MACKAY,155.86,N/A,N/A,N/A,160.99,N/A,2026-01-27
QUEENSLAND,TOWNSVILLE,155.05,164.25,N/A,181.30,162.03,N/A,2026-01-27
QUEENSLAND,WEIPA,178.35,N/A,N/A,N/A,171.99,N/A,2026-01-27
SOUTH AUSTRALIA,ADELAIDE,150.59,159.21,152.34,174.41,158.92,N/A,2026-01-27
SOUTH AUSTRALIA,PORT LINCOLN,157.06,N/A,N/A,183.60,166.12,N/A,2026-01-27
TASMANIA,DEVONPORT,155.27,165.10,N/A,N/A,164.76,N/A,2026-01-27
TASMANIA,HOBART,155.35,165.15,N/A,181.04,164.10,N/A,2026-01-27
VICTORIA,GEELONG,148.61,155.88,N/A,170.43,157.33,N/A,2026-01-27
VICTORIA,MELBOURNE,148.61,155.88,149.74,170.43,157.33,N/A,2026-01-27
WESTERN AUSTRALIA,BROOME,195.62,204.72,N/A,N/A,188.98,N/A,2026-01-27
WESTERN AUSTRALIA,COCOS Island,N/A,366.69,N/A,N/A,208.33,N/A,2026-01-27
WESTERN AUSTRALIA,DAMPIER,N/A,N/A,N/A,N/A,178.45,N/A,2026-01-27
WESTERN AUSTRALIA,ESPERANCE,N/A,N/A,N/A,N/A,161.52,N/A,2026-01-27
WESTERN AUSTRALIA,KING BAY,N/A,N/A,N/A,N/A,178.45,N/A,2026-01-27
WESTERN AUSTRALIA,PERTH,150.33,161.74,N/A,176.12,157.74,N/A,2026-01-27
WESTERN AUSTRALIA,PORT HEDLAND,178.28,N/A,N/A,N/A,185.91,N/A,2026-01-27
NEW SOUTH WALES,NEWCASTLE,N/A,N/A,N/A,N/A,158.07,N/A,2026-01-24
NEW SOUTH WALES,SYDNEY,151.40,158.86,151.79,172.91,158.03,N/A,2026-01-24
NORTHERN TERRITORY,DARWIN,155.69,164.30,N/A,N/A,163.44,N/A,2026-01-24
QUEENSLAND,BRISBANE,149.58,156.95,150.70,171.22,156.70,165.30,2026-01-24
QUEENSLAND,CAIRNS,155.88,169.31,N/A,N/A,162.22,N/A,2026-01-24
QUEENSLAND,GLADSTONE,155.40,162.90,N/A,N/A,160.47,N/A,2026-01-24
QUEENSLAND,MACKAY,156.01,N/A,N/A,N/A,160.64,N/A,2026-01-24
QUEENSLAND,TOWNSVILLE,155.19,164.51,N/A,181.58,161.67,N/A,2026-01-24
QUEENSLAND,WEIPA,178.53,N/A,N/A,N/A,171.67,N/A,2026-01-24
SOUTH AUSTRALIA,ADELAIDE,150.72,159.46,152.47,174.66,158.58,N/A,2026-01-24
SOUTH AUSTRALIA,PORT LINCOLN,157.22,N/A,N/A,183.85,165.80,N/A,2026-01-24
TASMANIA,DEVONPORT,155.42,165.35,N/A,N/A,164.43,N/A,2026-01-24
TASMANIA,HOBART,155.51,165.41,N/A,181.31,163.77,N/A,2026-01-24
VICTORIA,GEELONG,148.74,156.11,N/A,170.69,156.98,N/A,2026-01-24
VICTORIA,MELBOURNE,148.74,156.11,149.89,170.69,156.98,N/A,2026-01-24
WESTERN AUSTRALIA,BROOME,196.03,205.23,N/A,N/A,188.67,N/A,2026-01-24
WESTERN AUSTRALIA,COCOS Island,N/A,366.89,N/A,N/A,208.00,N/A,2026-01-24
WESTERN AUSTRALIA,DAMPIER,N/A,N/A,N/A,N/A,178.09,N/A,2026-01-24
WESTERN AUSTRALIA,ESPERANCE,N/A,N/A,N/A,N/A,161.16,N/A,2026-01-24
WESTERN AUSTRALIA,KING BAY,N/A,N/A,N/A,N/A,178.09,N/A,2026-01-24
WESTERN AUSTRALIA,PERTH,150.45,161.96,N/A,176.36,157.37,N/A,2026-01-24
WESTERN AUSTRALIA,PORT HEDLAND,178.59,N/A,N/A,N/A,185.54,N/A,2026-01-24
NEW SOUTH WALES,NEWCASTLE,N/A,N/A,N/A,N/A,157.84,N/A,2026-01-23
NEW SOUTH WALES,SYDNEY,151.50,159.06,151.89,173.11,157.77,N/A,2026-01-23
NORTHERN TERRITORY,DARWIN,155.80,164.49,N/A,N/A,163.22,N/A,2026-01-23
QUEENSLAND,BRISBANE,149.68,157.15,150.81,171.41,156.45,165.08,2026-01-23
QUEENSLAND,CAIRNS,155.99,169.51,N/A,N/A,161.99,N/A,2026-01-23
QUEENSLAND,GLADSTONE,155.50,163.09,N/A,N/A,160.24,N/A,2026-01-23
QUEENSLAND,MACKAY,156.12,N/A,N/A,N/A,160.41,N/A,2026-01-23
QUEENSLAND,TOWNSVILLE,155.30,164.71,N/A,181.79,161.44,N/A,2026-01-23
QUEENSLAND,WEIPA,178.61,N/A,N/A,N/A,171.42,N/A,2026-01-23
SOUTH AUSTRALIA,ADELAIDE,150.82,159.65,152.58,174.87,158.35,N/A,2026-01-23
SOUTH AUSTRALIA,PORT LINCOLN,157.31,N/A,N/A,184.06,165.56,N/A,2026-01-23
TASMANIA,DEVONPORT,155.51,165.54,N/A,N/A,164.19,N/A,2026-01-23
TASMANIA,HOBART,155.60,165.59,N/A,181.50,163.53,N/A,2026-01-23
VICTORIA,GEELONG,148.85,156.31,N/A,170.89,156.75,N/A,2026-01-23
VICTORIA,MELBOURNE,148.85,156.31,149.99,170.89,156.75,N/A,2026-01-23
WESTERN AUSTRALIA,BROOME,196.03,205.32,N/A,N/A,188.43,N/A,2026-01-23
WESTERN AUSTRALIA,COCOS Island,N/A,367.08,N/A,N/A,207.80,N/A,2026-01-23
WESTERN AUSTRALIA,DAMPIER,N/A,N/A,N/A,N/A,177.86,N/A,2026-01-23
WESTERN AUSTRALIA,ESPERANCE,N/A,N/A,N/A,N/A,160.94,N/A,2026-01-23
WESTERN AUSTRALIA,KING BAY,N/A,N/A,N/A,N/A,177.86,N/A,2026-01-23
WESTERN AUSTRALIA,PERTH,150.56,162.17,N/A,176.57,157.15,N/A,2026-01-23
WESTERN AUSTRALIA,PORT HEDLAND,178.63,N/A,N/A,N/A,185.33,N/A,2026-01-23
NEW SOUTH WALES,NEWCASTLE,N/A,N/A,N/A,N/A,157.58,N/A,2026-01-22
NEW SOUTH WALES,SYDNEY,151.71,159.32,152.11,173.38,157.51,N/A,2026-01-22
NORTHERN TERRITORY,DARWIN,156.06,164.81,N/A,N/A,162.98,N/A,2026-01-22
QUEENSLAND,BRISBANE,149.90,157.42,151.03,171.70,156.20,164.82,2026-01-22
QUEENSLAND,CAIRNS,156.20,169.79,N/A,N/A,161.71,N/A,2026-01-22
QUEENSLAND,GLADSTONE,155.69,163.37,N/A,N/A,159.96,N/A,2026-01-22
QUEENSLAND,MACKAY,156.32,N/A,N/A,N/A,160.14,N/A,2026-01-22
QUEENSLAND,TOWNSVILLE,155.51,164.99,N/A,182.06,161.16,N/A,2026-01-22
QUEENSLAND,WEIPA,178.79,N/A,N/A,N/A,171.11,N/A,2026-01-22
SOUTH AUSTRALIA,ADELAIDE,151.04,159.93,152.80,175.15,158.07,N/A,2026-01-22
SOUTH AUSTRALIA,PORT LINCOLN,157.51,N/A,N/A,184.35,165.26,N/A,2026-01-22
TASMANIA,DEVONPORT,155.72,165.80,N/A,N/A,163.90,N/A,2026-01-22
TASMANIA,HOBART,155.80,165.86,N/A,181.78,163.24,N/A,2026-01-22
VICTORIA,GEELONG,149.07,156.59,N/A,171.17,156.49,N/A,2026-01-22
VICTORIA,MELBOURNE,149.07,156.59,150.21,171.17,156.49,N/A,2026-01-22
WESTERN AUSTRALIA,BROOME,195.90,205.25,N/A,N/A,188.11,N/A,2026-01-22
WESTERN AUSTRALIA,COCOS Island,N/A,367.36,N/A,N/A,207.59,N/A,2026-01-22
WESTERN AUSTRALIA,DAMPIER,N/A,N/A,N/A,N/A,177.64,N/A,2026-01-22
WESTERN AUSTRALIA,ESPERANCE,N/A,N/A,N/A,N/A,160.69,N/A,2026-01-22
WESTERN AUSTRALIA,KING BAY,N/A,N/A,N/A,N/A,177.64,N/A,2026-01-22
WESTERN AUSTRALIA,PERTH,150.82,162.48,N/A,176.89,156.89,N/A,2026-01-22
WESTERN AUSTRALIA,PORT HEDLAND,178.64,N/A,N/A,N/A,185.09,N/A,2026-01-22
NEW SOUTH WALES,NEWCASTLE,N/A,N/A,N/A,N/A,157.01,N/A,2026-01-21
NEW SOUTH WALES,SYDNEY,151.80,159.48,152.20,173.54,156.94,N/A,2026-01-21
NORTHERN TERRITORY,DARWIN,156.18,165.00,N/A,N/A,162.45,N/A,2026-01-21
QUEENSLAND,BRISBANE,150.00,157.59,151.13,171.86,155.65,164.32,2026-01-21
QUEENSLAND,CAIRNS,156.29,169.92,N/A,N/A,161.15,N/A,2026-01-21
QUEENSLAND,GLADSTONE,155.76,163.50,N/A,N/A,159.41,N/A,2026-01-21
QUEENSLAND,MACKAY,156.38,N/A,N/A,N/A,159.59,N/A,2026-01-21
QUEENSLAND,TOWNSVILLE,155.60,165.11,N/A,182.18,160.60,N/A,2026-01-21
QUEENSLAND,WEIPA,178.82,N/A,N/A,N/A,170.48,N/A,2026-01-21
SOUTH AUSTRALIA,ADELAIDE,151.13,160.08,152.89,175.31,157.50,N/A,2026-01-21
SOUTH AUSTRALIA,PORT LINCOLN,157.56,N/A,N/A,184.50,164.66,N/A,2026-01-21
TASMANIA,DEVONPORT,155.77,165.92,N/A,N/A,163.31,N/A,2026-01-21
TASMANIA,HOBART,155.86,165.98,N/A,181.90,162.65,N/A,2026-01-21
VICTORIA,GEELONG,149.16,156.74,N/A,171.33,155.94,N/A,2026-01-21
VICTORIA,MELBOURNE,149.16,156.74,150.30,171.33,155.94,N/A,2026-01-21
WESTERN AUSTRALIA,BROOME,195.48,204.91,N/A,N/A,187.47,N/A,2026-01-21
WESTERN AUSTRALIA,COCOS Island,N/A,367.53,N/A,N/A,207.12,N/A,2026-01-21
WESTERN AUSTRALIA,DAMPIER,N/A,N/A,N/A,N/A,177.12,N/A,2026-01-21
WESTERN AUSTRALIA,ESPERANCE,N/A,N/A,N/A,N/A,160.16,N/A,2026-01-21
WESTERN AUSTRALIA,KING BAY,N/A,N/A,N/A,N/A,177.12,N/A,2026-01-21
WESTERN AUSTRALIA,PERTH,150.94,162.67,N/A,177.08,156.38,N/A,2026-01-21
WESTERN AUSTRALIA,PORT HEDLAND,178.42,N/A,N/A,N/A,184.56,N/A,2026-01-21
NEW SOUTH WALES,NEWCASTLE,N/A,N/A,N/A,N/A,156.49,N/A,2026-01-20
NEW SOUTH WALES,SYDNEY,151.97,159.61,152.38,173.67,156.41,N/A,2026-01-20
NORTHERN TERRITORY,DARWIN,156.39,165.18,N/A,N/A,161.96,N/A,2026-01-20
QUEENSLAND,BRISBANE,150.17,157.73,151.33,172.01,155.11,163.82,2026-01-20
QUEENSLAND,CAIRNS,156.48,170.05,N/A,N/A,160.62,N/A,2026-01-20
QUEENSLAND,GLADSTONE,155.93,163.64,N/A,N/A,158.88,N/A,2026-01-20
QUEENSLAND,MACKAY,156.54,N/A,N/A,N/A,159.06,N/A,2026-01-20
QUEENSLAND,TOWNSVILLE,155.78,165.24,N/A,182.33,160.07,N/A,2026-01-20
QUEENSLAND,WEIPA,178.94,N/A,N/A,N/A,169.88,N/A,2026-01-20
SOUTH AUSTRALIA,ADELAIDE,151.31,160.23,153.08,175.45,156.97,N/A,2026-01-20
SOUTH AUSTRALIA,PORT LINCOLN,157.71,N/A,N/A,184.65,164.10,N/A,2026-01-20
TASMANIA,DEVONPORT,155.93,166.05,N/A,N/A,162.73,N/A,2026-01-20
TASMANIA,HOBART,156.01,166.10,N/A,182.02,162.07,N/A,2026-01-20
VICTORIA,GEELONG,149.34,156.88,N/A,171.47,155.42,N/A,2026-01-20
VICTORIA,MELBOURNE,149.34,156.88,150.49,171.47,155.42,N/A,2026-01-20
WESTERN AUSTRALIA,BROOME,195.18,204.57,N/A,N/A,186.88,N/A,2026-01-20
WESTERN AUSTRALIA,COCOS Island,N/A,367.69,N/A,N/A,206.68,N/A,2026-01-20
WESTERN AUSTRALIA,DAMPIER,N/A,N/A,N/A,N/A,176.64,N/A,2026-01-20
WESTERN AUSTRALIA,ESPERANCE,N/A,N/A,N/A,N/A,159.67,N/A,2026-01-20
WESTERN AUSTRALIA,KING BAY,N/A,N/A,N/A,N/A,176.64,N/A,2026-01-20
WESTERN AUSTRALIA,PERTH,151.15,162.84,N/A,177.25,155.89,N/A,2026-01-20
WESTERN AUSTRALIA,PORT HEDLAND,178.32,N/A,N/A,N/A,184.05,N/A,2026-01-20
NEW SOUTH WALES,NEWCASTLE,N/A,N/A,N/A,N/A,155.32,N/A,2026-01-17
NEW SOUTH WALES,SYDNEY,151.47,159.13,151.91,173.17,155.24,N/A,2026-01-17
NORTHERN TERRITORY,DARWIN,155.95,164.74,N/A,N/A,160.84,N/A,2026-01-17
QUEENSLAND,BRISBANE,149.70,157.27,150.88,171.53,153.97,162.72,2026-01-17
QUEENSLAND,CAIRNS,156.00,169.54,N/A,N/A,159.47,N/A,2026-01-17
QUEENSLAND,GLADSTONE,155.43,163.12,N/A,N/A,157.73,N/A,2026-01-17
QUEENSLAND,MACKAY,156.05,N/A,N/A,N/A,157.91,N/A,2026-01-17
QUEENSLAND,TOWNSVILLE,155.31,164.74,N/A,181.81,158.92,N/A,2026-01-17
QUEENSLAND,WEIPA,178.40,N/A,N/A,N/A,168.64,N/A,2026-01-17
SOUTH AUSTRALIA,ADELAIDE,150.82,159.75,152.61,174.97,155.79,N/A,2026-01-17
SOUTH AUSTRALIA,PORT LINCOLN,157.19,N/A,N/A,184.16,162.88,N/A,2026-01-17
TASMANIA,DEVONPORT,155.41,165.54,N/A,N/A,161.54,N/A,2026-01-17
TASMANIA,HOBART,155.50,165.59,N/A,181.50,160.88,N/A,2026-01-17
VICTORIA,GEELONG,148.86,156.42,N/A,171.00,154.26,N/A,2026-01-17
VICTORIA,MELBOURNE,148.86,156.42,150.04,171.00,154.26,N/A,2026-01-17
WESTERN AUSTRALIA,BROOME,194.14,203.52,N/A,N/A,185.64,N/A,2026-01-17
WESTERN AUSTRALIA,COCOS Island,N/A,367.30,N/A,N/A,205.65,N/A,2026-01-17
WESTERN AUSTRALIA,DAMPIER,N/A,N/A,N/A,N/A,175.52,N/A,2026-01-17
WESTERN AUSTRALIA,ESPERANCE,N/A,N/A,N/A,N/A,158.53,N/A,2026-01-17
WESTERN AUSTRALIA,KING BAY,N/A,N/A,N/A,N/A,175.52,N/A,2026-01-17
WESTERN AUSTRALIA,PERTH,150.70,162.42,N/A,176.81,154.77,N/A,2026-01-17
WESTERN AUSTRALIA,PORT HEDLAND,177.50,N/A,N/A,N/A,182.93,N/A,2026-01-17
NEW SOUTH WALES,NEWCASTLE,N/A,N/A,N/A,N/A,154.02,N/A,2026-01-16
NEW SOUTH WALES,SYDNEY,150.66,158.29,151.10,172.34,153.95,N/A,2026-01-16
NORTHERN TERRITORY,DARWIN,155.14,163.92,N/A,N/A,159.58,N/A,2026-01-16
QUEENSLAND,BRISBANE,148.90,156.43,150.05,170.70,152.67,161.49,2026-01-16
QUEENSLAND,CAIRNS,155.17,168.70,N/A,N/A,158.17,N/A,2026-01-16
QUEENSLAND,GLADSTONE,154.59,162.27,N/A,N/A,156.43,N/A,2026-01-16
QUEENSLAND,MACKAY,155.20,N/A,N/A,N/A,156.61,N/A,2026-01-16
QUEENSLAND,TOWNSVILLE,154.47,163.87,N/A,180.93,157.62,N/A,2026-01-16
QUEENSLAND,WEIPA,177.54,N/A,N/A,N/A,167.29,N/A,2026-01-16
SOUTH AUSTRALIA,ADELAIDE,150.01,158.91,151.79,174.11,154.48,N/A,2026-01-16
SOUTH AUSTRALIA,PORT LINCOLN,156.37,N/A,N/A,183.30,161.56,N/A,2026-01-16
TASMANIA,DEVONPORT,154.58,164.68,N/A,N/A,160.22,N/A,2026-01-16
TASMANIA,HOBART,154.67,164.74,N/A,180.64,159.56,N/A,2026-01-16
VICTORIA,GEELONG,148.05,155.58,N/A,170.16,152.97,N/A,2026-01-16
VICTORIA,MELBOURNE,148.05,155.58,149.23,170.16,152.97,N/A,2026-01-16
WESTERN AUSTRALIA,BROOME,192.98,202.35,N/A,N/A,184.28,N/A,2026-01-16
WESTERN AUSTRALIA,COCOS Island,N/A,366.56,N/A,N/A,204.50,N/A,2026-01-16
WESTERN AUSTRALIA,DAMPIER,N/A,N/A,N/A,N/A,174.24,N/A,2026-01-16
WESTERN AUSTRALIA,ESPERANCE,N/A,N/A,N/A,N/A,157.26,N/A,2026-01-16
WESTERN AUSTRALIA,KING BAY,N/A,N/A,N/A,N/A,174.24,N/A,2026-01-16
WESTERN AUSTRALIA,PERTH,149.92,161.60,N/A,175.99,153.49,N/A,2026-01-16
WESTERN AUSTRALIA,PORT HEDLAND,176.46,N/A,N/A,N/A,181.64,N/A,2026-01-16
NEW SOUTH WALES,NEWCASTLE,N/A,N/A,N/A,N/A,153.56,N/A,2026-01-15
NEW SOUTH WALES,SYDNEY,150.37,158.00,150.82,172.04,153.46,N/A,2026-01-15
NORTHERN TERRITORY,DARWIN,154.89,163.67,N/A,N/A,159.13,N/A,2026-01-15
QUEENSLAND,BRISBANE,148.61,156.16,149.79,170.41,152.20,161.04,2026-01-15
QUEENSLAND,CAIRNS,154.89,168.39,N/A,N/A,157.70,N/A,2026-01-15
QUEENSLAND,GLADSTONE,154.30,161.98,N/A,N/A,155.96,N/A,2026-01-15
QUEENSLAND,MACKAY,154.90,N/A,N/A,N/A,156.13,N/A,2026-01-15
QUEENSLAND,TOWNSVILLE,154.20,163.57,N/A,180.62,157.15,N/A,2026-01-15
QUEENSLAND,WEIPA,177.22,N/A,N/A,N/A,166.77,N/A,2026-01-15
SOUTH AUSTRALIA,ADELAIDE,149.73,158.63,151.51,173.82,154.01,N/A,2026-01-15
SOUTH AUSTRALIA,PORT LINCOLN,156.06,N/A,N/A,183.02,161.05,N/A,2026-01-15
TASMANIA,DEVONPORT,154.29,164.38,N/A,N/A,159.73,N/A,2026-01-15
TASMANIA,HOBART,154.37,164.44,N/A,180.33,159.07,N/A,2026-01-15
VICTORIA,GEELONG,147.77,155.31,N/A,169.87,152.50,N/A,2026-01-15
VICTORIA,MELBOURNE,147.77,155.31,148.96,169.87,152.50,N/A,2026-01-15
WESTERN AUSTRALIA,BROOME,192.36,201.72,N/A,N/A,183.77,N/A,2026-01-15
WESTERN AUSTRALIA,COCOS Island,N/A,366.33,N/A,N/A,204.10,N/A,2026-01-15
WESTERN AUSTRALIA,DAMPIER,N/A,N/A,N/A,N/A,173.80,N/A,2026-01-15
WESTERN AUSTRALIA,ESPERANCE,N/A,N/A,N/A,N/A,156.81,N/A,2026-01-15
WESTERN AUSTRALIA,KING BAY,N/A,N/A,N/A,N/A,173.80,N/A,2026-01-15
WESTERN AUSTRALIA,PERTH,149.66,161.35,N/A,175.74,153.05,N/A,2026-01-15
WESTERN AUSTRALIA,PORT HEDLAND,175.99,N/A,N/A,N/A,181.19,N/A,2026-01-15
NEW SOUTH WALES,NEWCASTLE,N/A,N/A,N/A,N/A,153.21,N/A,2026-01-14
NEW SOUTH WALES,SYDNEY,150.08,157.87,150.54,171.92,153.11,N/A,2026-01-14
NORTHERN TERRITORY,DARWIN,154.62,163.55,N/A,N/A,158.79,N/A,2026-01-14
QUEENSLAND,BRISBANE,148.32,156.02,149.50,170.29,151.84,160.71,2026-01-14
QUEENSLAND,CAIRNS,154.62,168.27,N/A,N/A,157.34,N/A,2026-01-14
QUEENSLAND,GLADSTONE,154.01,161.84,N/A,N/A,155.61,N/A,2026-01-14
QUEENSLAND,MACKAY,154.62,N/A,N/A,N/A,155.78,N/A,2026-01-14
QUEENSLAND,TOWNSVILLE,153.92,163.44,N/A,180.50,156.79,N/A,2026-01-14
QUEENSLAND,WEIPA,176.92,N/A,N/A,N/A,166.41,N/A,2026-01-14
SOUTH AUSTRALIA,ADELAIDE,149.45,158.50,151.24,173.70,153.66,N/A,2026-01-14
SOUTH AUSTRALIA,PORT LINCOLN,155.77,N/A,N/A,182.90,160.70,N/A,2026-01-14
TASMANIA,DEVONPORT,154.00,164.25,N/A,N/A,159.37,N/A,2026-01-14
TASMANIA,HOBART,154.09,164.31,N/A,180.21,158.71,N/A,2026-01-14
VICTORIA,GEELONG,147.49,155.18,N/A,169.75,152.15,N/A,2026-01-14
VICTORIA,MELBOURNE,147.49,155.18,148.68,169.75,152.15,N/A,2026-01-14
WESTERN AUSTRALIA,BROOME,191.98,201.50,N/A,N/A,183.40,N/A,2026-01-14
WESTERN AUSTRALIA,COCOS Island,N/A,366.22,N/A,N/A,203.79,N/A,2026-01-14
WESTERN AUSTRALIA,DAMPIER,N/A,N/A,N/A,N/A,173.46,N/A,2026-01-14
WESTERN AUSTRALIA,ESPERANCE,N/A,N/A,N/A,N/A,156.45,N/A,2026-01-14
WESTERN AUSTRALIA,KING BAY,N/A,N/A,N/A,N/A,173.46,N/A,2026-01-14
WESTERN AUSTRALIA,PERTH,149.39,161.23,N/A,175.63,152.71,N/A,2026-01-14
WESTERN AUSTRALIA,PORT HEDLAND,175.65,N/A,N/A,N/A,180.84,N/A,2026-01-14
NEW SOUTH WALES,NEWCASTLE,N/A,N/A,N/A,N/A,153.13,N/A,2026-01-13
NEW SOUTH WALES,SYDNEY,149.95,157.89,150.40,171.94,153.04,N/A,2026-01-13
NORTHERN TERRITORY,DARWIN,154.51,163.59,N/A,N/A,158.72,N/A,2026-01-13
QUEENSLAND,BRISBANE,148.20,156.06,149.38,170.32,151.78,160.64,2026-01-13
QUEENSLAND,CAIRNS,154.48,168.29,N/A,N/A,157.27,N/A,2026-01-13
QUEENSLAND,GLADSTONE,153.88,161.87,N/A,N/A,155.54,N/A,2026-01-13
QUEENSLAND,MACKAY,154.48,N/A,N/A,N/A,155.72,N/A,2026-01-13
QUEENSLAND,TOWNSVILLE,153.79,163.46,N/A,180.52,156.72,N/A,2026-01-13
QUEENSLAND,WEIPA,176.78,N/A,N/A,N/A,166.31,N/A,2026-01-13
SOUTH AUSTRALIA,ADELAIDE,149.31,158.52,151.12,173.72,153.58,N/A,2026-01-13
SOUTH AUSTRALIA,PORT LINCOLN,155.64,N/A,N/A,182.92,160.61,N/A,2026-01-13
TASMANIA,DEVONPORT,153.87,164.27,N/A,N/A,159.29,N/A,2026-01-13
TASMANIA,HOBART,153.96,164.33,N/A,180.24,158.63,N/A,2026-01-13
VICTORIA,GEELONG,147.37,155.21,N/A,169.79,152.09,N/A,2026-01-13
VICTORIA,MELBOURNE,147.37,155.21,148.56,169.79,152.09,N/A,2026-01-13
WESTERN AUSTRALIA,BROOME,191.73,201.40,N/A,N/A,183.30,N/A,2026-01-13
WESTERN AUSTRALIA,COCOS Island,N/A,366.25,N/A,N/A,203.73,N/A,2026-01-13
WESTERN AUSTRALIA,DAMPIER,N/A,N/A,N/A,N/A,173.39,N/A,2026-01-13
WESTERN AUSTRALIA,ESPERANCE,N/A,N/A,N/A,N/A,156.39,N/A,2026-01-13
WESTERN AUSTRALIA,KING BAY,N/A,N/A,N/A,N/A,173.39,N/A,2026-01-13
WESTERN AUSTRALIA,PERTH,149.27,161.26,N/A,175.66,152.65,N/A,2026-01-13
WESTERN AUSTRALIA,PORT HEDLAND,175.45,N/A,N/A,N/A,180.77,N/A,2026-01-13
NEW SOUTH WALES,NEWCASTLE,N/A,N/A,N/A,N/A,153.75,N/A,2026-01-10
NEW SOUTH WALES,SYDNEY,150.47,158.61,150.93,172.66,153.66,N/A,2026-01-10
NORTHERN TERRITORY,DARWIN,155.06,164.33,N/A,N/A,159.37,N/A,2026-01-10
QUEENSLAND,BRISBANE,148.73,156.77,149.91,171.04,152.42,161.24,2026-01-10
QUEENSLAND,CAIRNS,155.00,168.98,N/A,N/A,157.89,N/A,2026-01-10
QUEENSLAND,GLADSTONE,154.40,162.57,N/A,N/A,156.16,N/A,2026-01-10
QUEENSLAND,MACKAY,155.00,N/A,N/A,N/A,156.33,N/A,2026-01-10
QUEENSLAND,TOWNSVILLE,154.31,164.16,N/A,181.23,157.34,N/A,2026-01-10
QUEENSLAND,WEIPA,177.28,N/A,N/A,N/A,166.89,N/A,2026-01-10
SOUTH AUSTRALIA,ADELAIDE,149.83,159.23,151.64,174.44,154.20,N/A,2026-01-10
SOUTH AUSTRALIA,PORT LINCOLN,156.13,N/A,N/A,183.63,161.21,N/A,2026-01-10
TASMANIA,DEVONPORT,154.37,164.98,N/A,N/A,159.89,N/A,2026-01-10
TASMANIA,HOBART,154.46,165.03,N/A,180.94,159.23,N/A,2026-01-10
VICTORIA,GEELONG,147.88,155.93,N/A,170.50,152.70,N/A,2026-01-10
VICTORIA,MELBOURNE,147.88,155.93,149.08,170.50,152.70,N/A,2026-01-10
WESTERN AUSTRALIA,BROOME,191.92,201.78,N/A,N/A,183.89,N/A,2026-01-10
WESTERN AUSTRALIA,COCOS Island,N/A,366.91,N/A,N/A,204.32,N/A,2026-01-10
WESTERN AUSTRALIA,DAMPIER,N/A,N/A,N/A,N/A,174.04,N/A,2026-01-10
WESTERN AUSTRALIA,ESPERANCE,N/A,N/A,N/A,N/A,157.04,N/A,2026-01-10
WESTERN AUSTRALIA,KING BAY,N/A,N/A,N/A,N/A,174.04,N/A,2026-01-10
WESTERN AUSTRALIA,PERTH,149.81,161.99,N/A,176.39,153.30,N/A,2026-01-10
WESTERN AUSTRALIA,PORT HEDLAND,175.77,N/A,N/A,N/A,181.43,N/A,2026-01-10
NEW SOUTH WALES,NEWCASTLE,N/A,N/A,N/A,N/A,154.48,N/A,2026-01-09
NEW SOUTH WALES,SYDNEY,151.26,159.59,151.71,173.65,154.39,N/A,2026-01-09
NORTHERN TERRITORY,DARWIN,155.87,165.34,N/A,N/A,160.12,N/A,2026-01-09
QUEENSLAND,BRISBANE,149.52,157.76,150.70,172.04,153.15,161.94,2026-01-09
QUEENSLAND,CAIRNS,155.80,169.98,N/A,N/A,158.62,N/A,2026-01-09
QUEENSLAND,GLADSTONE,155.18,163.57,N/A,N/A,156.88,N/A,2026-01-09
QUEENSLAND,MACKAY,155.78,N/A,N/A,N/A,157.06,N/A,2026-01-09
QUEENSLAND,TOWNSVILLE,155.11,165.17,N/A,182.24,158.07,N/A,2026-01-09
QUEENSLAND,WEIPA,178.04,N/A,N/A,N/A,167.60,N/A,2026-01-09
SOUTH AUSTRALIA,ADELAIDE,150.62,160.23,152.44,175.45,154.92,N/A,2026-01-09
SOUTH AUSTRALIA,PORT LINCOLN,156.92,N/A,N/A,184.65,161.92,N/A,2026-01-09
TASMANIA,DEVONPORT,155.14,165.95,N/A,N/A,160.60,N/A,2026-01-09
TASMANIA,HOBART,155.23,166.00,N/A,181.92,159.94,N/A,2026-01-09
VICTORIA,GEELONG,148.68,156.92,N/A,171.50,153.44,N/A,2026-01-09
VICTORIA,MELBOURNE,148.68,156.92,149.88,171.50,153.44,N/A,2026-01-09
WESTERN AUSTRALIA,BROOME,192.53,202.62,N/A,N/A,184.59,N/A,2026-01-09
WESTERN AUSTRALIA,COCOS Island,N/A,367.83,N/A,N/A,205.01,N/A,2026-01-09
WESTERN AUSTRALIA,DAMPIER,N/A,N/A,N/A,N/A,174.80,N/A,2026-01-09
WESTERN AUSTRALIA,ESPERANCE,N/A,N/A,N/A,N/A,157.77,N/A,2026-01-09
WESTERN AUSTRALIA,KING BAY,N/A,N/A,N/A,N/A,174.80,N/A,2026-01-09
WESTERN AUSTRALIA,PERTH,150.61,163.00,N/A,177.41,154.06,N/A,2026-01-09
WESTERN AUSTRALIA,PORT HEDLAND,176.45,N/A,N/A,N/A,182.18,N/A,2026-01-09
NEW SOUTH WALES,NEWCASTLE,N/A,N/A,N/A,N/A,154.54,N/A,2026-01-08
NEW SOUTH WALES,SYDNEY,151.53,160.05,151.99,174.11,154.44,N/A,2026-01-08
NORTHERN TERRITORY,DARWIN,156.15,165.80,N/A,N/A,160.17,N/A,2026-01-08
QUEENSLAND,BRISBANE,149.79,158.24,150.99,172.51,153.21,162.00,2026-01-08
QUEENSLAND,CAIRNS,156.08,170.45,N/A,N/A,158.68,N/A,2026-01-08
QUEENSLAND,GLADSTONE,155.44,164.02,N/A,N/A,156.94,N/A,2026-01-08
QUEENSLAND,MACKAY,156.05,N/A,N/A,N/A,157.11,N/A,2026-01-08
QUEENSLAND,TOWNSVILLE,155.39,165.62,N/A,182.70,158.13,N/A,2026-01-08
QUEENSLAND,WEIPA,178.29,N/A,N/A,N/A,167.64,N/A,2026-01-08
SOUTH AUSTRALIA,ADELAIDE,150.89,160.69,152.70,175.90,154.98,N/A,2026-01-08
SOUTH AUSTRALIA,PORT LINCOLN,157.17,N/A,N/A,185.10,161.98,N/A,2026-01-08
TASMANIA,DEVONPORT,155.41,166.41,N/A,N/A,160.66,N/A,2026-01-08
TASMANIA,HOBART,155.50,166.46,N/A,182.38,160.00,N/A,2026-01-08
VICTORIA,GEELONG,148.95,157.38,N/A,171.96,153.49,N/A,2026-01-08
VICTORIA,MELBOURNE,148.95,157.38,150.14,171.96,153.49,N/A,2026-01-08
WESTERN AUSTRALIA,BROOME,192.71,202.98,N/A,N/A,184.62,N/A,2026-01-08
WESTERN AUSTRALIA,COCOS Island,N/A,368.25,N/A,N/A,205.06,N/A,2026-01-08
WESTERN AUSTRALIA,DAMPIER,N/A,N/A,N/A,N/A,174.87,N/A,2026-01-08
WESTERN AUSTRALIA,ESPERANCE,N/A,N/A,N/A,N/A,157.83,N/A,2026-01-08
WESTERN AUSTRALIA,KING BAY,N/A,N/A,N/A,N/A,174.87,N/A,2026-01-08
WESTERN AUSTRALIA,PERTH,150.90,163.46,N/A,177.88,154.11,N/A,2026-01-08
WESTERN AUSTRALIA,PORT HEDLAND,176.67,N/A,N/A,N/A,182.25,N/A,2026-01-08
NEW SOUTH WALES,NEWCASTLE,N/A,N/A,N/A,N/A,154.63,N/A,2026-01-07
NEW SOUTH WALES,SYDNEY,151.82,160.37,152.30,174.43,154.53,N/A,2026-01-07
NORTHERN TERRITORY,DARWIN,156.45,166.14,N/A,N/A,160.28,N/A,2026-01-07
QUEENSLAND,BRISBANE,150.08,158.55,151.29,172.83,153.30,162.10,2026-01-07
QUEENSLAND,CAIRNS,156.38,170.75,N/A,N/A,158.76,N/A,2026-01-07
QUEENSLAND,GLADSTONE,155.73,164.34,N/A,N/A,157.04,N/A,2026-01-07
QUEENSLAND,MACKAY,156.32,N/A,N/A,N/A,157.21,N/A,2026-01-07
QUEENSLAND,TOWNSVILLE,155.68,165.92,N/A,183.00,158.21,N/A,2026-01-07
QUEENSLAND,WEIPA,178.56,N/A,N/A,N/A,167.70,N/A,2026-01-07
SOUTH AUSTRALIA,ADELAIDE,151.17,161.00,153.00,176.21,155.07,N/A,2026-01-07
SOUTH AUSTRALIA,PORT LINCOLN,157.45,N/A,N/A,185.41,162.04,N/A,2026-01-07
TASMANIA,DEVONPORT,155.69,166.72,N/A,N/A,160.73,N/A,2026-01-07
TASMANIA,HOBART,155.78,166.77,N/A,182.69,160.07,N/A,2026-01-07
VICTORIA,GEELONG,149.25,157.70,N/A,172.28,153.59,N/A,2026-01-07
VICTORIA,MELBOURNE,149.25,157.70,150.45,172.28,153.59,N/A,2026-01-07
WESTERN AUSTRALIA,BROOME,192.78,203.07,N/A,N/A,184.69,N/A,2026-01-07
WESTERN AUSTRALIA,COCOS Island,N/A,368.57,N/A,N/A,205.15,N/A,2026-01-07
WESTERN AUSTRALIA,DAMPIER,N/A,N/A,N/A,N/A,174.97,N/A,2026-01-07
WESTERN AUSTRALIA,ESPERANCE,N/A,N/A,N/A,N/A,157.94,N/A,2026-01-07
WESTERN AUSTRALIA,KING BAY,N/A,N/A,N/A,N/A,174.97,N/A,2026-01-07
WESTERN AUSTRALIA,PERTH,151.21,163.81,N/A,178.22,154.22,N/A,2026-01-07
WESTERN AUSTRALIA,PORT HEDLAND,176.83,N/A,N/A,N/A,182.35,N/A,2026-01-07
NEW SOUTH WALES,NEWCASTLE,N/A,N/A,N/A,N/A,154.80,N/A,2026-01-06
NEW SOUTH WALES,SYDNEY,152.49,161.08,152.98,175.13,154.69,N/A,2026-01-06
NORTHERN TERRITORY,DARWIN,157.15,166.88,N/A,N/A,160.47,N/A,2026-01-06
QUEENSLAND,BRISBANE,150.77,159.28,151.98,173.55,153.47,162.29,2026-01-06
QUEENSLAND,CAIRNS,157.06,171.47,N/A,N/A,158.93,N/A,2026-01-06
QUEENSLAND,GLADSTONE,156.40,165.04,N/A,N/A,157.20,N/A,2026-01-06
QUEENSLAND,MACKAY,156.99,N/A,N/A,N/A,157.38,N/A,2026-01-06
QUEENSLAND,TOWNSVILLE,156.37,166.63,N/A,183.70,158.38,N/A,2026-01-06
QUEENSLAND,WEIPA,179.21,N/A,N/A,N/A,167.84,N/A,2026-01-06
SOUTH AUSTRALIA,ADELAIDE,151.86,161.73,153.68,176.94,155.23,N/A,2026-01-06
SOUTH AUSTRALIA,PORT LINCOLN,158.11,N/A,N/A,186.13,162.20,N/A,2026-01-06
TASMANIA,DEVONPORT,156.35,167.43,N/A,N/A,160.89,N/A,2026-01-06
TASMANIA,HOBART,156.44,167.49,N/A,183.38,160.23,N/A,2026-01-06
VICTORIA,GEELONG,149.92,158.41,N/A,172.99,153.76,N/A,2026-01-06
VICTORIA,MELBOURNE,149.92,158.41,151.13,172.99,153.76,N/A,2026-01-06
WESTERN AUSTRALIA,BROOME,193.27,203.61,N/A,N/A,184.83,N/A,2026-01-06
WESTERN AUSTRALIA,COCOS Island,N/A,369.24,N/A,N/A,205.32,N/A,2026-01-06
WESTERN AUSTRALIA,DAMPIER,N/A,N/A,N/A,N/A,175.15,N/A,2026-01-06
WESTERN AUSTRALIA,ESPERANCE,N/A,N/A,N/A,N/A,158.11,N/A,2026-01-06
WESTERN AUSTRALIA,KING BAY,N/A,N/A,N/A,N/A,175.15,N/A,2026-01-06
WESTERN AUSTRALIA,PERTH,151.90,164.55,N/A,178.95,154.41,N/A,2026-01-06
WESTERN AUSTRALIA,PORT HEDLAND,177.40,N/A,N/A,N/A,182.52,N/A,2026-01-06
NEW SOUTH WALES,NEWCASTLE,N/A,N/A,N/A,N/A,154.96,N/A,2026-01-03
NEW SOUTH WALES,SYDNEY,152.61,161.17,153.10,175.22,154.85,N/A,2026-01-03
NORTHERN TERRITORY,DARWIN,157.26,166.96,N/A,N/A,160.61,N/A,2026-01-03
QUEENSLAND,BRISBANE,150.89,159.37,152.10,173.64,153.63,162.45,2026-01-03
QUEENSLAND,CAIRNS,157.16,171.55,N/A,N/A,159.08,N/A,2026-01-03
QUEENSLAND,GLADSTONE,156.52,165.13,N/A,N/A,157.36,N/A,2026-01-03
QUEENSLAND,MACKAY,157.12,N/A,N/A,N/A,157.53,N/A,2026-01-03
QUEENSLAND,TOWNSVILLE,156.46,166.73,N/A,183.79,158.53,N/A,2026-01-03
QUEENSLAND,WEIPA,179.34,N/A,N/A,N/A,168.00,N/A,2026-01-03
SOUTH AUSTRALIA,ADELAIDE,151.98,161.82,153.80,177.02,155.39,N/A,2026-01-03
SOUTH AUSTRALIA,PORT LINCOLN,158.25,N/A,N/A,186.22,162.36,N/A,2026-01-03
TASMANIA,DEVONPORT,156.49,167.53,N/A,N/A,161.05,N/A,2026-01-03
TASMANIA,HOBART,156.57,167.59,N/A,183.48,160.39,N/A,2026-01-03
VICTORIA,GEELONG,150.04,158.50,N/A,173.07,153.91,N/A,2026-01-03
VICTORIA,MELBOURNE,150.04,158.50,151.26,173.07,153.91,N/A,2026-01-03
WESTERN AUSTRALIA,BROOME,193.48,203.78,N/A,N/A,185.01,N/A,2026-01-03
WESTERN AUSTRALIA,COCOS Island,N/A,369.31,N/A,N/A,205.45,N/A,2026-01-03
WESTERN AUSTRALIA,DAMPIER,N/A,N/A,N/A,N/A,175.30,N/A,2026-01-03
WESTERN AUSTRALIA,ESPERANCE,N/A,N/A,N/A,N/A,158.27,N/A,2026-01-03
WESTERN AUSTRALIA,KING BAY,N/A,N/A,N/A,N/A,175.30,N/A,2026-01-03
WESTERN AUSTRALIA,PERTH,152.01,164.63,N/A,179.03,154.55,N/A,2026-01-03
WESTERN AUSTRALIA,PORT HEDLAND,177.57,N/A,N/A,N/A,182.67,N/A,2026-01-03
NEW SOUTH WALES,NEWCASTLE,N/A,N/A,N/A,N/A,155.10,N/A,2026-01-02
NEW SOUTH WALES,SYDNEY,152.75,161.26,153.22,175.30,155.00,N/A,2026-01-02
NORTHERN TERRITORY,DARWIN,157.38,167.02,N/A,N/A,160.77,N/A,2026-01-02
QUEENSLAND,BRISBANE,151.02,159.46,152.21,173.71,153.78,162.58,2026-01-02
QUEENSLAND,CAIRNS,157.29,171.63,N/A,N/A,159.24,N/A,2026-01-02
QUEENSLAND,GLADSTONE,156.65,165.22,N/A,N/A,157.51,N/A,2026-01-02
QUEENSLAND,MACKAY,157.26,N/A,N/A,N/A,157.69,N/A,2026-01-02
QUEENSLAND,TOWNSVILLE,156.60,166.82,N/A,183.88,158.69,N/A,2026-01-02
QUEENSLAND,WEIPA,179.49,N/A,N/A,N/A,168.18,N/A,2026-01-02
SOUTH AUSTRALIA,ADELAIDE,152.10,161.89,153.92,177.10,155.54,N/A,2026-01-02
SOUTH AUSTRALIA,PORT LINCOLN,158.38,N/A,N/A,186.30,162.53,N/A,2026-01-02
TASMANIA,DEVONPORT,156.62,167.62,N/A,N/A,161.21,N/A,2026-01-02
TASMANIA,HOBART,156.71,167.67,N/A,183.56,160.55,N/A,2026-01-02
VICTORIA,GEELONG,150.17,158.59,N/A,173.15,154.07,N/A,2026-01-02
VICTORIA,MELBOURNE,150.17,158.59,151.38,173.15,154.07,N/A,2026-01-02
WESTERN AUSTRALIA,BROOME,193.71,203.96,N/A,N/A,185.17,N/A,2026-01-02
WESTERN AUSTRALIA,COCOS Island,N/A,369.37,N/A,N/A,205.59,N/A,2026-01-02
WESTERN AUSTRALIA,DAMPIER,N/A,N/A,N/A,N/A,175.44,N/A,2026-01-02
WESTERN AUSTRALIA,ESPERANCE,N/A,N/A,N/A,N/A,158.41,N/A,2026-01-02
WESTERN AUSTRALIA,KING BAY,N/A,N/A,N/A,N/A,175.44,N/A,2026-01-02
WESTERN AUSTRALIA,PERTH,152.13,164.69,N/A,179.09,154.70,N/A,2026-01-02
WESTERN AUSTRALIA,PORT HEDLAND,177.76,N/A,N/A,N/A,182.82,N/A,2026-01-02
NEW SOUTH WALES,NEWCASTLE,N/A,N/A,N/A,N/A,155.25,N/A,2026-01-01
NEW SOUTH WALES,SYDNEY,153.02,161.51,153.49,175.57,155.16,N/A,2026-01-01
NORTHERN TERRITORY,DARWIN,157.64,167.28,N/A,N/A,160.91,N/A,2026-01-01
QUEENSLAND,BRISBANE,151.28,159.70,152.49,173.98,153.92,162.72,2026-01-01
QUEENSLAND,CAIRNS,157.58,171.90,N/A,N/A,159.39,N/A,2026-01-01
QUEENSLAND,GLADSTONE,156.93,165.48,N/A,N/A,157.66,N/A,2026-01-01
QUEENSLAND,MACKAY,157.53,N/A,N/A,N/A,157.84,N/A,2026-01-01
QUEENSLAND,TOWNSVILLE,156.88,167.08,N/A,184.15,158.84,N/A,2026-01-01
QUEENSLAND,WEIPA,179.77,N/A,N/A,N/A,168.34,N/A,2026-01-01
SOUTH AUSTRALIA,ADELAIDE,152.37,162.15,154.20,177.36,155.69,N/A,2026-01-01
SOUTH AUSTRALIA,PORT LINCOLN,158.65,N/A,N/A,186.56,162.68,N/A,2026-01-01
TASMANIA,DEVONPORT,156.89,167.87,N/A,N/A,161.36,N/A,2026-01-01
TASMANIA,HOBART,156.98,167.93,N/A,183.83,160.70,N/A,2026-01-01
VICTORIA,GEELONG,150.45,158.84,N/A,173.43,154.21,N/A,2026-01-01
VICTORIA,MELBOURNE,150.45,158.84,151.66,173.43,154.21,N/A,2026-01-01
WESTERN AUSTRALIA,BROOME,194.07,204.30,N/A,N/A,185.34,N/A,2026-01-01
WESTERN AUSTRALIA,COCOS Island,N/A,369.60,N/A,N/A,205.72,N/A,2026-01-01
WESTERN AUSTRALIA,DAMPIER,N/A,N/A,N/A,N/A,175.58,N/A,2026-01-01
WESTERN AUSTRALIA,ESPERANCE,N/A,N/A,N/A,N/A,158.55,N/A,2026-01-01
WESTERN AUSTRALIA,KING BAY,N/A,N/A,N/A,N/A,175.58,N/A,2026-01-01
WESTERN AUSTRALIA,PERTH,152.39,164.95,N/A,179.36,154.85,N/A,2026-01-01
WESTERN AUSTRALIA,PORT HEDLAND,178.09,N/A,N/A,N/A,182.97,N/A,2026-01-01
NEW SOUTH WALES,NEWCASTLE,N/A,N/A,N/A,N/A,155.05,N/A,2025-12-31
NEW SOUTH WALES,SYDNEY,153.21,161.71,153.68,175.76,154.95,N/A,2025-12-31
NORTHERN TERRITORY,DARWIN,157.92,167.55,N/A,N/A,161.35,N/A,2025-12-31
QUEENSLAND,BRISBANE,151.48,159.90,152.68,174.17,153.76,162.56,2025-12-31
QUEENSLAND,CAIRNS,157.81,172.13,N/A,N/A,159.24,N/A,2025-12-31
QUEENSLAND,GLADSTONE,157.17,165.70,N/A,N/A,157.52,N/A,2025-12-31
QUEENSLAND,MACKAY,157.76,N/A,N/A,N/A,157.69,N/A,2025-12-31
QUEENSLAND,TOWNSVILLE,157.12,167.31,N/A,184.40,158.72,N/A,2025-12-31
QUEENSLAND,WEIPA,179.99,N/A,N/A,N/A,168.22,N/A,2025-12-31
SOUTH AUSTRALIA,ADELAIDE,152.56,162.33,154.36,177.55,156.02,N/A,2025-12-31
SOUTH AUSTRALIA,PORT LINCOLN,158.82,N/A,N/A,186.73,162.97,N/A,2025-12-31
TASMANIA,DEVONPORT,157.01,167.99,N/A,N/A,161.61,N/A,2025-12-31
TASMANIA,HOBART,157.10,168.05,N/A,183.96,160.94,N/A,2025-12-31
VICTORIA,GEELONG,150.63,159.03,N/A,173.61,154.09,N/A,2025-12-31
VICTORIA,MELBOURNE,150.63,159.03,151.86,173.61,154.09,N/A,2025-12-31
WESTERN AUSTRALIA,BROOME,194.40,204.62,N/A,N/A,185.77,N/A,2025-12-31
WESTERN AUSTRALIA,COCOS Island,N/A,369.84,N/A,N/A,206.13,N/A,2025-12-31
WESTERN AUSTRALIA,DAMPIER,N/A,N/A,N/A,N/A,176.06,N/A,2025-12-31
WESTERN AUSTRALIA,ESPERANCE,N/A,N/A,N/A,N/A,158.85,N/A,2025-12-31
WESTERN AUSTRALIA,KING BAY,N/A,N/A,N/A,N/A,176.06,N/A,2025-12-31
WESTERN AUSTRALIA,PERTH,152.58,165.13,N/A,179.55,155.19,N/A,2025-12-31
WESTERN AUSTRALIA,PORT HEDLAND,178.44,N/A,N/A,N/A,183.46,N/A,2025-12-31
NEW SOUTH WALES,NEWCASTLE,N/A,N/A,N/A,N/A,154.98,N/A,2025-12-30
NEW SOUTH WALES,SYDNEY,153.27,161.72,153.75,175.79,154.88,N/A,2025-12-30
NORTHERN TERRITORY,DARWIN,157.98,167.55,N/A,N/A,161.27,N/A,2025-12-30
QUEENSLAND,BRISBANE,151.55,159.91,152.75,174.21,153.69,162.48,2025-12-30
QUEENSLAND,CAIRNS,157.88,172.16,N/A,N/A,159.17,N/A,2025-12-30
QUEENSLAND,GLADSTONE,157.26,165.74,N/A,N/A,157.45,N/A,2025-12-30
QUEENSLAND,MACKAY,157.84,N/A,N/A,N/A,157.62,N/A,2025-12-30
QUEENSLAND,TOWNSVILLE,157.20,167.33,N/A,184.45,158.65,N/A,2025-12-30
QUEENSLAND,WEIPA,180.09,N/A,N/A,N/A,168.17,N/A,2025-12-30
SOUTH AUSTRALIA,ADELAIDE,152.64,162.35,154.43,177.60,155.97,N/A,2025-12-30
SOUTH AUSTRALIA,PORT LINCOLN,158.90,N/A,N/A,186.77,162.91,N/A,2025-12-30
TASMANIA,DEVONPORT,157.09,168.01,N/A,N/A,161.56,N/A,2025-12-30
TASMANIA,HOBART,157.18,168.07,N/A,184.01,160.89,N/A,2025-12-30
VICTORIA,GEELONG,150.70,159.04,N/A,173.65,154.02,N/A,2025-12-30
VICTORIA,MELBOURNE,150.70,159.04,151.91,173.65,154.02,N/A,2025-12-30
WESTERN AUSTRALIA,BROOME,194.58,204.75,N/A,N/A,185.72,N/A,2025-12-30
WESTERN AUSTRALIA,COCOS Island,N/A,369.84,N/A,N/A,206.07,N/A,2025-12-30
WESTERN AUSTRALIA,DAMPIER,N/A,N/A,N/A,N/A,175.98,N/A,2025-12-30
WESTERN AUSTRALIA,ESPERANCE,N/A,N/A,N/A,N/A,158.77,N/A,2025-12-30
WESTERN AUSTRALIA,KING BAY,N/A,N/A,N/A,N/A,175.98,N/A,2025-12-30
WESTERN AUSTRALIA,PERTH,152.65,165.13,N/A,179.58,155.12,N/A,2025-12-30
WESTERN AUSTRALIA,PORT HEDLAND,178.57,N/A,N/A,N/A,183.39,N/A,2025-12-30
NEW SOUTH WALES,NEWCASTLE,N/A,N/A,N/A,N/A,155.11,N/A,2025-12-27
NEW SOUTH WALES,SYDNEY,153.62,162.07,154.08,176.18,155.02,N/A,2025-12-27
NORTHERN TERRITORY,DARWIN,158.30,167.90,N/A,N/A,161.39,N/A,2025-12-27
QUEENSLAND,BRISBANE,151.88,160.25,153.07,174.58,153.82,162.61,2025-12-27
QUEENSLAND,CAIRNS,158.21,172.52,N/A,N/A,159.31,N/A,2025-12-27
QUEENSLAND,GLADSTONE,157.61,166.10,N/A,N/A,157.59,N/A,2025-12-27
QUEENSLAND,MACKAY,158.20,N/A,N/A,N/A,157.75,N/A,2025-12-27
QUEENSLAND,TOWNSVILLE,157.53,167.71,N/A,184.86,158.80,N/A,2025-12-27
QUEENSLAND,WEIPA,180.43,N/A,N/A,N/A,168.33,N/A,2025-12-27
SOUTH AUSTRALIA,ADELAIDE,152.97,162.70,154.77,177.98,156.11,N/A,2025-12-27
SOUTH AUSTRALIA,PORT LINCOLN,159.24,N/A,N/A,187.15,163.05,N/A,2025-12-27
TASMANIA,DEVONPORT,157.43,168.37,N/A,N/A,161.70,N/A,2025-12-27
TASMANIA,HOBART,157.52,168.42,N/A,184.39,161.03,N/A,2025-12-27
VICTORIA,GEELONG,151.04,159.40,N/A,174.03,154.15,N/A,2025-12-27
VICTORIA,MELBOURNE,151.04,159.40,152.24,174.03,154.15,N/A,2025-12-27
WESTERN AUSTRALIA,BROOME,195.12,205.33,N/A,N/A,185.88,N/A,2025-12-27
WESTERN AUSTRALIA,COCOS Island,N/A,370.15,N/A,N/A,206.18,N/A,2025-12-27
WESTERN AUSTRALIA,DAMPIER,N/A,N/A,N/A,N/A,176.09,N/A,2025-12-27
WESTERN AUSTRALIA,ESPERANCE,N/A,N/A,N/A,N/A,158.91,N/A,2025-12-27
WESTERN AUSTRALIA,KING BAY,N/A,N/A,N/A,N/A,176.09,N/A,2025-12-27
WESTERN AUSTRALIA,PERTH,152.96,165.47,N/A,179.93,155.24,N/A,2025-12-27
WESTERN AUSTRALIA,PORT HEDLAND,179.03,N/A,N/A,N/A,183.51,N/A,2025-12-27
NEW SOUTH WALES,NEWCASTLE,N/A,N/A,N/A,N/A,155.05,N/A,2025-12-26
NEW SOUTH WALES,SYDNEY,153.90,162.40,154.37,176.53,154.95,N/A,2025-12-26
NORTHERN TERRITORY,DARWIN,158.58,168.21,N/A,N/A,161.30,N/A,2025-12-26
QUEENSLAND,BRISBANE,152.17,160.58,153.34,174.92,153.75,162.54,2025-12-26
QUEENSLAND,CAIRNS,158.51,172.89,N/A,N/A,159.24,N/A,2025-12-26
QUEENSLAND,GLADSTONE,157.91,166.46,N/A,N/A,157.51,N/A,2025-12-26
QUEENSLAND,MACKAY,158.50,N/A,N/A,N/A,157.67,N/A,2025-12-26
QUEENSLAND,TOWNSVILLE,157.83,168.07,N/A,185.22,158.72,N/A,2025-12-26
QUEENSLAND,WEIPA,180.76,N/A,N/A,N/A,168.30,N/A,2025-12-26
SOUTH AUSTRALIA,ADELAIDE,153.25,163.04,155.06,178.33,156.05,N/A,2025-12-26
SOUTH AUSTRALIA,PORT LINCOLN,159.54,N/A,N/A,187.51,163.00,N/A,2025-12-26
TASMANIA,DEVONPORT,157.74,168.72,N/A,N/A,161.65,N/A,2025-12-26
TASMANIA,HOBART,157.83,168.77,N/A,184.76,160.97,N/A,2025-12-26
VICTORIA,GEELONG,151.33,159.73,N/A,174.37,154.08,N/A,2025-12-26
VICTORIA,MELBOURNE,151.33,159.73,152.52,174.37,154.08,N/A,2025-12-26
WESTERN AUSTRALIA,BROOME,195.64,205.90,N/A,N/A,185.85,N/A,2025-12-26
WESTERN AUSTRALIA,COCOS Island,N/A,370.44,N/A,N/A,206.10,N/A,2025-12-26
WESTERN AUSTRALIA,DAMPIER,N/A,N/A,N/A,N/A,176.01,N/A,2025-12-26
WESTERN AUSTRALIA,ESPERANCE,N/A,N/A,N/A,N/A,158.83,N/A,2025-12-26
WESTERN AUSTRALIA,KING BAY,N/A,N/A,N/A,N/A,176.01,N/A,2025-12-26
WESTERN AUSTRALIA,PERTH,153.23,165.79,N/A,180.27,155.16,N/A,2025-12-26
WESTERN AUSTRALIA,PORT HEDLAND,179.47,N/A,N/A,N/A,183.44,N/A,2025-12-26
NEW SOUTH WALES,NEWCASTLE,N/A,N/A,N/A,N/A,155.23,N/A,2025-12-25
NEW SOUTH WALES,SYDNEY,154.30,162.88,154.75,177.00,155.14,N/A,2025-12-25
NORTHERN TERRITORY,DARWIN,158.95,168.65,N/A,N/A,161.48,N/A,2025-12-25
QUEENSLAND,BRISBANE,152.55,161.03,153.71,175.37,153.93,162.71,2025-12-25
QUEENSLAND,CAIRNS,158.91,173.35,N/A,N/A,159.43,N/A,2025-12-25
QUEENSLAND,GLADSTONE,158.30,166.93,N/A,N/A,157.70,N/A,2025-12-25
QUEENSLAND,MACKAY,158.91,N/A,N/A,N/A,157.86,N/A,2025-12-25
QUEENSLAND,TOWNSVILLE,158.22,168.54,N/A,185.70,158.92,N/A,2025-12-25
QUEENSLAND,WEIPA,181.18,N/A,N/A,N/A,168.54,N/A,2025-12-25
SOUTH AUSTRALIA,ADELAIDE,153.64,163.50,155.44,178.79,156.24,N/A,2025-12-25
SOUTH AUSTRALIA,PORT LINCOLN,159.95,N/A,N/A,187.97,163.22,N/A,2025-12-25
TASMANIA,DEVONPORT,158.14,169.19,N/A,N/A,161.87,N/A,2025-12-25
TASMANIA,HOBART,158.22,169.25,N/A,185.23,161.19,N/A,2025-12-25
VICTORIA,GEELONG,151.70,160.18,N/A,174.82,154.26,N/A,2025-12-25
VICTORIA,MELBOURNE,151.70,160.18,152.89,174.82,154.26,N/A,2025-12-25
WESTERN AUSTRALIA,BROOME,196.34,206.66,N/A,N/A,186.09,N/A,2025-12-25
WESTERN AUSTRALIA,COCOS Island,N/A,370.84,N/A,N/A,206.25,N/A,2025-12-25
WESTERN AUSTRALIA,DAMPIER,N/A,N/A,N/A,N/A,176.19,N/A,2025-12-25
WESTERN AUSTRALIA,ESPERANCE,N/A,N/A,N/A,N/A,159.01,N/A,2025-12-25
WESTERN AUSTRALIA,KING BAY,N/A,N/A,N/A,N/A,176.19,N/A,2025-12-25
WESTERN AUSTRALIA,PERTH,153.60,166.23,N/A,180.72,155.31,N/A,2025-12-25
WESTERN AUSTRALIA,PORT HEDLAND,180.03,N/A,N/A,N/A,183.61,N/A,2025-12-25
NEW SOUTH WALES,NEWCASTLE,N/A,N/A,N/A,N/A,155.74,N/A,2025-12-24
NEW SOUTH WALES,SYDNEY,155.12,163.77,155.58,177.90,155.65,N/A,2025-12-24
NORTHERN TERRITORY,DARWIN,159.76,169.53,N/A,N/A,161.95,N/A,2025-12-24
QUEENSLAND,BRISBANE,153.38,161.94,154.55,176.30,154.43,163.20,2025-12-24
QUEENSLAND,CAIRNS,159.74,174.26,N/A,N/A,159.94,N/A,2025-12-24
QUEENSLAND,GLADSTONE,159.14,167.85,N/A,N/A,158.21,N/A,2025-12-24
QUEENSLAND,MACKAY,159.74,N/A,N/A,N/A,158.38,N/A,2025-12-24
QUEENSLAND,TOWNSVILLE,159.06,169.47,N/A,186.62,159.42,N/A,2025-12-24
QUEENSLAND,WEIPA,182.06,N/A,N/A,N/A,169.08,N/A,2025-12-24
SOUTH AUSTRALIA,ADELAIDE,154.47,164.41,156.27,179.70,156.76,N/A,2025-12-24
SOUTH AUSTRALIA,PORT LINCOLN,160.80,N/A,N/A,188.87,163.75,N/A,2025-12-24
TASMANIA,DEVONPORT,158.98,170.10,N/A,N/A,162.38,N/A,2025-12-24
TASMANIA,HOBART,159.07,170.16,N/A,186.15,161.71,N/A,2025-12-24
VICTORIA,GEELONG,152.54,161.08,N/A,175.75,154.77,N/A,2025-12-24
VICTORIA,MELBOURNE,152.54,161.08,153.71,175.75,154.77,N/A,2025-12-24
WESTERN AUSTRALIA,BROOME,197.47,207.88,N/A,N/A,186.63,N/A,2025-12-24
WESTERN AUSTRALIA,COCOS Island,N/A,371.64,N/A,N/A,206.68,N/A,2025-12-24
WESTERN AUSTRALIA,DAMPIER,N/A,N/A,N/A,N/A,176.66,N/A,2025-12-24
WESTERN AUSTRALIA,ESPERANCE,N/A,N/A,N/A,N/A,159.49,N/A,2025-12-24
WESTERN AUSTRALIA,KING BAY,N/A,N/A,N/A,N/A,176.66,N/A,2025-12-24
WESTERN AUSTRALIA,PERTH,154.41,167.11,N/A,181.60,155.79,N/A,2025-12-24
WESTERN AUSTRALIA,PORT HEDLAND,181.05,N/A,N/A,N/A,184.09,N/A,2025-12-24
NEW SOUTH WALES,NEWCASTLE,N/A,N/A,N/A,N/A,156.50,N/A,2025-12-23
NEW SOUTH WALES,SYDNEY,156.26,164.85,156.71,178.97,156.42,N/A,2025-12-23
NORTHERN TERRITORY,DARWIN,160.86,170.59,N/A,N/A,162.69,N/A,2025-12-23
QUEENSLAND,BRISBANE,154.51,163.01,155.67,177.35,155.20,163.90,2025-12-23
QUEENSLAND,CAIRNS,160.86,175.35,N/A,N/A,160.70,N/A,2025-12-23
QUEENSLAND,GLADSTONE,160.28,168.93,N/A,N/A,158.97,N/A,2025-12-23
QUEENSLAND,MACKAY,160.89,N/A,N/A,N/A,159.14,N/A,2025-12-23
QUEENSLAND,TOWNSVILLE,160.18,170.54,N/A,187.68,160.18,N/A,2025-12-23
QUEENSLAND,WEIPA,183.23,N/A,N/A,N/A,169.88,N/A,2025-12-23
SOUTH AUSTRALIA,ADELAIDE,155.63,165.50,157.39,180.77,157.53,N/A,2025-12-23
SOUTH AUSTRALIA,PORT LINCOLN,161.95,N/A,N/A,189.95,164.55,N/A,2025-12-23
TASMANIA,DEVONPORT,160.13,171.19,N/A,N/A,163.17,N/A,2025-12-23
TASMANIA,HOBART,160.22,171.25,N/A,187.23,162.50,N/A,2025-12-23
VICTORIA,GEELONG,153.66,162.15,N/A,176.80,155.53,N/A,2025-12-23
VICTORIA,MELBOURNE,153.66,162.15,154.84,176.80,155.53,N/A,2025-12-23
WESTERN AUSTRALIA,BROOME,198.95,209.30,N/A,N/A,187.44,N/A,2025-12-23
WESTERN AUSTRALIA,COCOS Island,N/A,372.60,N/A,N/A,207.35,N/A,2025-12-23
WESTERN AUSTRALIA,DAMPIER,N/A,N/A,N/A,N/A,177.39,N/A,2025-12-23
WESTERN AUSTRALIA,ESPERANCE,N/A,N/A,N/A,N/A,160.23,N/A,2025-12-23
WESTERN AUSTRALIA,KING BAY,N/A,N/A,N/A,N/A,177.39,N/A,2025-12-23
WESTERN AUSTRALIA,PERTH,155.53,168.17,N/A,182.64,156.53,N/A,2025-12-23
WESTERN AUSTRALIA,PORT HEDLAND,182.39,N/A,N/A,N/A,184.83,N/A,2025-12-23
NEW SOUTH WALES,NEWCASTLE,N/A,N/A,N/A,N/A,156.94,N/A,2025-12-20
NEW SOUTH WALES,SYDNEY,157.25,165.76,157.69,179.87,156.86,N/A,2025-12-20
NORTHERN TERRITORY,DARWIN,161.83,171.48,N/A,N/A,163.11,N/A,2025-12-20
QUEENSLAND,BRISBANE,155.50,163.91,156.65,178.24,155.64,164.32,2025-12-20
QUEENSLAND,CAIRNS,161.84,176.26,N/A,N/A,161.14,N/A,2025-12-20
QUEENSLAND,GLADSTONE,161.28,169.85,N/A,N/A,159.40,N/A,2025-12-20
QUEENSLAND,MACKAY,161.89,N/A,N/A,N/A,159.57,N/A,2025-12-20
QUEENSLAND,TOWNSVILLE,161.16,171.47,N/A,188.61,160.62,N/A,2025-12-20
QUEENSLAND,WEIPA,184.24,N/A,N/A,N/A,170.36,N/A,2025-12-20
SOUTH AUSTRALIA,ADELAIDE,156.60,166.40,158.39,181.67,157.97,N/A,2025-12-20
SOUTH AUSTRALIA,PORT LINCOLN,162.95,N/A,N/A,190.84,165.00,N/A,2025-12-20
TASMANIA,DEVONPORT,161.13,172.12,N/A,N/A,163.63,N/A,2025-12-20
TASMANIA,HOBART,161.22,172.17,N/A,188.14,162.95,N/A,2025-12-20
VICTORIA,GEELONG,154.65,163.06,N/A,177.71,155.96,N/A,2025-12-20
VICTORIA,MELBOURNE,154.65,163.06,155.82,177.71,155.96,N/A,2025-12-20
WESTERN AUSTRALIA,BROOME,200.13,210.40,N/A,N/A,187.90,N/A,2025-12-20
WESTERN AUSTRALIA,COCOS Island,N/A,373.41,N/A,N/A,207.73,N/A,2025-12-20
WESTERN AUSTRALIA,DAMPIER,N/A,N/A,N/A,N/A,177.80,N/A,2025-12-20
WESTERN AUSTRALIA,ESPERANCE,N/A,N/A,N/A,N/A,160.66,N/A,2025-12-20
WESTERN AUSTRALIA,KING BAY,N/A,N/A,N/A,N/A,177.80,N/A,2025-12-20
WESTERN AUSTRALIA,PERTH,156.49,169.06,N/A,183.52,156.95,N/A,2025-12-20
WESTERN AUSTRALIA,PORT HEDLAND,183.48,N/A,N/A,N/A,185.26,N/A,2025-12-20
NEW SOUTH WALES,NEWCASTLE,N/A,N/A,N/A,N/A,157.80,N/A,2025-12-19
NEW SOUTH WALES,SYDNEY,158.25,166.66,158.68,180.76,157.72,N/A,2025-12-19
NORTHERN TERRITORY,DARWIN,162.81,172.36,N/A,N/A,163.96,N/A,2025-12-19
QUEENSLAND,BRISBANE,156.49,164.81,157.64,179.14,156.49,165.13,2025-12-19
QUEENSLAND,CAIRNS,162.83,177.17,N/A,N/A,162.00,N/A,2025-12-19
QUEENSLAND,GLADSTONE,162.27,170.74,N/A,N/A,160.26,N/A,2025-12-19
QUEENSLAND,MACKAY,162.88,N/A,N/A,N/A,160.42,N/A,2025-12-19
QUEENSLAND,TOWNSVILLE,162.15,172.36,N/A,189.50,161.48,N/A,2025-12-19
QUEENSLAND,WEIPA,185.24,N/A,N/A,N/A,171.22,N/A,2025-12-19
SOUTH AUSTRALIA,ADELAIDE,157.60,167.29,159.37,182.56,158.82,N/A,2025-12-19
SOUTH AUSTRALIA,PORT LINCOLN,163.96,N/A,N/A,191.73,165.87,N/A,2025-12-19
TASMANIA,DEVONPORT,162.14,173.02,N/A,N/A,164.48,N/A,2025-12-19
TASMANIA,HOBART,162.23,173.07,N/A,189.04,163.81,N/A,2025-12-19
VICTORIA,GEELONG,155.64,163.96,N/A,178.59,156.82,N/A,2025-12-19
VICTORIA,MELBOURNE,155.64,163.96,156.81,178.59,156.82,N/A,2025-12-19
WESTERN AUSTRALIA,BROOME,201.28,211.44,N/A,N/A,188.78,N/A,2025-12-19
WESTERN AUSTRALIA,COCOS Island,N/A,374.21,N/A,N/A,208.49,N/A,2025-12-19
WESTERN AUSTRALIA,DAMPIER,N/A,N/A,N/A,N/A,178.64,N/A,2025-12-19
WESTERN AUSTRALIA,ESPERANCE,N/A,N/A,N/A,N/A,161.50,N/A,2025-12-19
WESTERN AUSTRALIA,KING BAY,N/A,N/A,N/A,N/A,178.64,N/A,2025-12-19
WESTERN AUSTRALIA,PERTH,157.48,169.94,N/A,184.39,157.80,N/A,2025-12-19
WESTERN AUSTRALIA,PORT HEDLAND,184.58,N/A,N/A,N/A,186.10,N/A,2025-12-19
NEW SOUTH WALES,NEWCASTLE,N/A,N/A,N/A,N/A,159.26,N/A,2025-12-18
NEW SOUTH WALES,SYDNEY,159.36,167.61,159.78,181.71,159.18,N/A,2025-12-18
NORTHERN TERRITORY,DARWIN,163.91,173.29,N/A,N/A,164.86,N/A,2025-12-18
QUEENSLAND,BRISBANE,157.59,165.76,158.74,180.08,157.94,166.55,2025-12-18
QUEENSLAND,CAIRNS,163.93,178.10,N/A,N/A,163.46,N/A,2025-12-18
QUEENSLAND,GLADSTONE,163.37,171.69,N/A,N/A,161.73,N/A,2025-12-18
QUEENSLAND,MACKAY,163.98,N/A,N/A,N/A,161.90,N/A,2025-12-18
QUEENSLAND,TOWNSVILLE,163.25,173.31,N/A,190.43,162.94,N/A,2025-12-18
QUEENSLAND,WEIPA,186.34,N/A,N/A,N/A,172.69,N/A,2025-12-18
SOUTH AUSTRALIA,ADELAIDE,158.69,168.23,160.46,183.50,159.74,N/A,2025-12-18
SOUTH AUSTRALIA,PORT LINCOLN,165.06,N/A,N/A,192.68,166.78,N/A,2025-12-18
TASMANIA,DEVONPORT,163.24,173.97,N/A,N/A,165.41,N/A,2025-12-18
TASMANIA,HOBART,163.33,174.02,N/A,189.98,164.74,N/A,2025-12-18
VICTORIA,GEELONG,156.75,164.90,N/A,179.53,158.29,N/A,2025-12-18
VICTORIA,MELBOURNE,156.75,164.90,157.89,179.53,158.29,N/A,2025-12-18
WESTERN AUSTRALIA,BROOME,202.42,212.44,N/A,N/A,189.70,N/A,2025-12-18
WESTERN AUSTRALIA,COCOS Island,N/A,375.06,N/A,N/A,209.32,N/A,2025-12-18
WESTERN AUSTRALIA,DAMPIER,N/A,N/A,N/A,N/A,179.54,N/A,2025-12-18
WESTERN AUSTRALIA,ESPERANCE,N/A,N/A,N/A,N/A,162.40,N/A,2025-12-18
WESTERN AUSTRALIA,KING BAY,N/A,N/A,N/A,N/A,179.54,N/A,2025-12-18
WESTERN AUSTRALIA,PERTH,158.57,170.87,N/A,185.34,158.71,N/A,2025-12-18
WESTERN AUSTRALIA,PORT HEDLAND,185.70,N/A,N/A,N/A,187.01,N/A,2025-12-18
NEW SOUTH WALES,NEWCASTLE,N/A,N/A,N/A,N/A,160.29,N/A,2025-12-17
NEW SOUTH WALES,SYDNEY,159.76,167.86,160.20,181.96,160.22,N/A,2025-12-17
NORTHERN TERRITORY,DARWIN,164.33,173.56,N/A,N/A,165.89,N/A,2025-12-17
QUEENSLAND,BRISBANE,158.00,166.02,159.16,180.35,158.98,167.53,2025-12-17
QUEENSLAND,CAIRNS,164.35,178.37,N/A,N/A,164.49,N/A,2025-12-17
QUEENSLAND,GLADSTONE,163.79,171.95,N/A,N/A,162.77,N/A,2025-12-17
QUEENSLAND,MACKAY,164.40,N/A,N/A,N/A,162.93,N/A,2025-12-17
QUEENSLAND,TOWNSVILLE,163.67,173.57,N/A,190.70,163.98,N/A,2025-12-17
QUEENSLAND,WEIPA,186.75,N/A,N/A,N/A,173.71,N/A,2025-12-17
SOUTH AUSTRALIA,ADELAIDE,159.12,168.50,160.88,183.77,160.78,N/A,2025-12-17
SOUTH AUSTRALIA,PORT LINCOLN,165.47,N/A,N/A,192.94,167.81,N/A,2025-12-17
TASMANIA,DEVONPORT,163.65,174.22,N/A,N/A,166.43,N/A,2025-12-17
TASMANIA,HOBART,163.74,174.27,N/A,190.23,165.76,N/A,2025-12-17
VICTORIA,GEELONG,157.17,165.17,N/A,179.80,159.32,N/A,2025-12-17
VICTORIA,MELBOURNE,157.17,165.17,158.32,179.80,159.32,N/A,2025-12-17
WESTERN AUSTRALIA,BROOME,202.79,212.65,N/A,N/A,190.72,N/A,2025-12-17
WESTERN AUSTRALIA,COCOS Island,N/A,375.31,N/A,N/A,210.27,N/A,2025-12-17
WESTERN AUSTRALIA,DAMPIER,N/A,N/A,N/A,N/A,180.58,N/A,2025-12-17
WESTERN AUSTRALIA,ESPERANCE,N/A,N/A,N/A,N/A,163.46,N/A,2025-12-17
WESTERN AUSTRALIA,KING BAY,N/A,N/A,N/A,N/A,180.58,N/A,2025-12-17
WESTERN AUSTRALIA,PERTH,158.99,171.15,N/A,185.61,159.74,N/A,2025-12-17
WESTERN AUSTRALIA,PORT HEDLAND,186.09,N/A,N/A,N/A,188.06,N/A,2025-12-17
NEW SOUTH WALES,NEWCASTLE,N/A,N/A,N/A,N/A,161.04,N/A,2025-12-16
NEW SOUTH WALES,SYDNEY,160.02,168.11,160.46,182.23,160.96,N/A,2025-12-16
NORTHERN TERRITORY,DARWIN,164.59,173.81,N/A,N/A,166.65,N/A,2025-12-16
QUEENSLAND,BRISBANE,158.26,166.28,159.41,180.61,159.73,168.25,2025-12-16
QUEENSLAND,CAIRNS,164.62,178.62,N/A,N/A,165.24,N/A,2025-12-16
QUEENSLAND,GLADSTONE,164.04,172.19,N/A,N/A,163.50,N/A,2025-12-16
QUEENSLAND,MACKAY,164.66,N/A,N/A,N/A,163.67,N/A,2025-12-16
QUEENSLAND,TOWNSVILLE,163.93,173.81,N/A,190.95,164.73,N/A,2025-12-16
QUEENSLAND,WEIPA,187.01,N/A,N/A,N/A,174.46,N/A,2025-12-16
SOUTH AUSTRALIA,ADELAIDE,159.37,168.75,161.14,184.03,161.52,N/A,2025-12-16
SOUTH AUSTRALIA,PORT LINCOLN,165.72,N/A,N/A,193.20,168.55,N/A,2025-12-16
TASMANIA,DEVONPORT,163.90,174.48,N/A,N/A,167.18,N/A,2025-12-16
TASMANIA,HOBART,163.99,174.54,N/A,190.50,166.51,N/A,2025-12-16
VICTORIA,GEELONG,157.41,165.41,N/A,180.05,160.06,N/A,2025-12-16
VICTORIA,MELBOURNE,157.41,165.41,158.57,180.05,160.06,N/A,2025-12-16
WESTERN AUSTRALIA,BROOME,203.04,212.88,N/A,N/A,191.47,N/A,2025-12-16
WESTERN AUSTRALIA,COCOS Island,N/A,375.53,N/A,N/A,210.95,N/A,2025-12-16
WESTERN AUSTRALIA,DAMPIER,N/A,N/A,N/A,N/A,181.35,N/A,2025-12-16
WESTERN AUSTRALIA,ESPERANCE,N/A,N/A,N/A,N/A,164.20,N/A,2025-12-16
WESTERN AUSTRALIA,KING BAY,N/A,N/A,N/A,N/A,181.35,N/A,2025-12-16
WESTERN AUSTRALIA,PERTH,159.24,171.39,N/A,185.86,160.50,N/A,2025-12-16
WESTERN AUSTRALIA,PORT HEDLAND,186.33,N/A,N/A,N/A,188.80,N/A,2025-12-16
NEW SOUTH WALES,NEWCASTLE,N/A,N/A,N/A,N/A,161.77,N/A,2025-12-13
NEW SOUTH WALES,SYDNEY,160.18,168.26,160.61,182.38,161.69,N/A,2025-12-13
NORTHERN TERRITORY,DARWIN,164.75,173.97,N/A,N/A,167.38,N/A,2025-12-13
QUEENSLAND,BRISBANE,158.41,166.41,159.57,180.75,160.46,168.95,2025-12-13
QUEENSLAND,CAIRNS,164.77,178.76,N/A,N/A,165.97,N/A,2025-12-13
QUEENSLAND,GLADSTONE,164.22,172.35,N/A,N/A,164.24,N/A,2025-12-13
QUEENSLAND,MACKAY,164.82,N/A,N/A,N/A,164.41,N/A,2025-12-13
QUEENSLAND,TOWNSVILLE,164.09,173.97,N/A,191.10,165.45,N/A,2025-12-13
QUEENSLAND,WEIPA,187.18,N/A,N/A,N/A,175.21,N/A,2025-12-13
SOUTH AUSTRALIA,ADELAIDE,159.53,168.89,161.29,184.17,162.25,N/A,2025-12-13
SOUTH AUSTRALIA,PORT LINCOLN,165.89,N/A,N/A,193.35,169.29,N/A,2025-12-13
TASMANIA,DEVONPORT,164.07,174.63,N/A,N/A,167.92,N/A,2025-12-13
TASMANIA,HOBART,164.15,174.68,N/A,190.65,167.24,N/A,2025-12-13
VICTORIA,GEELONG,157.58,165.55,N/A,180.20,160.80,N/A,2025-12-13
VICTORIA,MELBOURNE,157.58,165.55,158.73,180.20,160.80,N/A,2025-12-13
WESTERN AUSTRALIA,BROOME,203.27,213.10,N/A,N/A,192.20,N/A,2025-12-13
WESTERN AUSTRALIA,COCOS Island,N/A,375.66,N/A,N/A,211.61,N/A,2025-12-13
WESTERN AUSTRALIA,DAMPIER,N/A,N/A,N/A,N/A,182.07,N/A,2025-12-13
WESTERN AUSTRALIA,ESPERANCE,N/A,N/A,N/A,N/A,164.92,N/A,2025-12-13
WESTERN AUSTRALIA,KING BAY,N/A,N/A,N/A,N/A,182.07,N/A,2025-12-13
WESTERN AUSTRALIA,PERTH,159.40,171.53,N/A,186.00,161.23,N/A,2025-12-13
WESTERN AUSTRALIA,PORT HEDLAND,186.54,N/A,N/A,N/A,189.53,N/A,2025-12-13
NEW SOUTH WALES,NEWCASTLE,N/A,N/A,N/A,N/A,162.39,N/A,2025-12-12
NEW SOUTH WALES,SYDNEY,160.66,168.71,161.08,182.84,162.32,N/A,2025-12-12
NORTHERN TERRITORY,DARWIN,165.21,174.41,N/A,N/A,167.99,N/A,2025-12-12
QUEENSLAND,BRISBANE,158.90,166.86,160.04,181.21,161.07,169.53,2025-12-12
QUEENSLAND,CAIRNS,165.24,179.22,N/A,N/A,166.58,N/A,2025-12-12
QUEENSLAND,GLADSTONE,164.69,172.81,N/A,N/A,164.86,N/A,2025-12-12
QUEENSLAND,MACKAY,165.30,N/A,N/A,N/A,165.02,N/A,2025-12-12
QUEENSLAND,TOWNSVILLE,164.56,174.43,N/A,191.59,166.07,N/A,2025-12-12
QUEENSLAND,WEIPA,187.66,N/A,N/A,N/A,175.85,N/A,2025-12-12
SOUTH AUSTRALIA,ADELAIDE,160.00,169.35,161.77,184.64,162.89,N/A,2025-12-12
SOUTH AUSTRALIA,PORT LINCOLN,166.36,N/A,N/A,193.81,169.92,N/A,2025-12-12
TASMANIA,DEVONPORT,164.54,175.08,N/A,N/A,168.53,N/A,2025-12-12
TASMANIA,HOBART,164.63,175.13,N/A,191.11,167.86,N/A,2025-12-12
VICTORIA,GEELONG,158.04,165.99,N/A,180.65,161.40,N/A,2025-12-12
VICTORIA,MELBOURNE,158.04,165.99,159.20,180.65,161.40,N/A,2025-12-12
WESTERN AUSTRALIA,BROOME,203.84,213.66,N/A,N/A,192.84,N/A,2025-12-12
WESTERN AUSTRALIA,COCOS Island,N/A,376.07,N/A,N/A,212.16,N/A,2025-12-12
WESTERN AUSTRALIA,DAMPIER,N/A,N/A,N/A,N/A,182.68,N/A,2025-12-12
WESTERN AUSTRALIA,ESPERANCE,N/A,N/A,N/A,N/A,165.54,N/A,2025-12-12
WESTERN AUSTRALIA,KING BAY,N/A,N/A,N/A,N/A,182.68,N/A,2025-12-12
WESTERN AUSTRALIA,PERTH,159.86,171.99,N/A,186.47,161.83,N/A,2025-12-12
WESTERN AUSTRALIA,PORT HEDLAND,187.07,N/A,N/A,N/A,190.14,N/A,2025-12-12
NEW SOUTH WALES,NEWCASTLE,N/A,N/A,N/A,N/A,163.24,N/A,2025-12-11
NEW SOUTH WALES,SYDNEY,161.65,169.73,162.05,183.87,163.16,N/A,2025-12-11
NORTHERN TERRITORY,DARWIN,166.17,175.36,N/A,N/A,168.82,N/A,2025-12-11
QUEENSLAND,BRISBANE,159.86,167.85,161.02,182.23,161.93,170.32,2025-12-11
QUEENSLAND,CAIRNS,166.24,180.25,N/A,N/A,167.44,N/A,2025-12-11
QUEENSLAND,GLADSTONE,165.69,173.83,N/A,N/A,165.70,N/A,2025-12-11
QUEENSLAND,MACKAY,166.30,N/A,N/A,N/A,165.87,N/A,2025-12-11
QUEENSLAND,TOWNSVILLE,165.56,175.45,N/A,192.62,166.93,N/A,2025-12-11
QUEENSLAND,WEIPA,188.67,N/A,N/A,N/A,176.75,N/A,2025-12-11
SOUTH AUSTRALIA,ADELAIDE,160.97,170.35,162.75,185.66,163.74,N/A,2025-12-11
SOUTH AUSTRALIA,PORT LINCOLN,167.37,N/A,N/A,194.83,170.80,N/A,2025-12-11
TASMANIA,DEVONPORT,165.53,176.09,N/A,N/A,169.41,N/A,2025-12-11
TASMANIA,HOBART,165.62,176.14,N/A,192.15,168.74,N/A,2025-12-11
VICTORIA,GEELONG,159.02,167.00,N/A,181.67,162.25,N/A,2025-12-11
VICTORIA,MELBOURNE,159.02,167.00,160.17,181.67,162.25,N/A,2025-12-11
WESTERN AUSTRALIA,BROOME,205.13,214.96,N/A,N/A,193.74,N/A,2025-12-11
WESTERN AUSTRALIA,COCOS Island,N/A,376.95,N/A,N/A,212.93,N/A,2025-12-11
WESTERN AUSTRALIA,DAMPIER,N/A,N/A,N/A,N/A,183.51,N/A,2025-12-11
WESTERN AUSTRALIA,ESPERANCE,N/A,N/A,N/A,N/A,166.38,N/A,2025-12-11
WESTERN AUSTRALIA,KING BAY,N/A,N/A,N/A,N/A,183.51,N/A,2025-12-11
WESTERN AUSTRALIA,PERTH,160.83,172.95,N/A,187.45,162.67,N/A,2025-12-11
WESTERN AUSTRALIA,PORT HEDLAND,188.24,N/A,N/A,N/A,190.99,N/A,2025-12-11
NEW SOUTH WALES,NEWCASTLE,N/A,N/A,N/A,N/A,163.75,N/A,2025-12-10
NEW SOUTH WALES,SYDNEY,162.31,170.47,162.72,184.64,163.67,N/A,2025-12-10
NORTHERN TERRITORY,DARWIN,166.85,176.12,N/A,N/A,169.33,N/A,2025-12-10
QUEENSLAND,BRISBANE,160.53,168.61,161.68,183.00,162.44,170.82,2025-12-10
QUEENSLAND,CAIRNS,166.91,180.99,N/A,N/A,167.96,N/A,2025-12-10
QUEENSLAND,GLADSTONE,166.36,174.58,N/A,N/A,166.21,N/A,2025-12-10
QUEENSLAND,MACKAY,166.97,N/A,N/A,N/A,166.38,N/A,2025-12-10
QUEENSLAND,TOWNSVILLE,166.23,176.20,N/A,193.39,167.44,N/A,2025-12-10
QUEENSLAND,WEIPA,189.35,N/A,N/A,N/A,177.25,N/A,2025-12-10
SOUTH AUSTRALIA,ADELAIDE,161.66,171.11,163.42,186.43,164.24,N/A,2025-12-10
SOUTH AUSTRALIA,PORT LINCOLN,168.03,N/A,N/A,195.60,171.31,N/A,2025-12-10
TASMANIA,DEVONPORT,166.19,176.83,N/A,N/A,169.92,N/A,2025-12-10
TASMANIA,HOBART,166.28,176.88,N/A,192.91,169.25,N/A,2025-12-10
VICTORIA,GEELONG,159.68,167.74,N/A,182.42,162.77,N/A,2025-12-10
VICTORIA,MELBOURNE,159.68,167.74,160.83,182.42,162.77,N/A,2025-12-10
WESTERN AUSTRALIA,BROOME,205.77,215.70,N/A,N/A,194.25,N/A,2025-12-10
WESTERN AUSTRALIA,COCOS Island,N/A,377.64,N/A,N/A,213.40,N/A,2025-12-10
WESTERN AUSTRALIA,DAMPIER,N/A,N/A,N/A,N/A,184.04,N/A,2025-12-10
WESTERN AUSTRALIA,ESPERANCE,N/A,N/A,N/A,N/A,166.89,N/A,2025-12-10
WESTERN AUSTRALIA,KING BAY,N/A,N/A,N/A,N/A,184.04,N/A,2025-12-10
WESTERN AUSTRALIA,PERTH,161.50,173.71,N/A,188.23,163.19,N/A,2025-12-10
WESTERN AUSTRALIA,PORT HEDLAND,188.90,N/A,N/A,N/A,191.50,N/A,2025-12-10
